timestamp,zone_id,hour,sin_hour,cos_hour,day_of_week,is_weekend,is_holiday,zone_capacity,zone_area,event_attendance_sum,event_count,hours_to_event_start,temp_c,rain_mm,footfall
2026-06-01T00:00:00+00:00,z1,0,0.0,1.0,0,0,0,400,500.0,0,0,42.0,23.2,0.0,26
2026-06-01T00:00:00+00:00,z2,0,0.0,1.0,0,0,0,600,450.0,0,0,24.0,23.2,0.0,88
2026-06-01T00:00:00+00:00,z3,0,0.0,1.0,0,0,0,900,1200.0,0,0,16.0,23.2,0.0,89
2026-06-01T00:00:00+00:00,z4,0,0.0,1.0,0,0,0,300,350.0,0,0,90.0,23.2,0.0,29
2026-06-01T01:00:00+00:00,z1,1,0.25881904510252074,0.9659258262890683,0,0,0,400,500.0,0,0,41.0,22.6,3.6,6
2026-06-01T01:00:00+00:00,z2,1,0.25881904510252074,0.9659258262890683,0,0,0,600,450.0,0,0,23.0,22.6,3.6,17
2026-06-01T01:00:00+00:00,z3,1,0.25881904510252074,0.9659258262890683,0,0,0,900,1200.0,0,0,15.0,22.6,3.6,67
2026-06-01T01:00:00+00:00,z4,1,0.25881904510252074,0.9659258262890683,0,0,0,300,350.0,0,0,89.0,22.6,3.6,16
2026-06-01T02:00:00+00:00,z1,2,0.49999999999999994,0.8660254037844387,0,0,0,400,500.0,0,0,40.0,20.0,16.6,5
2026-06-01T02:00:00+00:00,z2,2,0.49999999999999994,0.8660254037844387,0,0,0,600,450.0,0,0,22.0,20.0,16.6,25
2026-06-01T02:00:00+00:00,z3,2,0.49999999999999994,0.8660254037844387,0,0,0,900,1200.0,0,0,14.0,20.0,16.6,8
2026-06-01T02:00:00+00:00,z4,2,0.49999999999999994,0.8660254037844387,0,0,0,300,350.0,0,0,88.0,20.0,16.6,6
2026-06-01T03:00:00+00:00,z1,3,0.7071067811865476,0.7071067811865476,0,0,0,400,500.0,0,0,39.0,18.2,0.0,14
2026-06-01T03:00:00+00:00,z2,3,0.7071067811865476,0.7071067811865476,0,0,0,600,450.0,0,0,21.0,18.2,0.0,0
2026-06-01T03:00:00+00:00,z3,3,0.7071067811865476,0.7071067811865476,0,0,0,900,1200.0,0,0,13.0,18.2,0.0,0
2026-06-01T03:00:00+00:00,z4,3,0.7071067811865476,0.7071067811865476,0,0,0,300,350.0,0,0,87.0,18.2,0.0,6
2026-06-01T04:00:00+00:00,z1,4,0.8660254037844386,0.5000000000000001,0,0,0,400,500.0,0,0,38.0,20.5,0.0,0
2026-06-01T04:00:00+00:00,z2,4,0.8660254037844386,0.5000000000000001,0,0,0,600,450.0,0,0,20.0,20.5,0.0,19
2026-06-01T04:00:00+00:00,z3,4,0.8660254037844386,0.5000000000000001,0,0,0,900,1200.0,0,0,12.0,20.5,0.0,17
2026-06-01T04:00:00+00:00,z4,4,0.8660254037844386,0.5000000000000001,0,0,0,300,350.0,0,0,86.0,20.5,0.0,0
2026-06-01T05:00:00+00:00,z1,5,0.9659258262890683,0.25881904510252074,0,0,0,400,500.0,0,0,37.0,20.0,0.0,27
2026-06-01T05:00:00+00:00,z2,5,0.9659258262890683,0.25881904510252074,0,0,0,600,450.0,0,0,19.0,20.0,0.0,16
2026-06-01T05:00:00+00:00,z3,5,0.9659258262890683,0.25881904510252074,0,0,0,900,1200.0,0,0,11.0,20.0,0.0,27
2026-06-01T05:00:00+00:00,z4,5,0.9659258262890683,0.25881904510252074,0,0,0,300,350.0,0,0,85.0,20.0,0.0,0
2026-06-01T06:00:00+00:00,z1,6,1.0,6.123233995736766e-17,0,0,0,400,500.0,0,0,36.0,20.4,0.0,13
2026-06-01T06:00:00+00:00,z2,6,1.0,6.123233995736766e-17,0,0,0,600,450.0,0,0,18.0,20.4,0.0,92
2026-06-01T06:00:00+00:00,z3,6,1.0,6.123233995736766e-17,0,0,0,900,1200.0,0,0,10.0,20.4,0.0,41
2026-06-01T06:00:00+00:00,z4,6,1.0,6.123233995736766e-17,0,0,0,300,350.0,0,0,84.0,20.4,0.0,18
2026-06-01T07:00:00+00:00,z1,7,0.9659258262890683,-0.25881904510252063,0,0,0,400,500.0,0,0,35.0,25.6,0.0,13
2026-06-01T07:00:00+00:00,z2,7,0.9659258262890683,-0.25881904510252063,0,0,0,600,450.0,0,0,17.0,25.6,0.0,85
2026-06-01T07:00:00+00:00,z3,7,0.9659258262890683,-0.25881904510252063,0,0,0,900,1200.0,0,0,9.0,25.6,0.0,56
2026-06-01T07:00:00+00:00,z4,7,0.9659258262890683,-0.25881904510252063,0,0,0,300,350.0,0,0,83.0,25.6,0.0,32
2026-06-01T08:00:00+00:00,z1,8,0.8660254037844387,-0.4999999999999998,0,0,0,400,500.0,0,0,34.0,24.6,0.0,20
2026-06-01T08:00:00+00:00,z2,8,0.8660254037844387,-0.4999999999999998,0,0,0,600,450.0,0,0,16.0,24.6,0.0,401
2026-06-01T08:00:00+00:00,z3,8,0.8660254037844387,-0.4999999999999998,0,0,0,900,1200.0,0,0,8.0,24.6,0.0,94
2026-06-01T08:00:00+00:00,z4,8,0.8660254037844387,-0.4999999999999998,0,0,0,300,350.0,0,0,82.0,24.6,0.0,4
2026-06-01T09:00:00+00:00,z1,9,0.7071067811865476,-0.7071067811865475,0,0,0,400,500.0,0,0,33.0,27.4,0.0,203
2026-06-01T09:00:00+00:00,z2,9,0.7071067811865476,-0.7071067811865475,0,0,0,600,450.0,0,0,15.0,27.4,0.0,475
2026-06-01T09:00:00+00:00,z3,9,0.7071067811865476,-0.7071067811865475,0,0,0,900,1200.0,0,0,7.0,27.4,0.0,36
2026-06-01T09:00:00+00:00,z4,9,0.7071067811865476,-0.7071067811865475,0,0,0,300,350.0,0,0,81.0,27.4,0.0,17
2026-06-01T10:00:00+00:00,z1,10,0.49999999999999994,-0.8660254037844387,0,0,0,400,500.0,0,0,32.0,30.6,0.0,227
2026-06-01T10:00:00+00:00,z2,10,0.49999999999999994,-0.8660254037844387,0,0,0,600,450.0,0,0,14.0,30.6,0.0,423
2026-06-01T10:00:00+00:00,z3,10,0.49999999999999994,-0.8660254037844387,0,0,0,900,1200.0,0,0,6.0,30.6,0.0,69
2026-06-01T10:00:00+00:00,z4,10,0.49999999999999994,-0.8660254037844387,0,0,0,300,350.0,0,0,80.0,30.6,0.0,12
2026-06-01T11:00:00+00:00,z1,11,0.258819045102521,-0.9659258262890682,0,0,0,400,500.0,0,0,31.0,31.0,0.0,218
2026-06-01T11:00:00+00:00,z2,11,0.258819045102521,-0.9659258262890682,0,0,0,600,450.0,0,0,13.0,31.0,0.0,179
2026-06-01T11:00:00+00:00,z3,11,0.258819045102521,-0.9659258262890682,0,0,0,900,1200.0,0,0,5.0,31.0,0.0,60
2026-06-01T11:00:00+00:00,z4,11,0.258819045102521,-0.9659258262890682,0,0,0,300,350.0,0,0,79.0,31.0,0.0,25
2026-06-01T12:00:00+00:00,z1,12,1.2246467991473532e-16,-1.0,0,0,0,400,500.0,0,0,30.0,33.2,0.0,253
2026-06-01T12:00:00+00:00,z2,12,1.2246467991473532e-16,-1.0,0,0,0,600,450.0,0,0,12.0,33.2,0.0,162
2026-06-01T12:00:00+00:00,z3,12,1.2246467991473532e-16,-1.0,0,0,0,900,1200.0,0,0,4.0,33.2,0.0,240
2026-06-01T12:00:00+00:00,z4,12,1.2246467991473532e-16,-1.0,0,0,0,300,350.0,0,0,78.0,33.2,0.0,222
2026-06-01T13:00:00+00:00,z1,13,-0.2588190451025208,-0.9659258262890683,0,0,0,400,500.0,0,0,29.0,35.2,0.0,249
2026-06-01T13:00:00+00:00,z2,13,-0.2588190451025208,-0.9659258262890683,0,0,0,600,450.0,0,0,11.0,35.2,0.0,209
2026-06-01T13:00:00+00:00,z3,13,-0.2588190451025208,-0.9659258262890683,0,0,0,900,1200.0,0,0,3.0,35.2,0.0,296
2026-06-01T13:00:00+00:00,z4,13,-0.2588190451025208,-0.9659258262890683,0,0,0,300,350.0,0,0,77.0,35.2,0.0,263
2026-06-01T14:00:00+00:00,z1,14,-0.4999999999999997,-0.8660254037844388,0,0,0,400,500.0,0,0,28.0,36.4,0.0,250
2026-06-01T14:00:00+00:00,z2,14,-0.4999999999999997,-0.8660254037844388,0,0,0,600,450.0,0,0,10.0,36.4,0.0,208
2026-06-01T14:00:00+00:00,z3,14,-0.4999999999999997,-0.8660254037844388,0,0,0,900,1200.0,0,0,2.0,36.4,0.0,251
2026-06-01T14:00:00+00:00,z4,14,-0.4999999999999997,-0.8660254037844388,0,0,0,300,350.0,0,0,76.0,36.4,0.0,234
2026-06-01T15:00:00+00:00,z1,15,-0.7071067811865471,-0.7071067811865479,0,0,0,400,500.0,0,0,27.0,37.0,15.9,136
2026-06-01T15:00:00+00:00,z2,15,-0.7071067811865471,-0.7071067811865479,0,0,0,600,450.0,0,0,9.0,37.0,15.9,154
2026-06-01T15:00:00+00:00,z3,15,-0.7071067811865471,-0.7071067811865479,0,0,0,900,1200.0,0,0,1.0,37.0,15.9,169
2026-06-01T15:00:00+00:00,z4,15,-0.7071067811865471,-0.7071067811865479,0,0,0,300,350.0,0,0,75.0,37.0,15.9,39
2026-06-01T16:00:00+00:00,z1,16,-0.8660254037844385,-0.5000000000000004,0,0,0,400,500.0,0,0,26.0,36.9,0.0,258
2026-06-01T16:00:00+00:00,z2,16,-0.8660254037844385,-0.5000000000000004,0,0,0,600,450.0,0,0,8.0,36.9,0.0,226
2026-06-01T16:00:00+00:00,z3,16,-0.8660254037844385,-0.5000000000000004,0,0,0,900,1200.0,1083,1,2.0,36.9,0.0,614
2026-06-01T16:00:00+00:00,z4,16,-0.8660254037844385,-0.5000000000000004,0,0,0,300,350.0,0,0,74.0,36.9,0.0,84
2026-06-01T17:00:00+00:00,z1,17,-0.9659258262890683,-0.25881904510252063,0,0,0,400,500.0,0,0,25.0,35.6,0.0,240
2026-06-01T17:00:00+00:00,z2,17,-0.9659258262890683,-0.25881904510252063,0,0,0,600,450.0,0,0,7.0,35.6,0.0,438
2026-06-01T17:00:00+00:00,z3,17,-0.9659258262890683,-0.25881904510252063,0,0,0,900,1200.0,1083,1,1.0,35.6,0.0,1155
2026-06-01T17:00:00+00:00,z4,17,-0.9659258262890683,-0.25881904510252063,0,0,0,300,350.0,0,0,73.0,35.6,0.0,90
2026-06-01T18:00:00+00:00,z1,18,-1.0,-1.8369701987210297e-16,0,0,0,400,500.0,0,0,24.0,35.0,0.0,218
2026-06-01T18:00:00+00:00,z2,18,-1.0,-1.8369701987210297e-16,0,0,0,600,450.0,0,0,6.0,35.0,0.0,556
2026-06-01T18:00:00+00:00,z3,18,-1.0,-1.8369701987210297e-16,0,0,0,900,1200.0,2214,2,62.0,35.0,0.0,1208
2026-06-01T18:00:00+00:00,z4,18,-1.0,-1.8369701987210297e-16,0,0,0,300,350.0,0,0,72.0,35.0,0.0,89
2026-06-01T19:00:00+00:00,z1,19,-0.9659258262890684,0.2588190451025203,0,0,0,400,500.0,0,0,23.0,32.6,0.0,201
2026-06-01T19:00:00+00:00,z2,19,-0.9659258262890684,0.2588190451025203,0,0,0,600,450.0,0,0,5.0,32.6,0.0,523
2026-06-01T19:00:00+00:00,z3,19,-0.9659258262890684,0.2588190451025203,0,0,0,900,1200.0,1131,1,61.0,32.6,0.0,983
2026-06-01T19:00:00+00:00,z4,19,-0.9659258262890684,0.2588190451025203,0,0,0,300,350.0,0,0,71.0,32.6,0.0,222
2026-06-01T20:00:00+00:00,z1,20,-0.8660254037844386,0.5000000000000001,0,0,0,400,500.0,0,0,22.0,29.8,0.0,97
2026-06-01T20:00:00+00:00,z2,20,-0.8660254037844386,0.5000000000000001,0,0,0,600,450.0,0,0,4.0,29.8,0.0,456
2026-06-01T20:00:00+00:00,z3,20,-0.8660254037844386,0.5000000000000001,0,0,0,900,1200.0,1131,1,60.0,29.8,0.0,994
2026-06-01T20:00:00+00:00,z4,20,-0.8660254037844386,0.5000000000000001,0,0,0,300,350.0,0,0,70.0,29.8,0.0,265
2026-06-01T21:00:00+00:00,z1,21,-0.7071067811865477,0.7071067811865474,0,0,0,400,500.0,0,0,21.0,28.9,8.8,45
2026-06-01T21:00:00+00:00,z2,21,-0.7071067811865477,0.7071067811865474,0,0,0,600,450.0,0,0,3.0,28.9,8.8,58
2026-06-01T21:00:00+00:00,z3,21,-0.7071067811865477,0.7071067811865474,0,0,0,900,1200.0,1131,1,59.0,28.9,8.8,515
2026-06-01T21:00:00+00:00,z4,21,-0.7071067811865477,0.7071067811865474,0,0,0,300,350.0,0,0,69.0,28.9,8.8,183
2026-06-01T22:00:00+00:00,z1,22,-0.5000000000000004,0.8660254037844384,0,0,0,400,500.0,0,0,20.0,26.9,0.0,94
2026-06-01T22:00:00+00:00,z2,22,-0.5000000000000004,0.8660254037844384,0,0,0,600,450.0,0,0,2.0,26.9,0.0,99
2026-06-01T22:00:00+00:00,z3,22,-0.5000000000000004,0.8660254037844384,0,0,0,900,1200.0,1131,1,58.0,26.9,0.0,470
2026-06-01T22:00:00+00:00,z4,22,-0.5000000000000004,0.8660254037844384,0,0,0,300,350.0,0,0,68.0,26.9,0.0,24
2026-06-01T23:00:00+00:00,z1,23,-0.25881904510252157,0.9659258262890681,0,0,0,400,500.0,0,0,19.0,22.5,0.0,92
2026-06-01T23:00:00+00:00,z2,23,-0.25881904510252157,0.9659258262890681,0,0,0,600,450.0,0,0,1.0,22.5,0.0,184
2026-06-01T23:00:00+00:00,z3,23,-0.25881904510252157,0.9659258262890681,0,0,0,900,1200.0,0,0,57.0,22.5,0.0,61
2026-06-01T23:00:00+00:00,z4,23,-0.25881904510252157,0.9659258262890681,0,0,0,300,350.0,0,0,67.0,22.5,0.0,2
2026-06-02T00:00:00+00:00,z1,0,0.0,1.0,1,0,0,400,500.0,0,0,18.0,24.2,0.0,24
2026-06-02T00:00:00+00:00,z2,0,0.0,1.0,1,0,0,600,450.0,736,1,46.0,24.2,0.0,352
2026-06-02T00:00:00+00:00,z3,0,0.0,1.0,1,0,0,900,1200.0,0,0,56.0,24.2,0.0,72
2026-06-02T00:00:00+00:00,z4,0,0.0,1.0,1,0,0,300,350.0,0,0,66.0,24.2,0.0,13
2026-06-02T01:00:00+00:00,z1,1,0.25881904510252074,0.9659258262890683,1,0,0,400,500.0,0,0,17.0,22.7,0.0,0
2026-06-02T01:00:00+00:00,z2,1,0.25881904510252074,0.9659258262890683,1,0,0,600,450.0,736,1,45.0,22.7,0.0,277
2026-06-02T01:00:00+00:00,z3,1,0.25881904510252074,0.9659258262890683,1,0,0,900,1200.0,0,0,55.0,22.7,0.0,22
2026-06-02T01:00:00+00:00,z4,1,0.25881904510252074,0.9659258262890683,1,0,0,300,350.0,0,0,65.0,22.7,0.0,6
2026-06-02T02:00:00+00:00,z1,2,0.49999999999999994,0.8660254037844387,1,0,0,400,500.0,0,0,16.0,21.3,0.0,7
2026-06-02T02:00:00+00:00,z2,2,0.49999999999999994,0.8660254037844387,1,0,0,600,450.0,736,1,44.0,21.3,0.0,294
2026-06-02T02:00:00+00:00,z3,2,0.49999999999999994,0.8660254037844387,1,0,0,900,1200.0,0,0,54.0,21.3,0.0,73
2026-06-02T02:00:00+00:00,z4,2,0.49999999999999994,0.8660254037844387,1,0,0,300,350.0,0,0,64.0,21.3,0.0,16
2026-06-02T03:00:00+00:00,z1,3,0.7071067811865476,0.7071067811865476,1,0,0,400,500.0,0,0,15.0,21.4,0.0,23
2026-06-02T03:00:00+00:00,z2,3,0.7071067811865476,0.7071067811865476,1,0,0,600,450.0,736,1,43.0,21.4,0.0,286
2026-06-02T03:00:00+00:00,z3,3,0.7071067811865476,0.7071067811865476,1,0,0,900,1200.0,0,0,53.0,21.4,0.0,0
2026-06-02T03:00:00+00:00,z4,3,0.7071067811865476,0.7071067811865476,1,0,0,300,350.0,0,0,63.0,21.4,0.0,9
2026-06-02T04:00:00+00:00,z1,4,0.8660254037844386,0.5000000000000001,1,0,0,400,500.0,0,0,14.0,21.4,14.3,8
2026-06-02T04:00:00+00:00,z2,4,0.8660254037844386,0.5000000000000001,1,0,0,600,450.0,0,0,42.0,21.4,14.3,62
2026-06-02T04:00:00+00:00,z3,4,0.8660254037844386,0.5000000000000001,1,0,0,900,1200.0,0,0,52.0,21.4,14.3,15
2026-06-02T04:00:00+00:00,z4,4,0.8660254037844386,0.5000000000000001,1,0,0,300,350.0,0,0,62.0,21.4,14.3,11
2026-06-02T05:00:00+00:00,z1,5,0.9659258262890683,0.25881904510252074,1,0,0,400,500.0,0,0,13.0,22.4,0.0,9
2026-06-02T05:00:00+00:00,z2,5,0.9659258262890683,0.25881904510252074,1,0,0,600,450.0,0,0,41.0,22.4,0.0,0
2026-06-02T05:00:00+00:00,z3,5,0.9659258262890683,0.25881904510252074,1,0,0,900,1200.0,0,0,51.0,22.4,0.0,50
2026-06-02T05:00:00+00:00,z4,5,0.9659258262890683,0.25881904510252074,1,0,0,300,350.0,0,0,61.0,22.4,0.0,21
2026-06-02T06:00:00+00:00,z1,6,1.0,6.123233995736766e-17,1,0,0,400,500.0,0,0,12.0,22.6,0.0,29
2026-06-02T06:00:00+00:00,z2,6,1.0,6.123233995736766e-17,1,0,0,600,450.0,0,0,40.0,22.6,0.0,74
2026-06-02T06:00:00+00:00,z3,6,1.0,6.123233995736766e-17,1,0,0,900,1200.0,0,0,50.0,22.6,0.0,110
2026-06-02T06:00:00+00:00,z4,6,1.0,6.123233995736766e-17,1,0,0,300,350.0,0,0,60.0,22.6,0.0,2
2026-06-02T07:00:00+00:00,z1,7,0.9659258262890683,-0.25881904510252063,1,0,0,400,500.0,0,0,11.0,22.9,20.9,18
2026-06-02T07:00:00+00:00,z2,7,0.9659258262890683,-0.25881904510252063,1,0,0,600,450.0,0,0,39.0,22.9,20.9,107
2026-06-02T07:00:00+00:00,z3,7,0.9659258262890683,-0.25881904510252063,1,0,0,900,1200.0,0,0,49.0,22.9,20.9,13
2026-06-02T07:00:00+00:00,z4,7,0.9659258262890683,-0.25881904510252063,1,0,0,300,350.0,0,0,59.0,22.9,20.9,6
2026-06-02T08:00:00+00:00,z1,8,0.8660254037844387,-0.4999999999999998,1,0,0,400,500.0,0,0,10.0,27.6,0.0,21
2026-06-02T08:00:00+00:00,z2,8,0.8660254037844387,-0.4999999999999998,1,0,0,600,450.0,0,0,38.0,27.6,0.0,411
2026-06-02T08:00:00+00:00,z3,8,0.8660254037844387,-0.4999999999999998,1,0,0,900,1200.0,0,0,48.0,27.6,0.0,30
2026-06-02T08:00:00+00:00,z4,8,0.8660254037844387,-0.4999999999999998,1,0,0,300,350.0,0,0,58.0,27.6,0.0,16
2026-06-02T09:00:00+00:00,z1,9,0.7071067811865476,-0.7071067811865475,1,0,0,400,500.0,0,0,9.0,27.6,0.0,187
2026-06-02T09:00:00+00:00,z2,9,0.7071067811865476,-0.7071067811865475,1,0,0,600,450.0,0,0,37.0,27.6,0.0,519
2026-06-02T09:00:00+00:00,z3,9,0.7071067811865476,-0.7071067811865475,1,0,0,900,1200.0,0,0,47.0,27.6,0.0,47
2026-06-02T09:00:00+00:00,z4,9,0.7071067811865476,-0.7071067811865475,1,0,0,300,350.0,0,0,57.0,27.6,0.0,29
2026-06-02T10:00:00+00:00,z1,10,0.49999999999999994,-0.8660254037844387,1,0,0,400,500.0,0,0,8.0,31.9,0.0,209
2026-06-02T10:00:00+00:00,z2,10,0.49999999999999994,-0.8660254037844387,1,0,0,600,450.0,0,0,36.0,31.9,0.0,414
2026-06-02T10:00:00+00:00,z3,10,0.49999999999999994,-0.8660254037844387,1,0,0,900,1200.0,0,0,46.0,31.9,0.0,94
2026-06-02T10:00:00+00:00,z4,10,0.49999999999999994,-0.8660254037844387,1,0,0,300,350.0,0,0,56.0,31.9,0.0,4
2026-06-02T11:00:00+00:00,z1,11,0.258819045102521,-0.9659258262890682,1,0,0,400,500.0,0,0,7.0,32.0,22.4,132
2026-06-02T11:00:00+00:00,z2,11,0.258819045102521,-0.9659258262890682,1,0,0,600,450.0,0,0,35.0,32.0,22.4,165
2026-06-02T11:00:00+00:00,z3,11,0.258819045102521,-0.9659258262890682,1,0,0,900,1200.0,0,0,45.0,32.0,22.4,0
2026-06-02T11:00:00+00:00,z4,11,0.258819045102521,-0.9659258262890682,1,0,0,300,350.0,0,0,55.0,32.0,22.4,13
2026-06-02T12:00:00+00:00,z1,12,1.2246467991473532e-16,-1.0,1,0,0,400,500.0,0,0,6.0,33.5,0.0,252
2026-06-02T12:00:00+00:00,z2,12,1.2246467991473532e-16,-1.0,1,0,0,600,450.0,0,0,34.0,33.5,0.0,239
2026-06-02T12:00:00+00:00,z3,12,1.2246467991473532e-16,-1.0,1,0,0,900,1200.0,0,0,44.0,33.5,0.0,232
2026-06-02T12:00:00+00:00,z4,12,1.2246467991473532e-16,-1.0,1,0,0,300,350.0,0,0,54.0,33.5,0.0,213
2026-06-02T13:00:00+00:00,z1,13,-0.2588190451025208,-0.9659258262890683,1,0,0,400,500.0,0,0,5.0,34.6,0.0,263
2026-06-02T13:00:00+00:00,z2,13,-0.2588190451025208,-0.9659258262890683,1,0,0,600,450.0,0,0,33.0,34.6,0.0,195
2026-06-02T13:00:00+00:00,z3,13,-0.2588190451025208,-0.9659258262890683,1,0,0,900,1200.0,0,0,43.0,34.6,0.0,224
2026-06-02T13:00:00+00:00,z4,13,-0.2588190451025208,-0.9659258262890683,1,0,0,300,350.0,0,0,53.0,34.6,0.0,258
2026-06-02T14:00:00+00:00,z1,14,-0.4999999999999997,-0.8660254037844388,1,0,0,400,500.0,0,0,4.0,34.1,0.0,252
2026-06-02T14:00:00+00:00,z2,14,-0.4999999999999997,-0.8660254037844388,1,0,0,600,450.0,0,0,32.0,34.1,0.0,209
2026-06-02T14:00:00+00:00,z3,14,-0.4999999999999997,-0.8660254037844388,1,0,0,900,1200.0,0,0,42.0,34.1,0.0,274
2026-06-02T14:00:00+00:00,z4,14,-0.4999999999999997,-0.8660254037844388,1,0,0,300,350.0,0,0,52.0,34.1,0.0,219
2026-06-02T15:00:00+00:00,z1,15,-0.7071067811865471,-0.7071067811865479,1,0,0,400,500.0,0,0,3.0,34.1,0.0,279
2026-06-02T15:00:00+00:00,z2,15,-0.7071067811865471,-0.7071067811865479,1,0,0,600,450.0,0,0,31.0,34.1,0.0,215
2026-06-02T15:00:00+00:00,z3,15,-0.7071067811865471,-0.7071067811865479,1,0,0,900,1200.0,0,0,41.0,34.1,0.0,233
2026-06-02T15:00:00+00:00,z4,15,-0.7071067811865471,-0.7071067811865479,1,0,0,300,350.0,0,0,51.0,34.1,0.0,86
2026-06-02T16:00:00+00:00,z1,16,-0.8660254037844385,-0.5000000000000004,1,0,0,400,500.0,0,0,2.0,34.1,0.0,237
2026-06-02T16:00:00+00:00,z2,16,-0.8660254037844385,-0.5000000000000004,1,0,0,600,450.0,0,0,30.0,34.1,0.0,227
2026-06-02T16:00:00+00:00,z3,16,-0.8660254037844385,-0.5000000000000004,1,0,0,900,1200.0,0,0,40.0,34.1,0.0,299
2026-06-02T16:00:00+00:00,z4,16,-0.8660254037844385,-0.5000000000000004,1,0,0,300,350.0,0,0,50.0,34.1,0.0,61
2026-06-02T17:00:00+00:00,z1,17,-0.9659258262890683,-0.25881904510252063,1,0,0,400,500.0,0,0,1.0,34.5,0.0,347
2026-06-02T17:00:00+00:00,z2,17,-0.9659258262890683,-0.25881904510252063,1,0,0,600,450.0,0,0,29.0,34.5,0.0,457
2026-06-02T17:00:00+00:00,z3,17,-0.9659258262890683,-0.25881904510252063,1,0,0,900,1200.0,0,0,39.0,34.5,0.0,517
2026-06-02T17:00:00+00:00,z4,17,-0.9659258262890683,-0.25881904510252063,1,0,0,300,350.0,0,0,49.0,34.5,0.0,80
2026-06-02T18:00:00+00:00,z1,18,-1.0,-1.8369701987210297e-16,1,0,0,400,500.0,475,1,6.0,35.0,0.0,382
2026-06-02T18:00:00+00:00,z2,18,-1.0,-1.8369701987210297e-16,1,0,0,600,450.0,0,0,28.0,35.0,0.0,514
2026-06-02T18:00:00+00:00,z3,18,-1.0,-1.8369701987210297e-16,1,0,0,900,1200.0,0,0,38.0,35.0,0.0,535
2026-06-02T18:00:00+00:00,z4,18,-1.0,-1.8369701987210297e-16,1,0,0,300,350.0,0,0,48.0,35.0,0.0,69
2026-06-02T19:00:00+00:00,z1,19,-0.9659258262890684,0.2588190451025203,1,0,0,400,500.0,475,1,5.0,32.6,0.0,365
2026-06-02T19:00:00+00:00,z2,19,-0.9659258262890684,0.2588190451025203,1,0,0,600,450.0,0,0,27.0,32.6,0.0,534
2026-06-02T19:00:00+00:00,z3,19,-0.9659258262890684,0.2588190451025203,1,0,0,900,1200.0,0,0,37.0,32.6,0.0,592
2026-06-02T19:00:00+00:00,z4,19,-0.9659258262890684,0.2588190451025203,1,0,0,300,350.0,0,0,47.0,32.6,0.0,247
2026-06-02T20:00:00+00:00,z1,20,-0.8660254037844386,0.5000000000000001,1,0,0,400,500.0,475,1,4.0,28.2,0.0,266
2026-06-02T20:00:00+00:00,z2,20,-0.8660254037844386,0.5000000000000001,1,0,0,600,450.0,0,0,26.0,28.2,0.0,476
2026-06-02T20:00:00+00:00,z3,20,-0.8660254037844386,0.5000000000000001,1,0,0,900,1200.0,0,0,36.0,28.2,0.0,551
2026-06-02T20:00:00+00:00,z4,20,-0.8660254037844386,0.5000000000000001,1,0,0,300,350.0,0,0,46.0,28.2,0.0,294
2026-06-02T21:00:00+00:00,z1,21,-0.7071067811865477,0.7071067811865474,1,0,0,400,500.0,475,1,3.0,27.0,0.0,274
2026-06-02T21:00:00+00:00,z2,21,-0.7071067811865477,0.7071067811865474,1,0,0,600,450.0,0,0,25.0,27.0,0.0,75
2026-06-02T21:00:00+00:00,z3,21,-0.7071067811865477,0.7071067811865474,1,0,0,900,1200.0,0,0,35.0,27.0,0.0,466
2026-06-02T21:00:00+00:00,z4,21,-0.7071067811865477,0.7071067811865474,1,0,0,300,350.0,0,0,45.0,27.0,0.0,244
2026-06-02T22:00:00+00:00,z1,22,-0.5000000000000004,0.8660254037844384,1,0,0,400,500.0,0,0,2.0,26.2,19.6,52
2026-06-02T22:00:00+00:00,z2,22,-0.5000000000000004,0.8660254037844384,1,0,0,600,450.0,0,0,24.0,26.2,19.6,80
2026-06-02T22:00:00+00:00,z3,22,-0.5000000000000004,0.8660254037844384,1,0,0,900,1200.0,0,0,34.0,26.2,19.6,52
2026-06-02T22:00:00+00:00,z4,22,-0.5000000000000004,0.8660254037844384,1,0,0,300,350.0,0,0,44.0,26.2,19.6,11
2026-06-02T23:00:00+00:00,z1,23,-0.25881904510252157,0.9659258262890681,1,0,0,400,500.0,0,0,1.0,22.8,0.0,190
2026-06-02T23:00:00+00:00,z2,23,-0.25881904510252157,0.9659258262890681,1,0,0,600,450.0,0,0,23.0,22.8,0.0,63
2026-06-02T23:00:00+00:00,z3,23,-0.25881904510252157,0.9659258262890681,1,0,0,900,1200.0,0,0,33.0,22.8,0.0,60
2026-06-02T23:00:00+00:00,z4,23,-0.25881904510252157,0.9659258262890681,1,0,0,300,350.0,0,0,43.0,22.8,0.0,23
2026-06-03T00:00:00+00:00,z1,0,0.0,1.0,2,0,0,400,500.0,350,1,1.0,23.8,0.0,233
2026-06-03T00:00:00+00:00,z2,0,0.0,1.0,2,0,0,600,450.0,0,0,22.0,23.8,0.0,68
2026-06-03T00:00:00+00:00,z3,0,0.0,1.0,2,0,0,900,1200.0,0,0,32.0,23.8,0.0,77
2026-06-03T00:00:00+00:00,z4,0,0.0,1.0,2,0,0,300,350.0,0,0,42.0,23.8,0.0,18
2026-06-03T01:00:00+00:00,z1,1,0.25881904510252074,0.9659258262890683,2,0,0,400,500.0,855,2,17.0,19.7,0.0,297
2026-06-03T01:00:00+00:00,z2,1,0.25881904510252074,0.9659258262890683,2,0,0,600,450.0,0,0,21.0,19.7,0.0,30
2026-06-03T01:00:00+00:00,z3,1,0.25881904510252074,0.9659258262890683,2,0,0,900,1200.0,0,0,31.0,19.7,0.0,23
2026-06-03T01:00:00+00:00,z4,1,0.25881904510252074,0.9659258262890683,2,0,0,300,350.0,0,0,41.0,19.7,0.0,0
2026-06-03T02:00:00+00:00,z1,2,0.49999999999999994,0.8660254037844387,2,0,0,400,500.0,855,2,16.0,19.3,0.0,319
2026-06-03T02:00:00+00:00,z2,2,0.49999999999999994,0.8660254037844387,2,0,0,600,450.0,0,0,20.0,19.3,0.0,23
2026-06-03T02:00:00+00:00,z3,2,0.49999999999999994,0.8660254037844387,2,0,0,900,1200.0,0,0,30.0,19.3,0.0,48
2026-06-03T02:00:00+00:00,z4,2,0.49999999999999994,0.8660254037844387,2,0,0,300,350.0,0,0,40.0,19.3,0.0,23
2026-06-03T03:00:00+00:00,z1,3,0.7071067811865476,0.7071067811865476,2,0,0,400,500.0,350,1,15.0,19.0,0.0,116
2026-06-03T03:00:00+00:00,z2,3,0.7071067811865476,0.7071067811865476,2,0,0,600,450.0,0,0,19.0,19.0,0.0,0
2026-06-03T03:00:00+00:00,z3,3,0.7071067811865476,0.7071067811865476,2,0,0,900,1200.0,0,0,29.0,19.0,0.0,52
2026-06-03T03:00:00+00:00,z4,3,0.7071067811865476,0.7071067811865476,2,0,0,300,350.0,0,0,39.0,19.0,0.0,15
2026-06-03T04:00:00+00:00,z1,4,0.8660254037844386,0.5000000000000001,2,0,0,400,500.0,350,1,14.0,21.3,0.0,146
2026-06-03T04:00:00+00:00,z2,4,0.8660254037844386,0.5000000000000001,2,0,0,600,450.0,0,0,18.0,21.3,0.0,91
2026-06-03T04:00:00+00:00,z3,4,0.8660254037844386,0.5000000000000001,2,0,0,900,1200.0,0,0,28.0,21.3,0.0,36
2026-06-03T04:00:00+00:00,z4,4,0.8660254037844386,0.5000000000000001,2,0,0,300,350.0,0,0,38.0,21.3,0.0,21
2026-06-03T05:00:00+00:00,z1,5,0.9659258262890683,0.25881904510252074,2,0,0,400,500.0,0,0,13.0,22.9,20.0,22
2026-06-03T05:00:00+00:00,z2,5,0.9659258262890683,0.25881904510252074,2,0,0,600,450.0,0,0,17.0,22.9,20.0,28
2026-06-03T05:00:00+00:00,z3,5,0.9659258262890683,0.25881904510252074,2,0,0,900,1200.0,0,0,27.0,22.9,20.0,8
2026-06-03T05:00:00+00:00,z4,5,0.9659258262890683,0.25881904510252074,2,0,0,300,350.0,0,0,37.0,22.9,20.0,18
2026-06-03T06:00:00+00:00,z1,6,1.0,6.123233995736766e-17,2,0,0,400,500.0,0,0,12.0,20.6,0.0,11
2026-06-03T06:00:00+00:00,z2,6,1.0,6.123233995736766e-17,2,0,0,600,450.0,0,0,16.0,20.6,0.0,86
2026-06-03T06:00:00+00:00,z3,6,1.0,6.123233995736766e-17,2,0,0,900,1200.0,0,0,26.0,20.6,0.0,59
2026-06-03T06:00:00+00:00,z4,6,1.0,6.123233995736766e-17,2,0,0,300,350.0,0,0,36.0,20.6,0.0,16
2026-06-03T07:00:00+00:00,z1,7,0.9659258262890683,-0.25881904510252063,2,0,0,400,500.0,0,0,11.0,23.6,0.0,48
2026-06-03T07:00:00+00:00,z2,7,0.9659258262890683,-0.25881904510252063,2,0,0,600,450.0,0,0,15.0,23.6,0.0,56
2026-06-03T07:00:00+00:00,z3,7,0.9659258262890683,-0.25881904510252063,2,0,0,900,1200.0,0,0,25.0,23.6,0.0,91
2026-06-03T07:00:00+00:00,z4,7,0.9659258262890683,-0.25881904510252063,2,0,0,300,350.0,0,0,35.0,23.6,0.0,0
2026-06-03T08:00:00+00:00,z1,8,0.8660254037844387,-0.4999999999999998,2,0,0,400,500.0,0,0,10.0,25.9,0.0,14
2026-06-03T08:00:00+00:00,z2,8,0.8660254037844387,-0.4999999999999998,2,0,0,600,450.0,0,0,14.0,25.9,0.0,440
2026-06-03T08:00:00+00:00,z3,8,0.8660254037844387,-0.4999999999999998,2,0,0,900,1200.0,0,0,24.0,25.9,0.0,74
2026-06-03T08:00:00+00:00,z4,8,0.8660254037844387,-0.4999999999999998,2,0,0,300,350.0,0,0,34.0,25.9,0.0,5
2026-06-03T09:00:00+00:00,z1,9,0.7071067811865476,-0.7071067811865475,2,0,0,400,500.0,0,0,9.0,26.3,16.0,101
2026-06-03T09:00:00+00:00,z2,9,0.7071067811865476,-0.7071067811865475,2,0,0,600,450.0,0,0,13.0,26.3,16.0,395
2026-06-03T09:00:00+00:00,z3,9,0.7071067811865476,-0.7071067811865475,2,0,0,900,1200.0,0,0,23.0,26.3,16.0,20
2026-06-03T09:00:00+00:00,z4,9,0.7071067811865476,-0.7071067811865475,2,0,0,300,350.0,0,0,33.0,26.3,16.0,13
2026-06-03T10:00:00+00:00,z1,10,0.49999999999999994,-0.8660254037844387,2,0,0,400,500.0,0,0,8.0,28.3,0.0,219
2026-06-03T10:00:00+00:00,z2,10,0.49999999999999994,-0.8660254037844387,2,0,0,600,450.0,0,0,12.0,28.3,0.0,408
2026-06-03T10:00:00+00:00,z3,10,0.49999999999999994,-0.8660254037844387,2,0,0,900,1200.0,0,0,22.0,28.3,0.0,130
2026-06-03T10:00:00+00:00,z4,10,0.49999999999999994,-0.8660254037844387,2,0,0,300,350.0,0,0,32.0,28.3,0.0,21
2026-06-03T11:00:00+00:00,z1,11,0.258819045102521,-0.9659258262890682,2,0,0,400,500.0,0,0,7.0,32.5,0.0,211
2026-06-03T11:00:00+00:00,z2,11,0.258819045102521,-0.9659258262890682,2,0,0,600,450.0,0,0,11.0,32.5,0.0,203
2026-06-03T11:00:00+00:00,z3,11,0.258819045102521,-0.9659258262890682,2,0,0,900,1200.0,0,0,21.0,32.5,0.0,54
2026-06-03T11:00:00+00:00,z4,11,0.258819045102521,-0.9659258262890682,2,0,0,300,350.0,0,0,31.0,32.5,0.0,23
2026-06-03T12:00:00+00:00,z1,12,1.2246467991473532e-16,-1.0,2,0,0,400,500.0,0,0,6.0,35.6,0.0,239
2026-06-03T12:00:00+00:00,z2,12,1.2246467991473532e-16,-1.0,2,0,0,600,450.0,0,0,10.0,35.6,0.0,205
2026-06-03T12:00:00+00:00,z3,12,1.2246467991473532e-16,-1.0,2,0,0,900,1200.0,0,0,20.0,35.6,0.0,248
2026-06-03T12:00:00+00:00,z4,12,1.2246467991473532e-16,-1.0,2,0,0,300,350.0,0,0,30.0,35.6,0.0,233
2026-06-03T13:00:00+00:00,z1,13,-0.2588190451025208,-0.9659258262890683,2,0,0,400,500.0,0,0,5.0,33.3,0.0,243
2026-06-03T13:00:00+00:00,z2,13,-0.2588190451025208,-0.9659258262890683,2,0,0,600,450.0,0,0,9.0,33.3,0.0,225
2026-06-03T13:00:00+00:00,z3,13,-0.2588190451025208,-0.9659258262890683,2,0,0,900,1200.0,0,0,19.0,33.3,0.0,226
2026-06-03T13:00:00+00:00,z4,13,-0.2588190451025208,-0.9659258262890683,2,0,0,300,350.0,0,0,29.0,33.3,0.0,249
2026-06-03T14:00:00+00:00,z1,14,-0.4999999999999997,-0.8660254037844388,2,0,0,400,500.0,0,0,4.0,36.8,0.0,281
2026-06-03T14:00:00+00:00,z2,14,-0.4999999999999997,-0.8660254037844388,2,0,0,600,450.0,0,0,8.0,36.8,0.0,200
2026-06-03T14:00:00+00:00,z3,14,-0.4999999999999997,-0.8660254037844388,2,0,0,900,1200.0,0,0,18.0,36.8,0.0,187
2026-06-03T14:00:00+00:00,z4,14,-0.4999999999999997,-0.8660254037844388,2,0,0,300,350.0,0,0,28.0,36.8,0.0,233
2026-06-03T15:00:00+00:00,z1,15,-0.7071067811865471,-0.7071067811865479,2,0,0,400,500.0,0,0,3.0,34.9,0.0,283
2026-06-03T15:00:00+00:00,z2,15,-0.7071067811865471,-0.7071067811865479,2,0,0,600,450.0,0,0,7.0,34.9,0.0,226
2026-06-03T15:00:00+00:00,z3,15,-0.7071067811865471,-0.7071067811865479,2,0,0,900,1200.0,0,0,17.0,34.9,0.0,176
2026-06-03T15:00:00+00:00,z4,15,-0.7071067811865471,-0.7071067811865479,2,0,0,300,350.0,0,0,27.0,34.9,0.0,58
2026-06-03T16:00:00+00:00,z1,16,-0.8660254037844385,-0.5000000000000004,2,0,0,400,500.0,0,0,2.0,35.4,0.0,264
2026-06-03T16:00:00+00:00,z2,16,-0.8660254037844385,-0.5000000000000004,2,0,0,600,450.0,0,0,6.0,35.4,0.0,190
2026-06-03T16:00:00+00:00,z3,16,-0.8660254037844385,-0.5000000000000004,2,0,0,900,1200.0,0,0,16.0,35.4,0.0,206
2026-06-03T16:00:00+00:00,z4,16,-0.8660254037844385,-0.5000000000000004,2,0,0,300,350.0,0,0,26.0,35.4,0.0,89
2026-06-03T17:00:00+00:00,z1,17,-0.9659258262890683,-0.25881904510252063,2,0,0,400,500.0,0,0,1.0,33.2,0.0,324
2026-06-03T17:00:00+00:00,z2,17,-0.9659258262890683,-0.25881904510252063,2,0,0,600,450.0,0,0,5.0,33.2,0.0,449
2026-06-03T17:00:00+00:00,z3,17,-0.9659258262890683,-0.25881904510252063,2,0,0,900,1200.0,0,0,15.0,33.2,0.0,407
2026-06-03T17:00:00+00:00,z4,17,-0.9659258262890683,-0.25881904510252063,2,0,0,300,350.0,0,0,25.0,33.2,0.0,53
2026-06-03T18:00:00+00:00,z1,18,-1.0,-1.8369701987210297e-16,2,0,0,400,500.0,660,1,28.0,32.0,0.0,447
2026-06-03T18:00:00+00:00,z2,18,-1.0,-1.8369701987210297e-16,2,0,0,600,450.0,0,0,4.0,32.0,0.0,505
2026-06-03T18:00:00+00:00,z3,18,-1.0,-1.8369701987210297e-16,2,0,0,900,1200.0,0,0,14.0,32.0,0.0,603
2026-06-03T18:00:00+00:00,z4,18,-1.0,-1.8369701987210297e-16,2,0,0,300,350.0,0,0,24.0,32.0,0.0,67
2026-06-03T19:00:00+00:00,z1,19,-0.9659258262890684,0.2588190451025203,2,0,0,400,500.0,660,1,27.0,32.2,0.0,426
2026-06-03T19:00:00+00:00,z2,19,-0.9659258262890684,0.2588190451025203,2,0,0,600,450.0,0,0,3.0,32.2,0.0,530
2026-06-03T19:00:00+00:00,z3,19,-0.9659258262890684,0.2588190451025203,2,0,0,900,1200.0,0,0,13.0,32.2,0.0,624
2026-06-03T19:00:00+00:00,z4,19,-0.9659258262890684,0.2588190451025203,2,0,0,300,350.0,0,0,23.0,32.2,0.0,227
2026-06-03T20:00:00+00:00,z1,20,-0.8660254037844386,0.5000000000000001,2,0,0,400,500.0,660,1,26.0,30.3,0.0,345
2026-06-03T20:00:00+00:00,z2,20,-0.8660254037844386,0.5000000000000001,2,0,0,600,450.0,0,0,2.0,30.3,0.0,450
2026-06-03T20:00:00+00:00,z3,20,-0.8660254037844386,0.5000000000000001,2,0,0,900,1200.0,0,0,12.0,30.3,0.0,532
2026-06-03T20:00:00+00:00,z4,20,-0.8660254037844386,0.5000000000000001,2,0,0,300,350.0,0,0,22.0,30.3,0.0,274
2026-06-03T21:00:00+00:00,z1,21,-0.7071067811865477,0.7071067811865474,2,0,0,400,500.0,660,1,25.0,26.5,0.0,333
2026-06-03T21:00:00+00:00,z2,21,-0.7071067811865477,0.7071067811865474,2,0,0,600,450.0,0,0,1.0,26.5,0.0,179
2026-06-03T21:00:00+00:00,z3,21,-0.7071067811865477,0.7071067811865474,2,0,0,900,1200.0,0,0,11.0,26.5,0.0,497
2026-06-03T21:00:00+00:00,z4,21,-0.7071067811865477,0.7071067811865474,2,0,0,300,350.0,0,0,21.0,26.5,0.0,237
2026-06-03T22:00:00+00:00,z1,22,-0.5000000000000004,0.8660254037844384,2,0,0,400,500.0,660,1,24.0,26.6,0.0,332
2026-06-03T22:00:00+00:00,z2,22,-0.5000000000000004,0.8660254037844384,2,0,0,600,450.0,540,1,40.0,26.6,0.0,291
2026-06-03T22:00:00+00:00,z3,22,-0.5000000000000004,0.8660254037844384,2,0,0,900,1200.0,0,0,10.0,26.6,0.0,115
2026-06-03T22:00:00+00:00,z4,22,-0.5000000000000004,0.8660254037844384,2,0,0,300,350.0,0,0,20.0,26.6,0.0,4
2026-06-03T23:00:00+00:00,z1,23,-0.25881904510252157,0.9659258262890681,2,0,0,400,500.0,0,0,23.0,25.5,0.0,126
2026-06-03T23:00:00+00:00,z2,23,-0.25881904510252157,0.9659258262890681,2,0,0,600,450.0,540,1,39.0,25.5,0.0,244
2026-06-03T23:00:00+00:00,z3,23,-0.25881904510252157,0.9659258262890681,2,0,0,900,1200.0,0,0,9.0,25.5,0.0,68
2026-06-03T23:00:00+00:00,z4,23,-0.25881904510252157,0.9659258262890681,2,0,0,300,350.0,0,0,19.0,25.5,0.0,20
2026-06-04T00:00:00+00:00,z1,0,0.0,1.0,3,0,0,400,500.0,0,0,22.0,24.2,0.0,23
2026-06-04T00:00:00+00:00,z2,0,0.0,1.0,3,0,0,600,450.0,0,0,38.0,24.2,0.0,79
2026-06-04T00:00:00+00:00,z3,0,0.0,1.0,3,0,0,900,1200.0,0,0,8.0,24.2,0.0,66
2026-06-04T00:00:00+00:00,z4,0,0.0,1.0,3,0,0,300,350.0,0,0,18.0,24.2,0.0,11
2026-06-04T01:00:00+00:00,z1,1,0.25881904510252074,0.9659258262890683,3,0,0,400,500.0,0,0,21.0,20.5,0.0,3
2026-06-04T01:00:00+00:00,z2,1,0.25881904510252074,0.9659258262890683,3,0,0,600,450.0,0,0,37.0,20.5,0.0,39
2026-06-04T01:00:00+00:00,z3,1,0.25881904510252074,0.9659258262890683,3,0,0,900,1200.0,0,0,7.0,20.5,0.0,34
2026-06-04T01:00:00+00:00,z4,1,0.25881904510252074,0.9659258262890683,3,0,0,300,350.0,0,0,17.0,20.5,0.0,1
2026-06-04T02:00:00+00:00,z1,2,0.49999999999999994,0.8660254037844387,3,0,0,400,500.0,0,0,20.0,21.7,0.0,28
2026-06-04T02:00:00+00:00,z2,2,0.49999999999999994,0.8660254037844387,3,0,0,600,450.0,0,0,36.0,21.7,0.0,28
2026-06-04T02:00:00+00:00,z3,2,0.49999999999999994,0.8660254037844387,3,0,0,900,1200.0,0,0,6.0,21.7,0.0,62
2026-06-04T02:00:00+00:00,z4,2,0.49999999999999994,0.8660254037844387,3,0,0,300,350.0,0,0,16.0,21.7,0.0,19
2026-06-04T03:00:00+00:00,z1,3,0.7071067811865476,0.7071067811865476,3,0,0,400,500.0,0,0,19.0,21.9,0.0,5
2026-06-04T03:00:00+00:00,z2,3,0.7071067811865476,0.7071067811865476,3,0,0,600,450.0,0,0,35.0,21.9,0.0,13
2026-06-04T03:00:00+00:00,z3,3,0.7071067811865476,0.7071067811865476,3,0,0,900,1200.0,0,0,5.0,21.9,0.0,39
2026-06-04T03:00:00+00:00,z4,3,0.7071067811865476,0.7071067811865476,3,0,0,300,350.0,0,0,15.0,21.9,0.0,20
2026-06-04T04:00:00+00:00,z1,4,0.8660254037844386,0.5000000000000001,3,0,0,400,500.0,0,0,18.0,21.6,0.0,10
2026-06-04T04:00:00+00:00,z2,4,0.8660254037844386,0.5000000000000001,3,0,0,600,450.0,0,0,34.0,21.6,0.0,27
2026-06-04T04:00:00+00:00,z3,4,0.8660254037844386,0.5000000000000001,3,0,0,900,1200.0,0,0,4.0,21.6,0.0,61
2026-06-04T04:00:00+00:00,z4,4,0.8660254037844386,0.5000000000000001,3,0,0,300,350.0,0,0,14.0,21.6,0.0,4
2026-06-04T05:00:00+00:00,z1,5,0.9659258262890683,0.25881904510252074,3,0,0,400,500.0,0,0,17.0,19.1,0.0,21
2026-06-04T05:00:00+00:00,z2,5,0.9659258262890683,0.25881904510252074,3,0,0,600,450.0,0,0,33.0,19.1,0.0,16
2026-06-04T05:00:00+00:00,z3,5,0.9659258262890683,0.25881904510252074,3,0,0,900,1200.0,0,0,3.0,19.1,0.0,16
2026-06-04T05:00:00+00:00,z4,5,0.9659258262890683,0.25881904510252074,3,0,0,300,350.0,0,0,13.0,19.1,0.0,22
2026-06-04T06:00:00+00:00,z1,6,1.0,6.123233995736766e-17,3,0,0,400,500.0,0,0,16.0,20.5,0.0,30
2026-06-04T06:00:00+00:00,z2,6,1.0,6.123233995736766e-17,3,0,0,600,450.0,0,0,32.0,20.5,0.0,105
2026-06-04T06:00:00+00:00,z3,6,1.0,6.123233995736766e-17,3,0,0,900,1200.0,0,0,2.0,20.5,0.0,107
2026-06-04T06:00:00+00:00,z4,6,1.0,6.123233995736766e-17,3,0,0,300,350.0,0,0,12.0,20.5,0.0,15
2026-06-04T07:00:00+00:00,z1,7,0.9659258262890683,-0.25881904510252063,3,0,0,400,500.0,0,0,15.0,22.9,0.0,28
2026-06-04T07:00:00+00:00,z2,7,0.9659258262890683,-0.25881904510252063,3,0,0,600,450.0,0,0,31.0,22.9,0.0,84
2026-06-04T07:00:00+00:00,z3,7,0.9659258262890683,-0.25881904510252063,3,0,0,900,1200.0,0,0,1.0,22.9,0.0,181
2026-06-04T07:00:00+00:00,z4,7,0.9659258262890683,-0.25881904510252063,3,0,0,300,350.0,0,0,11.0,22.9,0.0,14
2026-06-04T08:00:00+00:00,z1,8,0.8660254037844387,-0.4999999999999998,3,0,0,400,500.0,0,0,14.0,25.3,0.0,21
2026-06-04T08:00:00+00:00,z2,8,0.8660254037844387,-0.4999999999999998,3,0,0,600,450.0,0,0,30.0,25.3,0.0,431
2026-06-04T08:00:00+00:00,z3,8,0.8660254037844387,-0.4999999999999998,3,0,0,900,1200.0,653,1,9.0,25.3,0.0,278
2026-06-04T08:00:00+00:00,z4,8,0.8660254037844387,-0.4999999999999998,3,0,0,300,350.0,0,0,10.0,25.3,0.0,34
2026-06-04T09:00:00+00:00,z1,9,0.7071067811865476,-0.7071067811865475,3,0,0,400,500.0,0,0,13.0,28.9,0.0,188
2026-06-04T09:00:00+00:00,z2,9,0.7071067811865476,-0.7071067811865475,3,0,0,600,450.0,0,0,29.0,28.9,0.0,488
2026-06-04T09:00:00+00:00,z3,9,0.7071067811865476,-0.7071067811865475,3,0,0,900,1200.0,653,1,8.0,28.9,0.0,332
2026-06-04T09:00:00+00:00,z4,9,0.7071067811865476,-0.7071067811865475,3,0,0,300,350.0,0,0,9.0,28.9,0.0,22
2026-06-04T10:00:00+00:00,z1,10,0.49999999999999994,-0.8660254037844387,3,0,0,400,500.0,0,0,12.0,30.3,3.2,128
2026-06-04T10:00:00+00:00,z2,10,0.49999999999999994,-0.8660254037844387,3,0,0,600,450.0,0,0,28.0,30.3,3.2,326
2026-06-04T10:00:00+00:00,z3,10,0.49999999999999994,-0.8660254037844387,3,0,0,900,1200.0,0,0,7.0,30.3,3.2,39
2026-06-04T10:00:00+00:00,z4,10,0.49999999999999994,-0.8660254037844387,3,0,0,300,350.0,0,0,8.0,30.3,3.2,3
2026-06-04T11:00:00+00:00,z1,11,0.258819045102521,-0.9659258262890682,3,0,0,400,500.0,0,0,11.0,30.6,0.0,236
2026-06-04T11:00:00+00:00,z2,11,0.258819045102521,-0.9659258262890682,3,0,0,600,450.0,0,0,27.0,30.6,0.0,208
2026-06-04T11:00:00+00:00,z3,11,0.258819045102521,-0.9659258262890682,3,0,0,900,1200.0,0,0,6.0,30.6,0.0,98
2026-06-04T11:00:00+00:00,z4,11,0.258819045102521,-0.9659258262890682,3,0,0,300,350.0,0,0,7.0,30.6,0.0,14
2026-06-04T12:00:00+00:00,z1,12,1.2246467991473532e-16,-1.0,3,0,0,400,500.0,0,0,10.0,32.7,0.0,239
2026-06-04T12:00:00+00:00,z2,12,1.2246467991473532e-16,-1.0,3,0,0,600,450.0,0,0,26.0,32.7,0.0,203
2026-06-04T12:00:00+00:00,z3,12,1.2246467991473532e-16,-1.0,3,0,0,900,1200.0,0,0,5.0,32.7,0.0,231
2026-06-04T12:00:00+00:00,z4,12,1.2246467991473532e-16,-1.0,3,0,0,300,350.0,0,0,6.0,32.7,0.0,220
2026-06-04T13:00:00+00:00,z1,13,-0.2588190451025208,-0.9659258262890683,3,0,0,400,500.0,0,0,9.0,34.0,0.0,247
2026-06-04T13:00:00+00:00,z2,13,-0.2588190451025208,-0.9659258262890683,3,0,0,600,450.0,0,0,25.0,34.0,0.0,191
2026-06-04T13:00:00+00:00,z3,13,-0.2588190451025208,-0.9659258262890683,3,0,0,900,1200.0,0,0,4.0,34.0,0.0,225
2026-06-04T13:00:00+00:00,z4,13,-0.2588190451025208,-0.9659258262890683,3,0,0,300,350.0,0,0,5.0,34.0,0.0,250
2026-06-04T14:00:00+00:00,z1,14,-0.4999999999999997,-0.8660254037844388,3,0,0,400,500.0,0,0,8.0,34.9,0.0,254
2026-06-04T14:00:00+00:00,z2,14,-0.4999999999999997,-0.8660254037844388,3,0,0,600,450.0,0,0,24.0,34.9,0.0,213
2026-06-04T14:00:00+00:00,z3,14,-0.4999999999999997,-0.8660254037844388,3,0,0,900,1200.0,0,0,3.0,34.9,0.0,201
2026-06-04T14:00:00+00:00,z4,14,-0.4999999999999997,-0.8660254037844388,3,0,0,300,350.0,0,0,4.0,34.9,0.0,212
2026-06-04T15:00:00+00:00,z1,15,-0.7071067811865471,-0.7071067811865479,3,0,0,400,500.0,0,0,7.0,34.2,0.0,248
2026-06-04T15:00:00+00:00,z2,15,-0.7071067811865471,-0.7071067811865479,3,0,0,600,450.0,0,0,23.0,34.2,0.0,212
2026-06-04T15:00:00+00:00,z3,15,-0.7071067811865471,-0.7071067811865479,3,0,0,900,1200.0,0,0,2.0,34.2,0.0,189
2026-06-04T15:00:00+00:00,z4,15,-0.7071067811865471,-0.7071067811865479,3,0,0,300,350.0,0,0,3.0,34.2,0.0,81
2026-06-04T16:00:00+00:00,z1,16,-0.8660254037844385,-0.5000000000000004,3,0,0,400,500.0,0,0,6.0,34.6,0.0,259
2026-06-04T16:00:00+00:00,z2,16,-0.8660254037844385,-0.5000000000000004,3,0,0,600,450.0,0,0,22.0,34.6,0.0,192
2026-06-04T16:00:00+00:00,z3,16,-0.8660254037844385,-0.5000000000000004,3,0,0,900,1200.0,0,0,1.0,34.6,0.0,309
2026-06-04T16:00:00+00:00,z4,16,-0.8660254037844385,-0.5000000000000004,3,0,0,300,350.0,0,0,2.0,34.6,0.0,51
2026-06-04T17:00:00+00:00,z1,17,-0.9659258262890683,-0.25881904510252063,3,0,0,400,500.0,0,0,5.0,35.9,0.0,235
2026-06-04T17:00:00+00:00,z2,17,-0.9659258262890683,-0.25881904510252063,3,0,0,600,450.0,0,0,21.0,35.9,0.0,445
2026-06-04T17:00:00+00:00,z3,17,-0.9659258262890683,-0.25881904510252063,3,0,0,900,1200.0,1488,2,84.0,35.9,0.0,1025
2026-06-04T17:00:00+00:00,z4,17,-0.9659258262890683,-0.25881904510252063,3,0,0,300,350.0,0,0,1.0,35.9,0.0,162
2026-06-04T18:00:00+00:00,z1,18,-1.0,-1.8369701987210297e-16,3,0,0,400,500.0,0,0,4.0,34.5,0.0,225
2026-06-04T18:00:00+00:00,z2,18,-1.0,-1.8369701987210297e-16,3,0,0,600,450.0,0,0,20.0,34.5,0.0,556
2026-06-04T18:00:00+00:00,z3,18,-1.0,-1.8369701987210297e-16,3,0,0,900,1200.0,1488,2,83.0,34.5,0.0,1077
2026-06-04T18:00:00+00:00,z4,18,-1.0,-1.8369701987210297e-16,3,0,0,300,350.0,212,1,28.0,34.5,0.0,158
2026-06-04T19:00:00+00:00,z1,19,-0.9659258262890684,0.2588190451025203,3,0,0,400,500.0,0,0,3.0,33.2,21.8,118
2026-06-04T19:00:00+00:00,z2,19,-0.9659258262890684,0.2588190451025203,3,0,0,600,450.0,0,0,19.0,33.2,21.8,389
2026-06-04T19:00:00+00:00,z3,19,-0.9659258262890684,0.2588190451025203,3,0,0,900,1200.0,0,0,82.0,33.2,21.8,328
2026-06-04T19:00:00+00:00,z4,19,-0.9659258262890684,0.2588190451025203,3,0,0,300,350.0,212,1,27.0,33.2,21.8,236
2026-06-04T20:00:00+00:00,z1,20,-0.8660254037844386,0.5000000000000001,3,0,0,400,500.0,0,0,2.0,28.2,23.2,56
2026-06-04T20:00:00+00:00,z2,20,-0.8660254037844386,0.5000000000000001,3,0,0,600,450.0,0,0,18.0,28.2,23.2,324
2026-06-04T20:00:00+00:00,z3,20,-0.8660254037844386,0.5000000000000001,3,0,0,900,1200.0,0,0,81.0,28.2,23.2,308
2026-06-04T20:00:00+00:00,z4,20,-0.8660254037844386,0.5000000000000001,3,0,0,300,350.0,212,1,26.0,28.2,23.2,263
2026-06-04T21:00:00+00:00,z1,21,-0.7071067811865477,0.7071067811865474,3,0,0,400,500.0,0,0,1.0,29.4,0.0,217
2026-06-04T21:00:00+00:00,z2,21,-0.7071067811865477,0.7071067811865474,3,0,0,600,450.0,0,0,17.0,29.4,0.0,107
2026-06-04T21:00:00+00:00,z3,21,-0.7071067811865477,0.7071067811865474,3,0,0,900,1200.0,0,0,80.0,29.4,0.0,553
2026-06-04T21:00:00+00:00,z4,21,-0.7071067811865477,0.7071067811865474,3,0,0,300,350.0,212,1,25.0,29.4,0.0,307
2026-06-04T22:00:00+00:00,z1,22,-0.5000000000000004,0.8660254037844384,3,0,0,400,500.0,558,1,66.0,26.2,0.0,306
2026-06-04T22:00:00+00:00,z2,22,-0.5000000000000004,0.8660254037844384,3,0,0,600,450.0,0,0,16.0,26.2,0.0,93
2026-06-04T22:00:00+00:00,z3,22,-0.5000000000000004,0.8660254037844384,3,0,0,900,1200.0,0,0,79.0,26.2,0.0,131
2026-06-04T22:00:00+00:00,z4,22,-0.5000000000000004,0.8660254037844384,3,0,0,300,350.0,212,1,24.0,26.2,0.0,82
2026-06-04T23:00:00+00:00,z1,23,-0.25881904510252157,0.9659258262890681,3,0,0,400,500.0,558,1,65.0,23.7,2.5,152
2026-06-04T23:00:00+00:00,z2,23,-0.25881904510252157,0.9659258262890681,3,0,0,600,450.0,0,0,15.0,23.7,2.5,57
2026-06-04T23:00:00+00:00,z3,23,-0.25881904510252157,0.9659258262890681,3,0,0,900,1200.0,0,0,78.0,23.7,2.5,0
2026-06-04T23:00:00+00:00,z4,23,-0.25881904510252157,0.9659258262890681,3,0,0,300,350.0,0,0,23.0,23.7,2.5,7
2026-06-05T00:00:00+00:00,z1,0,0.0,1.0,4,0,0,400,500.0,558,1,64.0,21.6,0.0,206
2026-06-05T00:00:00+00:00,z2,0,0.0,1.0,4,0,0,600,450.0,0,0,14.0,21.6,0.0,93
2026-06-05T00:00:00+00:00,z3,0,0.0,1.0,4,0,0,900,1200.0,0,0,77.0,21.6,0.0,81
2026-06-05T00:00:00+00:00,z4,0,0.0,1.0,4,0,0,300,350.0,0,0,22.0,21.6,0.0,32
2026-06-05T01:00:00+00:00,z1,1,0.25881904510252074,0.9659258262890683,4,0,0,400,500.0,558,1,63.0,21.5,0.0,226
2026-06-05T01:00:00+00:00,z2,1,0.25881904510252074,0.9659258262890683,4,0,0,600,450.0,0,0,13.0,21.5,0.0,3
2026-06-05T01:00:00+00:00,z3,1,0.25881904510252074,0.9659258262890683,4,0,0,900,1200.0,0,0,76.0,21.5,0.0,17
2026-06-05T01:00:00+00:00,z4,1,0.25881904510252074,0.9659258262890683,4,0,0,300,350.0,0,0,21.0,21.5,0.0,13
2026-06-05T02:00:00+00:00,z1,2,0.49999999999999994,0.8660254037844387,4,0,0,400,500.0,0,0,62.0,20.6,0.0,0
2026-06-05T02:00:00+00:00,z2,2,0.49999999999999994,0.8660254037844387,4,0,0,600,450.0,0,0,12.0,20.6,0.0,51
2026-06-05T02:00:00+00:00,z3,2,0.49999999999999994,0.8660254037844387,4,0,0,900,1200.0,0,0,75.0,20.6,0.0,59
2026-06-05T02:00:00+00:00,z4,2,0.49999999999999994,0.8660254037844387,4,0,0,300,350.0,0,0,20.0,20.6,0.0,5
2026-06-05T03:00:00+00:00,z1,3,0.7071067811865476,0.7071067811865476,4,0,0,400,500.0,0,0,61.0,18.7,0.0,0
2026-06-05T03:00:00+00:00,z2,3,0.7071067811865476,0.7071067811865476,4,0,0,600,450.0,0,0,11.0,18.7,0.0,46
2026-06-05T03:00:00+00:00,z3,3,0.7071067811865476,0.7071067811865476,4,0,0,900,1200.0,0,0,74.0,18.7,0.0,39
2026-06-05T03:00:00+00:00,z4,3,0.7071067811865476,0.7071067811865476,4,0,0,300,350.0,0,0,19.0,18.7,0.0,20
2026-06-05T04:00:00+00:00,z1,4,0.8660254037844386,0.5000000000000001,4,0,0,400,500.0,0,0,60.0,21.2,0.0,0
2026-06-05T04:00:00+00:00,z2,4,0.8660254037844386,0.5000000000000001,4,0,0,600,450.0,0,0,10.0,21.2,0.0,5
2026-06-05T04:00:00+00:00,z3,4,0.8660254037844386,0.5000000000000001,4,0,0,900,1200.0,0,0,73.0,21.2,0.0,22
2026-06-05T04:00:00+00:00,z4,4,0.8660254037844386,0.5000000000000001,4,0,0,300,350.0,0,0,18.0,21.2,0.0,8
2026-06-05T05:00:00+00:00,z1,5,0.9659258262890683,0.25881904510252074,4,0,0,400,500.0,0,0,59.0,21.5,0.0,10
2026-06-05T05:00:00+00:00,z2,5,0.9659258262890683,0.25881904510252074,4,0,0,600,450.0,0,0,9.0,21.5,0.0,26
2026-06-05T05:00:00+00:00,z3,5,0.9659258262890683,0.25881904510252074,4,0,0,900,1200.0,0,0,72.0,21.5,0.0,10
2026-06-05T05:00:00+00:00,z4,5,0.9659258262890683,0.25881904510252074,4,0,0,300,350.0,0,0,17.0,21.5,0.0,9
2026-06-05T06:00:00+00:00,z1,6,1.0,6.123233995736766e-17,4,0,0,400,500.0,0,0,58.0,23.4,0.0,21
2026-06-05T06:00:00+00:00,z2,6,1.0,6.123233995736766e-17,4,0,0,600,450.0,0,0,8.0,23.4,0.0,99
2026-06-05T06:00:00+00:00,z3,6,1.0,6.123233995736766e-17,4,0,0,900,1200.0,0,0,71.0,23.4,0.0,91
2026-06-05T06:00:00+00:00,z4,6,1.0,6.123233995736766e-17,4,0,0,300,350.0,0,0,16.0,23.4,0.0,5
2026-06-05T07:00:00+00:00,z1,7,0.9659258262890683,-0.25881904510252063,4,0,0,400,500.0,0,0,57.0,23.8,0.0,2
2026-06-05T07:00:00+00:00,z2,7,0.9659258262890683,-0.25881904510252063,4,0,0,600,450.0,0,0,7.0,23.8,0.0,113
2026-06-05T07:00:00+00:00,z3,7,0.9659258262890683,-0.25881904510252063,4,0,0,900,1200.0,0,0,70.0,23.8,0.0,81
2026-06-05T07:00:00+00:00,z4,7,0.9659258262890683,-0.25881904510252063,4,0,0,300,350.0,0,0,15.0,23.8,0.0,8
2026-06-05T08:00:00+00:00,z1,8,0.8660254037844387,-0.4999999999999998,4,0,0,400,500.0,0,0,56.0,26.2,0.0,39
2026-06-05T08:00:00+00:00,z2,8,0.8660254037844387,-0.4999999999999998,4,0,0,600,450.0,0,0,6.0,26.2,0.0,422
2026-06-05T08:00:00+00:00,z3,8,0.8660254037844387,-0.4999999999999998,4,0,0,900,1200.0,0,0,69.0,26.2,0.0,104
2026-06-05T08:00:00+00:00,z4,8,0.8660254037844387,-0.4999999999999998,4,0,0,300,350.0,0,0,14.0,26.2,0.0,16
2026-06-05T09:00:00+00:00,z1,9,0.7071067811865476,-0.7071067811865475,4,0,0,400,500.0,0,0,55.0,28.5,0.0,225
2026-06-05T09:00:00+00:00,z2,9,0.7071067811865476,-0.7071067811865475,4,0,0,600,450.0,0,0,5.0,28.5,0.0,542
2026-06-05T09:00:00+00:00,z3,9,0.7071067811865476,-0.7071067811865475,4,0,0,900,1200.0,0,0,68.0,28.5,0.0,65
2026-06-05T09:00:00+00:00,z4,9,0.7071067811865476,-0.7071067811865475,4,0,0,300,350.0,0,0,13.0,28.5,0.0,24
2026-06-05T10:00:00+00:00,z1,10,0.49999999999999994,-0.8660254037844387,4,0,0,400,500.0,0,0,54.0,30.6,0.0,226
2026-06-05T10:00:00+00:00,z2,10,0.49999999999999994,-0.8660254037844387,4,0,0,600,450.0,0,0,4.0,30.6,0.0,445
2026-06-05T10:00:00+00:00,z3,10,0.49999999999999994,-0.8660254037844387,4,0,0,900,1200.0,0,0,67.0,30.6,0.0,46
2026-06-05T10:00:00+00:00,z4,10,0.49999999999999994,-0.8660254037844387,4,0,0,300,350.0,0,0,12.0,30.6,0.0,21
2026-06-05T11:00:00+00:00,z1,11,0.258819045102521,-0.9659258262890682,4,0,0,400,500.0,0,0,53.0,30.3,0.0,248
2026-06-05T11:00:00+00:00,z2,11,0.258819045102521,-0.9659258262890682,4,0,0,600,450.0,0,0,3.0,30.3,0.0,167
2026-06-05T11:00:00+00:00,z3,11,0.258819045102521,-0.9659258262890682,4,0,0,900,1200.0,0,0,66.0,30.3,0.0,40
2026-06-05T11:00:00+00:00,z4,11,0.258819045102521,-0.9659258262890682,4,0,0,300,350.0,0,0,11.0,30.3,0.0,0
2026-06-05T12:00:00+00:00,z1,12,1.2246467991473532e-16,-1.0,4,0,0,400,500.0,0,0,52.0,32.8,13.7,133
2026-06-05T12:00:00+00:00,z2,12,1.2246467991473532e-16,-1.0,4,0,0,600,450.0,0,0,2.0,32.8,13.7,162
2026-06-05T12:00:00+00:00,z3,12,1.2246467991473532e-16,-1.0,4,0,0,900,1200.0,0,0,65.0,32.8,13.7,162
2026-06-05T12:00:00+00:00,z4,12,1.2246467991473532e-16,-1.0,4,0,0,300,350.0,0,0,10.0,32.8,13.7,169
2026-06-05T13:00:00+00:00,z1,13,-0.2588190451025208,-0.9659258262890683,4,0,0,400,500.0,0,0,51.0,33.2,0.0,277
2026-06-05T13:00:00+00:00,z2,13,-0.2588190451025208,-0.9659258262890683,4,0,0,600,450.0,0,0,1.0,33.2,0.0,260
2026-06-05T13:00:00+00:00,z3,13,-0.2588190451025208,-0.9659258262890683,4,0,0,900,1200.0,0,0,64.0,33.2,0.0,212
2026-06-05T13:00:00+00:00,z4,13,-0.2588190451025208,-0.9659258262890683,4,0,0,300,350.0,0,0,9.0,33.2,0.0,255
2026-06-05T14:00:00+00:00,z1,14,-0.4999999999999997,-0.8660254037844388,4,0,0,400,500.0,0,0,50.0,37.1,0.0,265
2026-06-05T14:00:00+00:00,z2,14,-0.4999999999999997,-0.8660254037844388,4,0,0,600,450.0,1173,1,47.0,37.1,0.0,620
2026-06-05T14:00:00+00:00,z3,14,-0.4999999999999997,-0.8660254037844388,4,0,0,900,1200.0,0,0,63.0,37.1,0.0,166
2026-06-05T14:00:00+00:00,z4,14,-0.4999999999999997,-0.8660254037844388,4,0,0,300,350.0,0,0,8.0,37.1,0.0,224
2026-06-05T15:00:00+00:00,z1,15,-0.7071067811865471,-0.7071067811865479,4,0,0,400,500.0,0,0,49.0,36.2,0.0,241
2026-06-05T15:00:00+00:00,z2,15,-0.7071067811865471,-0.7071067811865479,4,0,0,600,450.0,1173,1,46.0,36.2,0.0,656
2026-06-05T15:00:00+00:00,z3,15,-0.7071067811865471,-0.7071067811865479,4,0,0,900,1200.0,0,0,62.0,36.2,0.0,230
2026-06-05T15:00:00+00:00,z4,15,-0.7071067811865471,-0.7071067811865479,4,0,0,300,350.0,0,0,7.0,36.2,0.0,71
2026-06-05T16:00:00+00:00,z1,16,-0.8660254037844385,-0.5000000000000004,4,0,0,400,500.0,0,0,48.0,36.3,0.0,242
2026-06-05T16:00:00+00:00,z2,16,-0.8660254037844385,-0.5000000000000004,4,0,0,600,450.0,0,0,45.0,36.3,0.0,189
2026-06-05T16:00:00+00:00,z3,16,-0.8660254037844385,-0.5000000000000004,4,0,0,900,1200.0,0,0,61.0,36.3,0.0,192
2026-06-05T16:00:00+00:00,z4,16,-0.8660254037844385,-0.5000000000000004,4,0,0,300,350.0,0,0,6.0,36.3,0.0,70
2026-06-05T17:00:00+00:00,z1,17,-0.9659258262890683,-0.25881904510252063,4,0,0,400,500.0,0,0,47.0,33.3,0.0,223
2026-06-05T17:00:00+00:00,z2,17,-0.9659258262890683,-0.25881904510252063,4,0,0,600,450.0,0,0,44.0,33.3,0.0,459
2026-06-05T17:00:00+00:00,z3,17,-0.9659258262890683,-0.25881904510252063,4,0,0,900,1200.0,0,0,60.0,33.3,0.0,481
2026-06-05T17:00:00+00:00,z4,17,-0.9659258262890683,-0.25881904510252063,4,0,0,300,350.0,0,0,5.0,33.3,0.0,61
2026-06-05T18:00:00+00:00,z1,18,-1.0,-1.8369701987210297e-16,4,0,0,400,500.0,0,0,46.0,34.5,0.0,217
2026-06-05T18:00:00+00:00,z2,18,-1.0,-1.8369701987210297e-16,4,0,0,600,450.0,0,0,43.0,34.5,0.0,509
2026-06-05T18:00:00+00:00,z3,18,-1.0,-1.8369701987210297e-16,4,0,0,900,1200.0,0,0,59.0,34.5,0.0,544
2026-06-05T18:00:00+00:00,z4,18,-1.0,-1.8369701987210297e-16,4,0,0,300,350.0,0,0,4.0,34.5,0.0,53
2026-06-05T19:00:00+00:00,z1,19,-0.9659258262890684,0.2588190451025203,4,0,0,400,500.0,0,0,45.0,31.0,0.0,224
2026-06-05T19:00:00+00:00,z2,19,-0.9659258262890684,0.2588190451025203,4,0,0,600,450.0,0,0,42.0,31.0,0.0,529
2026-06-05T19:00:00+00:00,z3,19,-0.9659258262890684,0.2588190451025203,4,0,0,900,1200.0,0,0,58.0,31.0,0.0,566
2026-06-05T19:00:00+00:00,z4,19,-0.9659258262890684,0.2588190451025203,4,0,0,300,350.0,0,0,3.0,31.0,0.0,242
2026-06-05T20:00:00+00:00,z1,20,-0.8660254037844386,0.5000000000000001,4,0,0,400,500.0,0,0,44.0,29.8,0.0,99
2026-06-05T20:00:00+00:00,z2,20,-0.8660254037844386,0.5000000000000001,4,0,0,600,450.0,0,0,41.0,29.8,0.0,446
2026-06-05T20:00:00+00:00,z3,20,-0.8660254037844386,0.5000000000000001,4,0,0,900,1200.0,0,0,57.0,29.8,0.0,575
2026-06-05T20:00:00+00:00,z4,20,-0.8660254037844386,0.5000000000000001,4,0,0,300,350.0,0,0,2.0,29.8,0.0,277
2026-06-05T21:00:00+00:00,z1,21,-0.7071067811865477,0.7071067811865474,4,0,0,400,500.0,0,0,43.0,26.6,0.0,94
2026-06-05T21:00:00+00:00,z2,21,-0.7071067811865477,0.7071067811865474,4,0,0,600,450.0,0,0,40.0,26.6,0.0,80
2026-06-05T21:00:00+00:00,z3,21,-0.7071067811865477,0.7071067811865474,4,0,0,900,1200.0,0,0,56.0,26.6,0.0,488
2026-06-05T21:00:00+00:00,z4,21,-0.7071067811865477,0.7071067811865474,4,0,0,300,350.0,0,0,1.0,26.6,0.0,319
2026-06-05T22:00:00+00:00,z1,22,-0.5000000000000004,0.8660254037844384,4,0,0,400,500.0,0,0,42.0,25.1,0.0,82
2026-06-05T22:00:00+00:00,z2,22,-0.5000000000000004,0.8660254037844384,4,0,0,600,450.0,0,0,39.0,25.1,0.0,115
2026-06-05T22:00:00+00:00,z3,22,-0.5000000000000004,0.8660254037844384,4,0,0,900,1200.0,0,0,55.0,25.1,0.0,116
2026-06-05T22:00:00+00:00,z4,22,-0.5000000000000004,0.8660254037844384,4,0,0,300,350.0,651,1,3.0,25.1,0.0,241
2026-06-05T23:00:00+00:00,z1,23,-0.25881904510252157,0.9659258262890681,4,0,0,400,500.0,0,0,41.0,23.4,0.0,107
2026-06-05T23:00:00+00:00,z2,23,-0.25881904510252157,0.9659258262890681,4,0,0,600,450.0,0,0,38.0,23.4,0.0,96
2026-06-05T23:00:00+00:00,z3,23,-0.25881904510252157,0.9659258262890681,4,0,0,900,1200.0,0,0,54.0,23.4,0.0,155
2026-06-05T23:00:00+00:00,z4,23,-0.25881904510252157,0.9659258262890681,4,0,0,300,350.0,651,1,2.0,23.4,0.0,253
2026-06-06T00:00:00+00:00,z1,0,0.0,1.0,5,1,0,400,500.0,0,0,40.0,23.5,0.0,18
2026-06-06T00:00:00+00:00,z2,0,0.0,1.0,5,1,0,600,450.0,0,0,37.0,23.5,0.0,73
2026-06-06T00:00:00+00:00,z3,0,0.0,1.0,5,1,0,900,1200.0,0,0,53.0,23.5,0.0,47
2026-06-06T00:00:00+00:00,z4,0,0.0,1.0,5,1,0,300,350.0,651,1,1.0,23.5,0.0,407
2026-06-06T01:00:00+00:00,z1,1,0.25881904510252074,0.9659258262890683,5,1,0,400,500.0,0,0,39.0,19.3,17.6,0
2026-06-06T01:00:00+00:00,z2,1,0.25881904510252074,0.9659258262890683,5,1,0,600,450.0,0,0,36.0,19.3,17.6,0
2026-06-06T01:00:00+00:00,z3,1,0.25881904510252074,0.9659258262890683,5,1,0,900,1200.0,0,0,52.0,19.3,17.6,2
2026-06-06T01:00:00+00:00,z4,1,0.25881904510252074,0.9659258262890683,5,1,0,300,350.0,477,1,67.0,19.3,17.6,126
2026-06-06T02:00:00+00:00,z1,2,0.49999999999999994,0.8660254037844387,5,1,0,400,500.0,0,0,38.0,21.8,0.0,35
2026-06-06T02:00:00+00:00,z2,2,0.49999999999999994,0.8660254037844387,5,1,0,600,450.0,0,0,35.0,21.8,0.0,30
2026-06-06T02:00:00+00:00,z3,2,0.49999999999999994,0.8660254037844387,5,1,0,900,1200.0,0,0,51.0,21.8,0.0,27
2026-06-06T02:00:00+00:00,z4,2,0.49999999999999994,0.8660254037844387,5,1,0,300,350.0,477,1,66.0,21.8,0.0,195
2026-06-06T03:00:00+00:00,z1,3,0.7071067811865476,0.7071067811865476,5,1,0,400,500.0,0,0,37.0,20.8,0.0,16
2026-06-06T03:00:00+00:00,z2,3,0.7071067811865476,0.7071067811865476,5,1,0,600,450.0,0,0,34.0,20.8,0.0,13
2026-06-06T03:00:00+00:00,z3,3,0.7071067811865476,0.7071067811865476,5,1,0,900,1200.0,0,0,50.0,20.8,0.0,67
2026-06-06T03:00:00+00:00,z4,3,0.7071067811865476,0.7071067811865476,5,1,0,300,350.0,0,0,65.0,20.8,0.0,14
2026-06-06T04:00:00+00:00,z1,4,0.8660254037844386,0.5000000000000001,5,1,0,400,500.0,0,0,36.0,21.4,0.0,4
2026-06-06T04:00:00+00:00,z2,4,0.8660254037844386,0.5000000000000001,5,1,0,600,450.0,0,0,33.0,21.4,0.0,23
2026-06-06T04:00:00+00:00,z3,4,0.8660254037844386,0.5000000000000001,5,1,0,900,1200.0,0,0,49.0,21.4,0.0,14
2026-06-06T04:00:00+00:00,z4,4,0.8660254037844386,0.5000000000000001,5,1,0,300,350.0,0,0,64.0,21.4,0.0,0
2026-06-06T05:00:00+00:00,z1,5,0.9659258262890683,0.25881904510252074,5,1,0,400,500.0,0,0,35.0,21.2,0.0,24
2026-06-06T05:00:00+00:00,z2,5,0.9659258262890683,0.25881904510252074,5,1,0,600,450.0,0,0,32.0,21.2,0.0,53
2026-06-06T05:00:00+00:00,z3,5,0.9659258262890683,0.25881904510252074,5,1,0,900,1200.0,0,0,48.0,21.2,0.0,0
2026-06-06T05:00:00+00:00,z4,5,0.9659258262890683,0.25881904510252074,5,1,0,300,350.0,0,0,63.0,21.2,0.0,13
2026-06-06T06:00:00+00:00,z1,6,1.0,6.123233995736766e-17,5,1,0,400,500.0,0,0,34.0,21.2,0.0,12
2026-06-06T06:00:00+00:00,z2,6,1.0,6.123233995736766e-17,5,1,0,600,450.0,0,0,31.0,21.2,0.0,81
2026-06-06T06:00:00+00:00,z3,6,1.0,6.123233995736766e-17,5,1,0,900,1200.0,0,0,47.0,21.2,0.0,74
2026-06-06T06:00:00+00:00,z4,6,1.0,6.123233995736766e-17,5,1,0,300,350.0,0,0,62.0,21.2,0.0,7
2026-06-06T07:00:00+00:00,z1,7,0.9659258262890683,-0.25881904510252063,5,1,0,400,500.0,0,0,33.0,23.9,0.0,21
2026-06-06T07:00:00+00:00,z2,7,0.9659258262890683,-0.25881904510252063,5,1,0,600,450.0,0,0,30.0,23.9,0.0,75
2026-06-06T07:00:00+00:00,z3,7,0.9659258262890683,-0.25881904510252063,5,1,0,900,1200.0,0,0,46.0,23.9,0.0,97
2026-06-06T07:00:00+00:00,z4,7,0.9659258262890683,-0.25881904510252063,5,1,0,300,350.0,0,0,61.0,23.9,0.0,15
2026-06-06T08:00:00+00:00,z1,8,0.8660254037844387,-0.4999999999999998,5,1,0,400,500.0,0,0,32.0,24.5,21.4,8
2026-06-06T08:00:00+00:00,z2,8,0.8660254037844387,-0.4999999999999998,5,1,0,600,450.0,0,0,29.0,24.5,21.4,51
2026-06-06T08:00:00+00:00,z3,8,0.8660254037844387,-0.4999999999999998,5,1,0,900,1200.0,0,0,45.0,24.5,21.4,34
2026-06-06T08:00:00+00:00,z4,8,0.8660254037844387,-0.4999999999999998,5,1,0,300,350.0,0,0,60.0,24.5,21.4,18
2026-06-06T09:00:00+00:00,z1,9,0.7071067811865476,-0.7071067811865475,5,1,0,400,500.0,0,0,31.0,26.4,0.0,266
2026-06-06T09:00:00+00:00,z2,9,0.7071067811865476,-0.7071067811865475,5,1,0,600,450.0,0,0,28.0,26.4,0.0,72
2026-06-06T09:00:00+00:00,z3,9,0.7071067811865476,-0.7071067811865475,5,1,0,900,1200.0,0,0,44.0,26.4,0.0,93
2026-06-06T09:00:00+00:00,z4,9,0.7071067811865476,-0.7071067811865475,5,1,0,300,350.0,0,0,59.0,26.4,0.0,22
2026-06-06T10:00:00+00:00,z1,10,0.49999999999999994,-0.8660254037844387,5,1,0,400,500.0,0,0,30.0,31.4,0.0,259
2026-06-06T10:00:00+00:00,z2,10,0.49999999999999994,-0.8660254037844387,5,1,0,600,450.0,0,0,27.0,31.4,0.0,100
2026-06-06T10:00:00+00:00,z3,10,0.49999999999999994,-0.8660254037844387,5,1,0,900,1200.0,0,0,43.0,31.4,0.0,72
2026-06-06T10:00:00+00:00,z4,10,0.49999999999999994,-0.8660254037844387,5,1,0,300,350.0,0,0,58.0,31.4,0.0,20
2026-06-06T11:00:00+00:00,z1,11,0.258819045102521,-0.9659258262890682,5,1,0,400,500.0,0,0,29.0,30.2,0.0,286
2026-06-06T11:00:00+00:00,z2,11,0.258819045102521,-0.9659258262890682,5,1,0,600,450.0,0,0,26.0,30.2,0.0,58
2026-06-06T11:00:00+00:00,z3,11,0.258819045102521,-0.9659258262890682,5,1,0,900,1200.0,0,0,42.0,30.2,0.0,385
2026-06-06T11:00:00+00:00,z4,11,0.258819045102521,-0.9659258262890682,5,1,0,300,350.0,0,0,57.0,30.2,0.0,15
2026-06-06T12:00:00+00:00,z1,12,1.2246467991473532e-16,-1.0,5,1,0,400,500.0,0,0,28.0,32.2,0.0,312
2026-06-06T12:00:00+00:00,z2,12,1.2246467991473532e-16,-1.0,5,1,0,600,450.0,0,0,25.0,32.2,0.0,224
2026-06-06T12:00:00+00:00,z3,12,1.2246467991473532e-16,-1.0,5,1,0,900,1200.0,0,0,41.0,32.2,0.0,392
2026-06-06T12:00:00+00:00,z4,12,1.2246467991473532e-16,-1.0,5,1,0,300,350.0,0,0,56.0,32.2,0.0,210
2026-06-06T13:00:00+00:00,z1,13,-0.2588190451025208,-0.9659258262890683,5,1,0,400,500.0,0,0,27.0,36.3,0.0,316
2026-06-06T13:00:00+00:00,z2,13,-0.2588190451025208,-0.9659258262890683,5,1,0,600,450.0,0,0,24.0,36.3,0.0,239
2026-06-06T13:00:00+00:00,z3,13,-0.2588190451025208,-0.9659258262890683,5,1,0,900,1200.0,0,0,40.0,36.3,0.0,415
2026-06-06T13:00:00+00:00,z4,13,-0.2588190451025208,-0.9659258262890683,5,1,0,300,350.0,0,0,55.0,36.3,0.0,255
2026-06-06T14:00:00+00:00,z1,14,-0.4999999999999997,-0.8660254037844388,5,1,0,400,500.0,0,0,26.0,34.4,0.0,310
2026-06-06T14:00:00+00:00,z2,14,-0.4999999999999997,-0.8660254037844388,5,1,0,600,450.0,0,0,23.0,34.4,0.0,272
2026-06-06T14:00:00+00:00,z3,14,-0.4999999999999997,-0.8660254037844388,5,1,0,900,1200.0,0,0,39.0,34.4,0.0,424
2026-06-06T14:00:00+00:00,z4,14,-0.4999999999999997,-0.8660254037844388,5,1,0,300,350.0,0,0,54.0,34.4,0.0,220
2026-06-06T15:00:00+00:00,z1,15,-0.7071067811865471,-0.7071067811865479,5,1,0,400,500.0,0,0,25.0,36.7,0.0,327
2026-06-06T15:00:00+00:00,z2,15,-0.7071067811865471,-0.7071067811865479,5,1,0,600,450.0,0,0,22.0,36.7,0.0,272
2026-06-06T15:00:00+00:00,z3,15,-0.7071067811865471,-0.7071067811865479,5,1,0,900,1200.0,0,0,38.0,36.7,0.0,414
2026-06-06T15:00:00+00:00,z4,15,-0.7071067811865471,-0.7071067811865479,5,1,0,300,350.0,0,0,53.0,36.7,0.0,80
2026-06-06T16:00:00+00:00,z1,16,-0.8660254037844385,-0.5000000000000004,5,1,0,400,500.0,0,0,24.0,36.7,0.0,279
2026-06-06T16:00:00+00:00,z2,16,-0.8660254037844385,-0.5000000000000004,5,1,0,600,450.0,0,0,21.0,36.7,0.0,285
2026-06-06T16:00:00+00:00,z3,16,-0.8660254037844385,-0.5000000000000004,5,1,0,900,1200.0,0,0,37.0,36.7,0.0,736
2026-06-06T16:00:00+00:00,z4,16,-0.8660254037844385,-0.5000000000000004,5,1,0,300,350.0,0,0,52.0,36.7,0.0,71
2026-06-06T17:00:00+00:00,z1,17,-0.9659258262890683,-0.25881904510252063,5,1,0,400,500.0,0,0,23.0,34.2,0.0,300
2026-06-06T17:00:00+00:00,z2,17,-0.9659258262890683,-0.25881904510252063,5,1,0,600,450.0,0,0,20.0,34.2,0.0,288
2026-06-06T17:00:00+00:00,z3,17,-0.9659258262890683,-0.25881904510252063,5,1,0,900,1200.0,0,0,36.0,34.2,0.0,776
2026-06-06T17:00:00+00:00,z4,17,-0.9659258262890683,-0.25881904510252063,5,1,0,300,350.0,0,0,51.0,34.2,0.0,70
2026-06-06T18:00:00+00:00,z1,18,-1.0,-1.8369701987210297e-16,5,1,0,400,500.0,0,0,22.0,35.0,0.0,293
2026-06-06T18:00:00+00:00,z2,18,-1.0,-1.8369701987210297e-16,5,1,0,600,450.0,0,0,19.0,35.0,0.0,297
2026-06-06T18:00:00+00:00,z3,18,-1.0,-1.8369701987210297e-16,5,1,0,900,1200.0,0,0,35.0,35.0,0.0,823
2026-06-06T18:00:00+00:00,z4,18,-1.0,-1.8369701987210297e-16,5,1,0,300,350.0,0,0,50.0,35.0,0.0,79
2026-06-06T19:00:00+00:00,z1,19,-0.9659258262890684,0.2588190451025203,5,1,0,400,500.0,0,0,21.0,33.9,0.0,254
2026-06-06T19:00:00+00:00,z2,19,-0.9659258262890684,0.2588190451025203,5,1,0,600,450.0,0,0,18.0,33.9,0.0,271
2026-06-06T19:00:00+00:00,z3,19,-0.9659258262890684,0.2588190451025203,5,1,0,900,1200.0,0,0,34.0,33.9,0.0,839
2026-06-06T19:00:00+00:00,z4,19,-0.9659258262890684,0.2588190451025203,5,1,0,300,350.0,0,0,49.0,33.9,0.0,236
2026-06-06T20:00:00+00:00,z1,20,-0.8660254037844386,0.5000000000000001,5,1,0,400,500.0,0,0,20.0,29.2,0.0,103
2026-06-06T20:00:00+00:00,z2,20,-0.8660254037844386,0.5000000000000001,5,1,0,600,450.0,0,0,17.0,29.2,0.0,298
2026-06-06T20:00:00+00:00,z3,20,-0.8660254037844386,0.5000000000000001,5,1,0,900,1200.0,0,0,33.0,29.2,0.0,837
2026-06-06T20:00:00+00:00,z4,20,-0.8660254037844386,0.5000000000000001,5,1,0,300,350.0,0,0,48.0,29.2,0.0,267
2026-06-06T21:00:00+00:00,z1,21,-0.7071067811865477,0.7071067811865474,5,1,0,400,500.0,0,0,19.0,28.1,0.0,114
2026-06-06T21:00:00+00:00,z2,21,-0.7071067811865477,0.7071067811865474,5,1,0,600,450.0,0,0,16.0,28.1,0.0,233
2026-06-06T21:00:00+00:00,z3,21,-0.7071067811865477,0.7071067811865474,5,1,0,900,1200.0,0,0,32.0,28.1,0.0,719
2026-06-06T21:00:00+00:00,z4,21,-0.7071067811865477,0.7071067811865474,5,1,0,300,350.0,0,0,47.0,28.1,0.0,231
2026-06-06T22:00:00+00:00,z1,22,-0.5000000000000004,0.8660254037844384,5,1,0,400,500.0,0,0,18.0,27.2,0.0,78
2026-06-06T22:00:00+00:00,z2,22,-0.5000000000000004,0.8660254037844384,5,1,0,600,450.0,0,0,15.0,27.2,0.0,84
2026-06-06T22:00:00+00:00,z3,22,-0.5000000000000004,0.8660254037844384,5,1,0,900,1200.0,0,0,31.0,27.2,0.0,720
2026-06-06T22:00:00+00:00,z4,22,-0.5000000000000004,0.8660254037844384,5,1,0,300,350.0,0,0,46.0,27.2,0.0,30
2026-06-06T23:00:00+00:00,z1,23,-0.25881904510252157,0.9659258262890681,5,1,0,400,500.0,0,0,17.0,22.6,0.0,104
2026-06-06T23:00:00+00:00,z2,23,-0.25881904510252157,0.9659258262890681,5,1,0,600,450.0,0,0,14.0,22.6,0.0,86
2026-06-06T23:00:00+00:00,z3,23,-0.25881904510252157,0.9659258262890681,5,1,0,900,1200.0,0,0,30.0,22.6,0.0,112
2026-06-06T23:00:00+00:00,z4,23,-0.25881904510252157,0.9659258262890681,5,1,0,300,350.0,0,0,45.0,22.6,0.0,0
2026-06-07T00:00:00+00:00,z1,0,0.0,1.0,6,1,0,400,500.0,0,0,16.0,22.9,0.0,23
2026-06-07T00:00:00+00:00,z2,0,0.0,1.0,6,1,0,600,450.0,0,0,13.0,22.9,0.0,104
2026-06-07T00:00:00+00:00,z3,0,0.0,1.0,6,1,0,900,1200.0,0,0,29.0,22.9,0.0,50
2026-06-07T00:00:00+00:00,z4,0,0.0,1.0,6,1,0,300,350.0,0,0,44.0,22.9,0.0,25
2026-06-07T01:00:00+00:00,z1,1,0.25881904510252074,0.9659258262890683,6,1,0,400,500.0,0,0,15.0,21.3,21.5,14
2026-06-07T01:00:00+00:00,z2,1,0.25881904510252074,0.9659258262890683,6,1,0,600,450.0,0,0,12.0,21.3,21.5,5
2026-06-07T01:00:00+00:00,z3,1,0.25881904510252074,0.9659258262890683,6,1,0,900,1200.0,0,0,28.0,21.3,21.5,38
2026-06-07T01:00:00+00:00,z4,1,0.25881904510252074,0.9659258262890683,6,1,0,300,350.0,0,0,43.0,21.3,21.5,27
2026-06-07T02:00:00+00:00,z1,2,0.49999999999999994,0.8660254037844387,6,1,0,400,500.0,0,0,14.0,21.9,0.0,15
2026-06-07T02:00:00+00:00,z2,2,0.49999999999999994,0.8660254037844387,6,1,0,600,450.0,0,0,11.0,21.9,0.0,34
2026-06-07T02:00:00+00:00,z3,2,0.49999999999999994,0.8660254037844387,6,1,0,900,1200.0,0,0,27.0,21.9,0.0,12
2026-06-07T02:00:00+00:00,z4,2,0.49999999999999994,0.8660254037844387,6,1,0,300,350.0,0,0,42.0,21.9,0.0,2
2026-06-07T03:00:00+00:00,z1,3,0.7071067811865476,0.7071067811865476,6,1,0,400,500.0,0,0,13.0,19.4,3.2,18
2026-06-07T03:00:00+00:00,z2,3,0.7071067811865476,0.7071067811865476,6,1,0,600,450.0,0,0,10.0,19.4,3.2,0
2026-06-07T03:00:00+00:00,z3,3,0.7071067811865476,0.7071067811865476,6,1,0,900,1200.0,0,0,26.0,19.4,3.2,27
2026-06-07T03:00:00+00:00,z4,3,0.7071067811865476,0.7071067811865476,6,1,0,300,350.0,0,0,41.0,19.4,3.2,3
2026-06-07T04:00:00+00:00,z1,4,0.8660254037844386,0.5000000000000001,6,1,0,400,500.0,0,0,12.0,18.4,0.0,24
2026-06-07T04:00:00+00:00,z2,4,0.8660254037844386,0.5000000000000001,6,1,0,600,450.0,0,0,9.0,18.4,0.0,30
2026-06-07T04:00:00+00:00,z3,4,0.8660254037844386,0.5000000000000001,6,1,0,900,1200.0,0,0,25.0,18.4,0.0,67
2026-06-07T04:00:00+00:00,z4,4,0.8660254037844386,0.5000000000000001,6,1,0,300,350.0,0,0,40.0,18.4,0.0,3
2026-06-07T05:00:00+00:00,z1,5,0.9659258262890683,0.25881904510252074,6,1,0,400,500.0,0,0,11.0,20.2,0.0,13
2026-06-07T05:00:00+00:00,z2,5,0.9659258262890683,0.25881904510252074,6,1,0,600,450.0,0,0,8.0,20.2,0.0,0
2026-06-07T05:00:00+00:00,z3,5,0.9659258262890683,0.25881904510252074,6,1,0,900,1200.0,0,0,24.0,20.2,0.0,25
2026-06-07T05:00:00+00:00,z4,5,0.9659258262890683,0.25881904510252074,6,1,0,300,350.0,0,0,39.0,20.2,0.0,13
2026-06-07T06:00:00+00:00,z1,6,1.0,6.123233995736766e-17,6,1,0,400,500.0,0,0,10.0,20.4,7.9,20
2026-06-07T06:00:00+00:00,z2,6,1.0,6.123233995736766e-17,6,1,0,600,450.0,0,0,7.0,20.4,7.9,51
2026-06-07T06:00:00+00:00,z3,6,1.0,6.123233995736766e-17,6,1,0,900,1200.0,0,0,23.0,20.4,7.9,73
2026-06-07T06:00:00+00:00,z4,6,1.0,6.123233995736766e-17,6,1,0,300,350.0,0,0,38.0,20.4,7.9,23
2026-06-07T07:00:00+00:00,z1,7,0.9659258262890683,-0.25881904510252063,6,1,0,400,500.0,0,0,9.0,25.3,0.0,25
2026-06-07T07:00:00+00:00,z2,7,0.9659258262890683,-0.25881904510252063,6,1,0,600,450.0,0,0,6.0,25.3,0.0,124
2026-06-07T07:00:00+00:00,z3,7,0.9659258262890683,-0.25881904510252063,6,1,0,900,1200.0,0,0,22.0,25.3,0.0,69
2026-06-07T07:00:00+00:00,z4,7,0.9659258262890683,-0.25881904510252063,6,1,0,300,350.0,0,0,37.0,25.3,0.0,4
2026-06-07T08:00:00+00:00,z1,8,0.8660254037844387,-0.4999999999999998,6,1,0,400,500.0,0,0,8.0,26.8,0.0,0
2026-06-07T08:00:00+00:00,z2,8,0.8660254037844387,-0.4999999999999998,6,1,0,600,450.0,0,0,5.0,26.8,0.0,117
2026-06-07T08:00:00+00:00,z3,8,0.8660254037844387,-0.4999999999999998,6,1,0,900,1200.0,0,0,21.0,26.8,0.0,108
2026-06-07T08:00:00+00:00,z4,8,0.8660254037844387,-0.4999999999999998,6,1,0,300,350.0,0,0,36.0,26.8,0.0,14
2026-06-07T09:00:00+00:00,z1,9,0.7071067811865476,-0.7071067811865475,6,1,0,400,500.0,0,0,7.0,26.4,0.0,263
2026-06-07T09:00:00+00:00,z2,9,0.7071067811865476,-0.7071067811865475,6,1,0,600,450.0,0,0,4.0,26.4,0.0,70
2026-06-07T09:00:00+00:00,z3,9,0.7071067811865476,-0.7071067811865475,6,1,0,900,1200.0,0,0,20.0,26.4,0.0,156
2026-06-07T09:00:00+00:00,z4,9,0.7071067811865476,-0.7071067811865475,6,1,0,300,350.0,0,0,35.0,26.4,0.0,16
2026-06-07T10:00:00+00:00,z1,10,0.49999999999999994,-0.8660254037844387,6,1,0,400,500.0,0,0,6.0,29.3,11.7,155
2026-06-07T10:00:00+00:00,z2,10,0.49999999999999994,-0.8660254037844387,6,1,0,600,450.0,0,0,3.0,29.3,11.7,81
2026-06-07T10:00:00+00:00,z3,10,0.49999999999999994,-0.8660254037844387,6,1,0,900,1200.0,0,0,19.0,29.3,11.7,62
2026-06-07T10:00:00+00:00,z4,10,0.49999999999999994,-0.8660254037844387,6,1,0,300,350.0,0,0,34.0,29.3,11.7,13
2026-06-07T11:00:00+00:00,z1,11,0.258819045102521,-0.9659258262890682,6,1,0,400,500.0,0,0,5.0,33.2,0.0,286
2026-06-07T11:00:00+00:00,z2,11,0.258819045102521,-0.9659258262890682,6,1,0,600,450.0,0,0,2.0,33.2,0.0,98
2026-06-07T11:00:00+00:00,z3,11,0.258819045102521,-0.9659258262890682,6,1,0,900,1200.0,0,0,18.0,33.2,0.0,421
2026-06-07T11:00:00+00:00,z4,11,0.258819045102521,-0.9659258262890682,6,1,0,300,350.0,0,0,33.0,33.2,0.0,27
2026-06-07T12:00:00+00:00,z1,12,1.2246467991473532e-16,-1.0,6,1,0,400,500.0,0,0,4.0,35.3,0.0,328
2026-06-07T12:00:00+00:00,z2,12,1.2246467991473532e-16,-1.0,6,1,0,600,450.0,0,0,1.0,35.3,0.0,331
2026-06-07T12:00:00+00:00,z3,12,1.2246467991473532e-16,-1.0,6,1,0,900,1200.0,0,0,17.0,35.3,0.0,335
2026-06-07T12:00:00+00:00,z4,12,1.2246467991473532e-16,-1.0,6,1,0,300,350.0,0,0,32.0,35.3,0.0,224
2026-06-07T13:00:00+00:00,z1,13,-0.2588190451025208,-0.9659258262890683,6,1,0,400,500.0,0,0,3.0,35.0,0.0,318
2026-06-07T13:00:00+00:00,z2,13,-0.2588190451025208,-0.9659258262890683,6,1,0,600,450.0,1080,1,16.0,35.0,0.0,658
2026-06-07T13:00:00+00:00,z3,13,-0.2588190451025208,-0.9659258262890683,6,1,0,900,1200.0,0,0,16.0,35.0,0.0,327
2026-06-07T13:00:00+00:00,z4,13,-0.2588190451025208,-0.9659258262890683,6,1,0,300,350.0,0,0,31.0,35.0,0.0,269
2026-06-07T14:00:00+00:00,z1,14,-0.4999999999999997,-0.8660254037844388,6,1,0,400,500.0,0,0,2.0,35.4,0.0,318
2026-06-07T14:00:00+00:00,z2,14,-0.4999999999999997,-0.8660254037844388,6,1,0,600,450.0,1080,1,15.0,35.4,0.0,649
2026-06-07T14:00:00+00:00,z3,14,-0.4999999999999997,-0.8660254037844388,6,1,0,900,1200.0,0,0,15.0,35.4,0.0,354
2026-06-07T14:00:00+00:00,z4,14,-0.4999999999999997,-0.8660254037844388,6,1,0,300,350.0,0,0,30.0,35.4,0.0,210
2026-06-07T15:00:00+00:00,z1,15,-0.7071067811865471,-0.7071067811865479,6,1,0,400,500.0,0,0,1.0,35.7,0.0,427
2026-06-07T15:00:00+00:00,z2,15,-0.7071067811865471,-0.7071067811865479,6,1,0,600,450.0,1080,1,14.0,35.7,0.0,671
2026-06-07T15:00:00+00:00,z3,15,-0.7071067811865471,-0.7071067811865479,6,1,0,900,1200.0,0,0,14.0,35.7,0.0,333
2026-06-07T15:00:00+00:00,z4,15,-0.7071067811865471,-0.7071067811865479,6,1,0,300,350.0,0,0,29.0,35.7,0.0,72
2026-06-07T16:00:00+00:00,z1,16,-0.8660254037844385,-0.5000000000000004,6,1,0,400,500.0,844,1,71.0,34.0,0.0,600
2026-06-07T16:00:00+00:00,z2,16,-0.8660254037844385,-0.5000000000000004,6,1,0,600,450.0,1080,1,13.0,34.0,0.0,707
2026-06-07T16:00:00+00:00,z3,16,-0.8660254037844385,-0.5000000000000004,6,1,0,900,1200.0,0,0,13.0,34.0,0.0,713
2026-06-07T16:00:00+00:00,z4,16,-0.8660254037844385,-0.5000000000000004,6,1,0,300,350.0,0,0,28.0,34.0,0.0,59
2026-06-07T17:00:00+00:00,z1,17,-0.9659258262890683,-0.25881904510252063,6,1,0,400,500.0,844,1,70.0,36.9,0.0,588
2026-06-07T17:00:00+00:00,z2,17,-0.9659258262890683,-0.25881904510252063,6,1,0,600,450.0,0,0,12.0,36.9,0.0,294
2026-06-07T17:00:00+00:00,z3,17,-0.9659258262890683,-0.25881904510252063,6,1,0,900,1200.0,0,0,12.0,36.9,0.0,701
2026-06-07T17:00:00+00:00,z4,17,-0.9659258262890683,-0.25881904510252063,6,1,0,300,350.0,0,0,27.0,36.9,0.0,69
2026-06-07T18:00:00+00:00,z1,18,-1.0,-1.8369701987210297e-16,6,1,0,400,500.0,844,1,69.0,33.5,0.0,571
2026-06-07T18:00:00+00:00,z2,18,-1.0,-1.8369701987210297e-16,6,1,0,600,450.0,0,0,11.0,33.5,0.0,304
2026-06-07T18:00:00+00:00,z3,18,-1.0,-1.8369701987210297e-16,6,1,0,900,1200.0,0,0,11.0,33.5,0.0,863
2026-06-07T18:00:00+00:00,z4,18,-1.0,-1.8369701987210297e-16,6,1,0,300,350.0,0,0,26.0,33.5,0.0,94
2026-06-07T19:00:00+00:00,z1,19,-0.9659258262890684,0.2588190451025203,6,1,0,400,500.0,844,1,68.0,31.0,20.1,302
2026-06-07T19:00:00+00:00,z2,19,-0.9659258262890684,0.2588190451025203,6,1,0,600,450.0,0,0,10.0,31.0,20.1,189
2026-06-07T19:00:00+00:00,z3,19,-0.9659258262890684,0.2588190451025203,6,1,0,900,1200.0,0,0,10.0,31.0,20.1,525
2026-06-07T19:00:00+00:00,z4,19,-0.9659258262890684,0.2588190451025203,6,1,0,300,350.0,0,0,25.0,31.0,20.1,181
2026-06-07T20:00:00+00:00,z1,20,-0.8660254037844386,0.5000000000000001,6,1,0,400,500.0,844,1,67.0,29.4,0.0,396
2026-06-07T20:00:00+00:00,z2,20,-0.8660254037844386,0.5000000000000001,6,1,0,600,450.0,0,0,9.0,29.4,0.0,260
2026-06-07T20:00:00+00:00,z3,20,-0.8660254037844386,0.5000000000000001,6,1,0,900,1200.0,0,0,9.0,29.4,0.0,819
2026-06-07T20:00:00+00:00,z4,20,-0.8660254037844386,0.5000000000000001,6,1,0,300,350.0,0,0,24.0,29.4,0.0,269
2026-06-07T21:00:00+00:00,z1,21,-0.7071067811865477,0.7071067811865474,6,1,0,400,500.0,0,0,66.0,28.5,0.0,93
2026-06-07T21:00:00+00:00,z2,21,-0.7071067811865477,0.7071067811865474,6,1,0,600,450.0,0,0,8.0,28.5,0.0,230
2026-06-07T21:00:00+00:00,z3,21,-0.7071067811865477,0.7071067811865474,6,1,0,900,1200.0,0,0,8.0,28.5,0.0,773
2026-06-07T21:00:00+00:00,z4,21,-0.7071067811865477,0.7071067811865474,6,1,0,300,350.0,0,0,23.0,28.5,0.0,235
2026-06-07T22:00:00+00:00,z1,22,-0.5000000000000004,0.8660254037844384,6,1,0,400,500.0,0,0,65.0,26.9,0.0,91
2026-06-07T22:00:00+00:00,z2,22,-0.5000000000000004,0.8660254037844384,6,1,0,600,450.0,0,0,7.0,26.9,0.0,92
2026-06-07T22:00:00+00:00,z3,22,-0.5000000000000004,0.8660254037844384,6,1,0,900,1200.0,0,0,7.0,26.9,0.0,713
2026-06-07T22:00:00+00:00,z4,22,-0.5000000000000004,0.8660254037844384,6,1,0,300,350.0,0,0,22.0,26.9,0.0,29
2026-06-07T23:00:00+00:00,z1,23,-0.25881904510252157,0.9659258262890681,6,1,0,400,500.0,0,0,64.0,22.2,0.0,68
2026-06-07T23:00:00+00:00,z2,23,-0.25881904510252157,0.9659258262890681,6,1,0,600,450.0,0,0,6.0,22.2,0.0,110
2026-06-07T23:00:00+00:00,z3,23,-0.25881904510252157,0.9659258262890681,6,1,0,900,1200.0,0,0,6.0,22.2,0.0,124
2026-06-07T23:00:00+00:00,z4,23,-0.25881904510252157,0.9659258262890681,6,1,0,300,350.0,0,0,21.0,22.2,0.0,0
2026-06-08T00:00:00+00:00,z1,0,0.0,1.0,0,0,0,400,500.0,0,0,63.0,23.6,0.0,16
2026-06-08T00:00:00+00:00,z2,0,0.0,1.0,0,0,0,600,450.0,0,0,5.0,23.6,0.0,83
2026-06-08T00:00:00+00:00,z3,0,0.0,1.0,0,0,0,900,1200.0,0,0,5.0,23.6,0.0,34
2026-06-08T00:00:00+00:00,z4,0,0.0,1.0,0,0,0,300,350.0,0,0,20.0,23.6,0.0,8
2026-06-08T01:00:00+00:00,z1,1,0.25881904510252074,0.9659258262890683,0,0,0,400,500.0,0,0,62.0,22.2,0.0,3
2026-06-08T01:00:00+00:00,z2,1,0.25881904510252074,0.9659258262890683,0,0,0,600,450.0,0,0,4.0,22.2,0.0,55
2026-06-08T01:00:00+00:00,z3,1,0.25881904510252074,0.9659258262890683,0,0,0,900,1200.0,0,0,4.0,22.2,0.0,65
2026-06-08T01:00:00+00:00,z4,1,0.25881904510252074,0.9659258262890683,0,0,0,300,350.0,0,0,19.0,22.2,0.0,18
2026-06-08T02:00:00+00:00,z1,2,0.49999999999999994,0.8660254037844387,0,0,0,400,500.0,0,0,61.0,21.4,0.0,20
2026-06-08T02:00:00+00:00,z2,2,0.49999999999999994,0.8660254037844387,0,0,0,600,450.0,0,0,3.0,21.4,0.0,0
2026-06-08T02:00:00+00:00,z3,2,0.49999999999999994,0.8660254037844387,0,0,0,900,1200.0,0,0,3.0,21.4,0.0,9
2026-06-08T02:00:00+00:00,z4,2,0.49999999999999994,0.8660254037844387,0,0,0,300,350.0,0,0,18.0,21.4,0.0,11
2026-06-08T03:00:00+00:00,z1,3,0.7071067811865476,0.7071067811865476,0,0,0,400,500.0,0,0,60.0,21.7,0.0,5
2026-06-08T03:00:00+00:00,z2,3,0.7071067811865476,0.7071067811865476,0,0,0,600,450.0,0,0,2.0,21.7,0.0,35
2026-06-08T03:00:00+00:00,z3,3,0.7071067811865476,0.7071067811865476,0,0,0,900,1200.0,0,0,2.0,21.7,0.0,18
2026-06-08T03:00:00+00:00,z4,3,0.7071067811865476,0.7071067811865476,0,0,0,300,350.0,0,0,17.0,21.7,0.0,9
2026-06-08T04:00:00+00:00,z1,4,0.8660254037844386,0.5000000000000001,0,0,0,400,500.0,0,0,59.0,19.0,0.0,26
2026-06-08T04:00:00+00:00,z2,4,0.8660254037844386,0.5000000000000001,0,0,0,600,450.0,0,0,1.0,19.0,0.0,136
2026-06-08T04:00:00+00:00,z3,4,0.8660254037844386,0.5000000000000001,0,0,0,900,1200.0,0,0,1.0,19.0,0.0,117
2026-06-08T04:00:00+00:00,z4,4,0.8660254037844386,0.5000000000000001,0,0,0,300,350.0,0,0,16.0,19.0,0.0,18
2026-06-08T05:00:00+00:00,z1,5,0.9659258262890683,0.25881904510252074,0,0,0,400,500.0,0,0,58.0,20.5,0.0,4
2026-06-08T05:00:00+00:00,z2,5,0.9659258262890683,0.25881904510252074,0,0,0,600,450.0,711,1,99.0,20.5,0.0,288
2026-06-08T05:00:00+00:00,z3,5,0.9659258262890683,0.25881904510252074,0,0,0,900,1200.0,1436,1,23.0,20.5,0.0,547
2026-06-08T05:00:00+00:00,z4,5,0.9659258262890683,0.25881904510252074,0,0,0,300,350.0,0,0,15.0,20.5,0.0,12
2026-06-08T06:00:00+00:00,z1,6,1.0,6.123233995736766e-17,0,0,0,400,500.0,0,0,57.0,22.3,0.0,24
2026-06-08T06:00:00+00:00,z2,6,1.0,6.123233995736766e-17,0,0,0,600,450.0,711,1,99.0,22.3,0.0,316
2026-06-08T06:00:00+00:00,z3,6,1.0,6.123233995736766e-17,0,0,0,900,1200.0,1436,1,22.0,22.3,0.0,600
2026-06-08T06:00:00+00:00,z4,6,1.0,6.123233995736766e-17,0,0,0,300,350.0,0,0,14.0,22.3,0.0,13
2026-06-08T07:00:00+00:00,z1,7,0.9659258262890683,-0.25881904510252063,0,0,0,400,500.0,0,0,56.0,25.7,0.0,14
2026-06-08T07:00:00+00:00,z2,7,0.9659258262890683,-0.25881904510252063,0,0,0,600,450.0,711,1,99.0,25.7,0.0,358
2026-06-08T07:00:00+00:00,z3,7,0.9659258262890683,-0.25881904510252063,0,0,0,900,1200.0,1436,1,21.0,25.7,0.0,556
2026-06-08T07:00:00+00:00,z4,7,0.9659258262890683,-0.25881904510252063,0,0,0,300,350.0,0,0,13.0,25.7,0.0,2
2026-06-08T08:00:00+00:00,z1,8,0.8660254037844387,-0.4999999999999998,0,0,0,400,500.0,0,0,55.0,27.1,0.0,1
2026-06-08T08:00:00+00:00,z2,8,0.8660254037844387,-0.4999999999999998,0,0,0,600,450.0,711,1,99.0,27.1,0.0,680
2026-06-08T08:00:00+00:00,z3,8,0.8660254037844387,-0.4999999999999998,0,0,0,900,1200.0,1436,1,20.0,27.1,0.0,540
2026-06-08T08:00:00+00:00,z4,8,0.8660254037844387,-0.4999999999999998,0,0,0,300,350.0,0,0,12.0,27.1,0.0,31
2026-06-08T09:00:00+00:00,z1,9,0.7071067811865476,-0.7071067811865475,0,0,0,400,500.0,0,0,54.0,26.3,0.0,175
2026-06-08T09:00:00+00:00,z2,9,0.7071067811865476,-0.7071067811865475,0,0,0,600,450.0,0,0,99.0,26.3,0.0,541
2026-06-08T09:00:00+00:00,z3,9,0.7071067811865476,-0.7071067811865475,0,0,0,900,1200.0,1436,1,19.0,26.3,0.0,580
2026-06-08T09:00:00+00:00,z4,9,0.7071067811865476,-0.7071067811865475,0,0,0,300,350.0,0,0,11.0,26.3,0.0,14
2026-06-08T10:00:00+00:00,z1,10,0.49999999999999994,-0.8660254037844387,0,0,0,400,500.0,0,0,53.0,31.4,0.0,212
2026-06-08T10:00:00+00:00,z2,10,0.49999999999999994,-0.8660254037844387,0,0,0,600,450.0,0,0,99.0,31.4,0.0,427
2026-06-08T10:00:00+00:00,z3,10,0.49999999999999994,-0.8660254037844387,0,0,0,900,1200.0,0,0,18.0,31.4,0.0,71
2026-06-08T10:00:00+00:00,z4,10,0.49999999999999994,-0.8660254037844387,0,0,0,300,350.0,0,0,10.0,31.4,0.0,25
2026-06-08T11:00:00+00:00,z1,11,0.258819045102521,-0.9659258262890682,0,0,0,400,500.0,0,0,52.0,31.3,17.2,131
2026-06-08T11:00:00+00:00,z2,11,0.258819045102521,-0.9659258262890682,0,0,0,600,450.0,0,0,99.0,31.3,17.2,151
2026-06-08T11:00:00+00:00,z3,11,0.258819045102521,-0.9659258262890682,0,0,0,900,1200.0,0,0,17.0,31.3,17.2,30
2026-06-08T11:00:00+00:00,z4,11,0.258819045102521,-0.9659258262890682,0,0,0,300,350.0,0,0,9.0,31.3,17.2,11
2026-06-08T12:00:00+00:00,z1,12,1.2246467991473532e-16,-1.0,0,0,0,400,500.0,0,0,51.0,34.1,0.0,252
2026-06-08T12:00:00+00:00,z2,12,1.2246467991473532e-16,-1.0,0,0,0,600,450.0,0,0,99.0,34.1,0.0,191
2026-06-08T12:00:00+00:00,z3,12,1.2246467991473532e-16,-1.0,0,0,0,900,1200.0,0,0,16.0,34.1,0.0,175
2026-06-08T12:00:00+00:00,z4,12,1.2246467991473532e-16,-1.0,0,0,0,300,350.0,0,0,8.0,34.1,0.0,232
2026-06-08T13:00:00+00:00,z1,13,-0.2588190451025208,-0.9659258262890683,0,0,0,400,500.0,0,0,50.0,33.1,0.0,259
2026-06-08T13:00:00+00:00,z2,13,-0.2588190451025208,-0.9659258262890683,0,0,0,600,450.0,0,0,99.0,33.1,0.0,198
2026-06-08T13:00:00+00:00,z3,13,-0.2588190451025208,-0.9659258262890683,0,0,0,900,1200.0,0,0,15.0,33.1,0.0,270
2026-06-08T13:00:00+00:00,z4,13,-0.2588190451025208,-0.9659258262890683,0,0,0,300,350.0,0,0,7.0,33.1,0.0,258
2026-06-08T14:00:00+00:00,z1,14,-0.4999999999999997,-0.8660254037844388,0,0,0,400,500.0,0,0,49.0,34.8,0.0,254
2026-06-08T14:00:00+00:00,z2,14,-0.4999999999999997,-0.8660254037844388,0,0,0,600,450.0,0,0,99.0,34.8,0.0,223
2026-06-08T14:00:00+00:00,z3,14,-0.4999999999999997,-0.8660254037844388,0,0,0,900,1200.0,0,0,14.0,34.8,0.0,192
2026-06-08T14:00:00+00:00,z4,14,-0.4999999999999997,-0.8660254037844388,0,0,0,300,350.0,0,0,6.0,34.8,0.0,216
2026-06-08T15:00:00+00:00,z1,15,-0.7071067811865471,-0.7071067811865479,0,0,0,400,500.0,0,0,48.0,36.6,0.0,262
2026-06-08T15:00:00+00:00,z2,15,-0.7071067811865471,-0.7071067811865479,0,0,0,600,450.0,0,0,99.0,36.6,0.0,197
2026-06-08T15:00:00+00:00,z3,15,-0.7071067811865471,-0.7071067811865479,0,0,0,900,1200.0,0,0,13.0,36.6,0.0,269
2026-06-08T15:00:00+00:00,z4,15,-0.7071067811865471,-0.7071067811865479,0,0,0,300,350.0,0,0,5.0,36.6,0.0,87
2026-06-08T16:00:00+00:00,z1,16,-0.8660254037844385,-0.5000000000000004,0,0,0,400,500.0,0,0,47.0,34.3,0.0,252
2026-06-08T16:00:00+00:00,z2,16,-0.8660254037844385,-0.5000000000000004,0,0,0,600,450.0,0,0,99.0,34.3,0.0,245
2026-06-08T16:00:00+00:00,z3,16,-0.8660254037844385,-0.5000000000000004,0,0,0,900,1200.0,0,0,12.0,34.3,0.0,228
2026-06-08T16:00:00+00:00,z4,16,-0.8660254037844385,-0.5000000000000004,0,0,0,300,350.0,0,0,4.0,34.3,0.0,71
2026-06-08T17:00:00+00:00,z1,17,-0.9659258262890683,-0.25881904510252063,0,0,0,400,500.0,0,0,46.0,36.0,0.0,213
2026-06-08T17:00:00+00:00,z2,17,-0.9659258262890683,-0.25881904510252063,0,0,0,600,450.0,0,0,99.0,36.0,0.0,427
2026-06-08T17:00:00+00:00,z3,17,-0.9659258262890683,-0.25881904510252063,0,0,0,900,1200.0,0,0,11.0,36.0,0.0,478
2026-06-08T17:00:00+00:00,z4,17,-0.9659258262890683,-0.25881904510252063,0,0,0,300,350.0,0,0,3.0,36.0,0.0,69
2026-06-08T18:00:00+00:00,z1,18,-1.0,-1.8369701987210297e-16,0,0,0,400,500.0,0,0,45.0,33.9,0.0,225
2026-06-08T18:00:00+00:00,z2,18,-1.0,-1.8369701987210297e-16,0,0,0,600,450.0,0,0,99.0,33.9,0.0,515
2026-06-08T18:00:00+00:00,z3,18,-1.0,-1.8369701987210297e-16,0,0,0,900,1200.0,0,0,10.0,33.9,0.0,564
2026-06-08T18:00:00+00:00,z4,18,-1.0,-1.8369701987210297e-16,0,0,0,300,350.0,0,0,2.0,33.9,0.0,69
2026-06-08T19:00:00+00:00,z1,19,-0.9659258262890684,0.2588190451025203,0,0,0,400,500.0,0,0,44.0,33.8,0.0,193
2026-06-08T19:00:00+00:00,z2,19,-0.9659258262890684,0.2588190451025203,0,0,0,600,450.0,0,0,99.0,33.8,0.0,503
2026-06-08T19:00:00+00:00,z3,19,-0.9659258262890684,0.2588190451025203,0,0,0,900,1200.0,0,0,9.0,33.8,0.0,560
2026-06-08T19:00:00+00:00,z4,19,-0.9659258262890684,0.2588190451025203,0,0,0,300,350.0,0,0,1.0,33.8,0.0,328
2026-06-08T20:00:00+00:00,z1,20,-0.8660254037844386,0.5000000000000001,0,0,0,400,500.0,0,0,43.0,31.1,0.0,88
2026-06-08T20:00:00+00:00,z2,20,-0.8660254037844386,0.5000000000000001,0,0,0,600,450.0,0,0,99.0,31.1,0.0,469
2026-06-08T20:00:00+00:00,z3,20,-0.8660254037844386,0.5000000000000001,0,0,0,900,1200.0,0,0,8.0,31.1,0.0,533
2026-06-08T20:00:00+00:00,z4,20,-0.8660254037844386,0.5000000000000001,0,0,0,300,350.0,980,1,82.0,31.1,0.0,534
2026-06-08T21:00:00+00:00,z1,21,-0.7071067811865477,0.7071067811865474,0,0,0,400,500.0,0,0,42.0,28.1,0.0,106
2026-06-08T21:00:00+00:00,z2,21,-0.7071067811865477,0.7071067811865474,0,0,0,600,450.0,0,0,99.0,28.1,0.0,93
2026-06-08T21:00:00+00:00,z3,21,-0.7071067811865477,0.7071067811865474,0,0,0,900,1200.0,0,0,7.0,28.1,0.0,472
2026-06-08T21:00:00+00:00,z4,21,-0.7071067811865477,0.7071067811865474,0,0,0,300,350.0,980,1,81.0,28.1,0.0,486
2026-06-08T22:00:00+00:00,z1,22,-0.5000000000000004,0.8660254037844384,0,0,0,400,500.0,0,0,41.0,26.5,0.0,93
2026-06-08T22:00:00+00:00,z2,22,-0.5000000000000004,0.8660254037844384,0,0,0,600,450.0,0,0,99.0,26.5,0.0,92
2026-06-08T22:00:00+00:00,z3,22,-0.5000000000000004,0.8660254037844384,0,0,0,900,1200.0,0,0,6.0,26.5,0.0,141
2026-06-08T22:00:00+00:00,z4,22,-0.5000000000000004,0.8660254037844384,0,0,0,300,350.0,980,1,80.0,26.5,0.0,254
2026-06-08T23:00:00+00:00,z1,23,-0.25881904510252157,0.9659258262890681,0,0,0,400,500.0,0,0,40.0,22.5,0.0,114
2026-06-08T23:00:00+00:00,z2,23,-0.25881904510252157,0.9659258262890681,0,0,0,600,450.0,0,0,99.0,22.5,0.0,77
2026-06-08T23:00:00+00:00,z3,23,-0.25881904510252157,0.9659258262890681,0,0,0,900,1200.0,0,0,5.0,22.5,0.0,71
2026-06-08T23:00:00+00:00,z4,23,-0.25881904510252157,0.9659258262890681,0,0,0,300,350.0,980,1,79.0,22.5,0.0,271
2026-06-09T00:00:00+00:00,z1,0,0.0,1.0,1,0,0,400,500.0,0,0,39.0,22.3,0.0,12
2026-06-09T00:00:00+00:00,z2,0,0.0,1.0,1,0,0,600,450.0,0,0,99.0,22.3,0.0,123
2026-06-09T00:00:00+00:00,z3,0,0.0,1.0,1,0,0,900,1200.0,0,0,4.0,22.3,0.0,91
2026-06-09T00:00:00+00:00,z4,0,0.0,1.0,1,0,0,300,350.0,0,0,78.0,22.3,0.0,10
2026-06-09T01:00:00+00:00,z1,1,0.25881904510252074,0.9659258262890683,1,0,0,400,500.0,0,0,38.0,21.3,0.0,19
2026-06-09T01:00:00+00:00,z2,1,0.25881904510252074,0.9659258262890683,1,0,0,600,450.0,0,0,99.0,21.3,0.0,38
2026-06-09T01:00:00+00:00,z3,1,0.25881904510252074,0.9659258262890683,1,0,0,900,1200.0,0,0,3.0,21.3,0.0,62
2026-06-09T01:00:00+00:00,z4,1,0.25881904510252074,0.9659258262890683,1,0,0,300,350.0,0,0,77.0,21.3,0.0,0
2026-06-09T02:00:00+00:00,z1,2,0.49999999999999994,0.8660254037844387,1,0,0,400,500.0,0,0,37.0,21.9,0.0,1
2026-06-09T02:00:00+00:00,z2,2,0.49999999999999994,0.8660254037844387,1,0,0,600,450.0,0,0,99.0,21.9,0.0,23
2026-06-09T02:00:00+00:00,z3,2,0.49999999999999994,0.8660254037844387,1,0,0,900,1200.0,0,0,2.0,21.9,0.0,28
2026-06-09T02:00:00+00:00,z4,2,0.49999999999999994,0.8660254037844387,1,0,0,300,350.0,0,0,76.0,21.9,0.0,20
2026-06-09T03:00:00+00:00,z1,3,0.7071067811865476,0.7071067811865476,1,0,0,400,500.0,0,0,36.0,19.8,17.7,12
2026-06-09T03:00:00+00:00,z2,3,0.7071067811865476,0.7071067811865476,1,0,0,600,450.0,0,0,99.0,19.8,17.7,0
2026-06-09T03:00:00+00:00,z3,3,0.7071067811865476,0.7071067811865476,1,0,0,900,1200.0,0,0,1.0,19.8,17.7,80
2026-06-09T03:00:00+00:00,z4,3,0.7071067811865476,0.7071067811865476,1,0,0,300,350.0,0,0,75.0,19.8,17.7,10
2026-06-09T04:00:00+00:00,z1,4,0.8660254037844386,0.5000000000000001,1,0,0,400,500.0,0,0,35.0,20.4,0.0,25
2026-06-09T04:00:00+00:00,z2,4,0.8660254037844386,0.5000000000000001,1,0,0,600,450.0,0,0,99.0,20.4,0.0,44
2026-06-09T04:00:00+00:00,z3,4,0.8660254037844386,0.5000000000000001,1,0,0,900,1200.0,458,1,1.0,20.4,0.0,340
2026-06-09T04:00:00+00:00,z4,4,0.8660254037844386,0.5000000000000001,1,0,0,300,350.0,0,0,74.0,20.4,0.0,16
2026-06-09T05:00:00+00:00,z1,5,0.9659258262890683,0.25881904510252074,1,0,0,400,500.0,0,0,34.0,22.2,0.0,9
2026-06-09T05:00:00+00:00,z2,5,0.9659258262890683,0.25881904510252074,1,0,0,600,450.0,0,0,99.0,22.2,0.0,0
2026-06-09T05:00:00+00:00,z3,5,0.9659258262890683,0.25881904510252074,1,0,0,900,1200.0,821,2,35.0,22.2,0.0,321
2026-06-09T05:00:00+00:00,z4,5,0.9659258262890683,0.25881904510252074,1,0,0,300,350.0,0,0,73.0,22.2,0.0,15
2026-06-09T06:00:00+00:00,z1,6,1.0,6.123233995736766e-17,1,0,0,400,500.0,0,0,33.0,20.4,0.0,23
2026-06-09T06:00:00+00:00,z2,6,1.0,6.123233995736766e-17,1,0,0,600,450.0,0,0,99.0,20.4,0.0,67
2026-06-09T06:00:00+00:00,z3,6,1.0,6.123233995736766e-17,1,0,0,900,1200.0,363,1,34.0,20.4,0.0,170
2026-06-09T06:00:00+00:00,z4,6,1.0,6.123233995736766e-17,1,0,0,300,350.0,0,0,72.0,20.4,0.0,24
2026-06-09T07:00:00+00:00,z1,7,0.9659258262890683,-0.25881904510252063,1,0,0,400,500.0,0,0,32.0,23.5,0.0,20
2026-06-09T07:00:00+00:00,z2,7,0.9659258262890683,-0.25881904510252063,1,0,0,600,450.0,0,0,99.0,23.5,0.0,102
2026-06-09T07:00:00+00:00,z3,7,0.9659258262890683,-0.25881904510252063,1,0,0,900,1200.0,363,1,33.0,23.5,0.0,200
2026-06-09T07:00:00+00:00,z4,7,0.9659258262890683,-0.25881904510252063,1,0,0,300,350.0,0,0,71.0,23.5,0.0,15
2026-06-09T08:00:00+00:00,z1,8,0.8660254037844387,-0.4999999999999998,1,0,0,400,500.0,0,0,31.0,26.1,0.0,31
2026-06-09T08:00:00+00:00,z2,8,0.8660254037844387,-0.4999999999999998,1,0,0,600,450.0,0,0,99.0,26.1,0.0,411
2026-06-09T08:00:00+00:00,z3,8,0.8660254037844387,-0.4999999999999998,1,0,0,900,1200.0,0,0,32.0,26.1,0.0,75
2026-06-09T08:00:00+00:00,z4,8,0.8660254037844387,-0.4999999999999998,1,0,0,300,350.0,0,0,70.0,26.1,0.0,11
2026-06-09T09:00:00+00:00,z1,9,0.7071067811865476,-0.7071067811865475,1,0,0,400,500.0,0,0,30.0,26.3,0.0,195
2026-06-09T09:00:00+00:00,z2,9,0.7071067811865476,-0.7071067811865475,1,0,0,600,450.0,0,0,99.0,26.3,0.0,504
2026-06-09T09:00:00+00:00,z3,9,0.7071067811865476,-0.7071067811865475,1,0,0,900,1200.0,0,0,31.0,26.3,0.0,78
2026-06-09T09:00:00+00:00,z4,9,0.7071067811865476,-0.7071067811865475,1,0,0,300,350.0,0,0,69.0,26.3,0.0,11
2026-06-09T10:00:00+00:00,z1,10,0.49999999999999994,-0.8660254037844387,1,0,0,400,500.0,0,0,29.0,32.1,0.0,234
2026-06-09T10:00:00+00:00,z2,10,0.49999999999999994,-0.8660254037844387,1,0,0,600,450.0,0,0,99.0,32.1,0.0,404
2026-06-09T10:00:00+00:00,z3,10,0.49999999999999994,-0.8660254037844387,1,0,0,900,1200.0,0,0,30.0,32.1,0.0,67
2026-06-09T10:00:00+00:00,z4,10,0.49999999999999994,-0.8660254037844387,1,0,0,300,350.0,0,0,68.0,32.1,0.0,11
2026-06-09T11:00:00+00:00,z1,11,0.258819045102521,-0.9659258262890682,1,0,0,400,500.0,0,0,28.0,32.1,0.0,253
2026-06-09T11:00:00+00:00,z2,11,0.258819045102521,-0.9659258262890682,1,0,0,600,450.0,0,0,99.0,32.1,0.0,233
2026-06-09T11:00:00+00:00,z3,11,0.258819045102521,-0.9659258262890682,1,0,0,900,1200.0,0,0,29.0,32.1,0.0,100
2026-06-09T11:00:00+00:00,z4,11,0.258819045102521,-0.9659258262890682,1,0,0,300,350.0,0,0,67.0,32.1,0.0,2
2026-06-09T12:00:00+00:00,z1,12,1.2246467991473532e-16,-1.0,1,0,0,400,500.0,0,0,27.0,32.0,0.0,252
2026-06-09T12:00:00+00:00,z2,12,1.2246467991473532e-16,-1.0,1,0,0,600,450.0,0,0,98.0,32.0,0.0,235
2026-06-09T12:00:00+00:00,z3,12,1.2246467991473532e-16,-1.0,1,0,0,900,1200.0,0,0,28.0,32.0,0.0,223
2026-06-09T12:00:00+00:00,z4,12,1.2246467991473532e-16,-1.0,1,0,0,300,350.0,0,0,66.0,32.0,0.0,235
2026-06-09T13:00:00+00:00,z1,13,-0.2588190451025208,-0.9659258262890683,1,0,0,400,500.0,0,0,26.0,35.6,0.0,251
2026-06-09T13:00:00+00:00,z2,13,-0.2588190451025208,-0.9659258262890683,1,0,0,600,450.0,0,0,97.0,35.6,0.0,258
2026-06-09T13:00:00+00:00,z3,13,-0.2588190451025208,-0.9659258262890683,1,0,0,900,1200.0,0,0,27.0,35.6,0.0,312
2026-06-09T13:00:00+00:00,z4,13,-0.2588190451025208,-0.9659258262890683,1,0,0,300,350.0,0,0,65.0,35.6,0.0,252
2026-06-09T14:00:00+00:00,z1,14,-0.4999999999999997,-0.8660254037844388,1,0,0,400,500.0,0,0,25.0,36.3,0.0,255
2026-06-09T14:00:00+00:00,z2,14,-0.4999999999999997,-0.8660254037844388,1,0,0,600,450.0,0,0,96.0,36.3,0.0,264
2026-06-09T14:00:00+00:00,z3,14,-0.4999999999999997,-0.8660254037844388,1,0,0,900,1200.0,0,0,26.0,36.3,0.0,262
2026-06-09T14:00:00+00:00,z4,14,-0.4999999999999997,-0.8660254037844388,1,0,0,300,350.0,0,0,64.0,36.3,0.0,220
2026-06-09T15:00:00+00:00,z1,15,-0.7071067811865471,-0.7071067811865479,1,0,0,400,500.0,0,0,24.0,37.6,4.9,136
2026-06-09T15:00:00+00:00,z2,15,-0.7071067811865471,-0.7071067811865479,1,0,0,600,450.0,0,0,95.0,37.6,4.9,137
2026-06-09T15:00:00+00:00,z3,15,-0.7071067811865471,-0.7071067811865479,1,0,0,900,1200.0,0,0,25.0,37.6,4.9,71
2026-06-09T15:00:00+00:00,z4,15,-0.7071067811865471,-0.7071067811865479,1,0,0,300,350.0,0,0,63.0,37.6,4.9,43
2026-06-09T16:00:00+00:00,z1,16,-0.8660254037844385,-0.5000000000000004,1,0,0,400,500.0,0,0,23.0,36.6,0.0,236
2026-06-09T16:00:00+00:00,z2,16,-0.8660254037844385,-0.5000000000000004,1,0,0,600,450.0,0,0,94.0,36.6,0.0,223
2026-06-09T16:00:00+00:00,z3,16,-0.8660254037844385,-0.5000000000000004,1,0,0,900,1200.0,0,0,24.0,36.6,0.0,260
2026-06-09T16:00:00+00:00,z4,16,-0.8660254037844385,-0.5000000000000004,1,0,0,300,350.0,0,0,62.0,36.6,0.0,82
2026-06-09T17:00:00+00:00,z1,17,-0.9659258262890683,-0.25881904510252063,1,0,0,400,500.0,0,0,22.0,33.9,0.0,254
2026-06-09T17:00:00+00:00,z2,17,-0.9659258262890683,-0.25881904510252063,1,0,0,600,450.0,0,0,93.0,33.9,0.0,432
2026-06-09T17:00:00+00:00,z3,17,-0.9659258262890683,-0.25881904510252063,1,0,0,900,1200.0,0,0,23.0,33.9,0.0,522
2026-06-09T17:00:00+00:00,z4,17,-0.9659258262890683,-0.25881904510252063,1,0,0,300,350.0,0,0,61.0,33.9,0.0,71
2026-06-09T18:00:00+00:00,z1,18,-1.0,-1.8369701987210297e-16,1,0,0,400,500.0,0,0,21.0,32.2,0.0,218
2026-06-09T18:00:00+00:00,z2,18,-1.0,-1.8369701987210297e-16,1,0,0,600,450.0,0,0,92.0,32.2,0.0,540
2026-06-09T18:00:00+00:00,z3,18,-1.0,-1.8369701987210297e-16,1,0,0,900,1200.0,0,0,22.0,32.2,0.0,528
2026-06-09T18:00:00+00:00,z4,18,-1.0,-1.8369701987210297e-16,1,0,0,300,350.0,0,0,60.0,32.2,0.0,76
2026-06-09T19:00:00+00:00,z1,19,-0.9659258262890684,0.2588190451025203,1,0,0,400,500.0,0,0,20.0,32.0,0.0,202
2026-06-09T19:00:00+00:00,z2,19,-0.9659258262890684,0.2588190451025203,1,0,0,600,450.0,0,0,91.0,32.0,0.0,537
2026-06-09T19:00:00+00:00,z3,19,-0.9659258262890684,0.2588190451025203,1,0,0,900,1200.0,0,0,21.0,32.0,0.0,593
2026-06-09T19:00:00+00:00,z4,19,-0.9659258262890684,0.2588190451025203,1,0,0,300,350.0,0,0,59.0,32.0,0.0,262
2026-06-09T20:00:00+00:00,z1,20,-0.8660254037844386,0.5000000000000001,1,0,0,400,500.0,0,0,19.0,31.8,0.0,92
2026-06-09T20:00:00+00:00,z2,20,-0.8660254037844386,0.5000000000000001,1,0,0,600,450.0,0,0,90.0,31.8,0.0,440
2026-06-09T20:00:00+00:00,z3,20,-0.8660254037844386,0.5000000000000001,1,0,0,900,1200.0,0,0,20.0,31.8,0.0,542
2026-06-09T20:00:00+00:00,z4,20,-0.8660254037844386,0.5000000000000001,1,0,0,300,350.0,0,0,58.0,31.8,0.0,265
2026-06-09T21:00:00+00:00,z1,21,-0.7071067811865477,0.7071067811865474,1,0,0,400,500.0,0,0,18.0,28.6,0.0,92
2026-06-09T21:00:00+00:00,z2,21,-0.7071067811865477,0.7071067811865474,1,0,0,600,450.0,0,0,89.0,28.6,0.0,111
2026-06-09T21:00:00+00:00,z3,21,-0.7071067811865477,0.7071067811865474,1,0,0,900,1200.0,0,0,19.0,28.6,0.0,533
2026-06-09T21:00:00+00:00,z4,21,-0.7071067811865477,0.7071067811865474,1,0,0,300,350.0,0,0,57.0,28.6,0.0,235
2026-06-09T22:00:00+00:00,z1,22,-0.5000000000000004,0.8660254037844384,1,0,0,400,500.0,0,0,17.0,26.4,0.0,90
2026-06-09T22:00:00+00:00,z2,22,-0.5000000000000004,0.8660254037844384,1,0,0,600,450.0,0,0,88.0,26.4,0.0,98
2026-06-09T22:00:00+00:00,z3,22,-0.5000000000000004,0.8660254037844384,1,0,0,900,1200.0,0,0,18.0,26.4,0.0,57
2026-06-09T22:00:00+00:00,z4,22,-0.5000000000000004,0.8660254037844384,1,0,0,300,350.0,0,0,56.0,26.4,0.0,21
2026-06-09T23:00:00+00:00,z1,23,-0.25881904510252157,0.9659258262890681,1,0,0,400,500.0,0,0,16.0,24.3,0.0,102
2026-06-09T23:00:00+00:00,z2,23,-0.25881904510252157,0.9659258262890681,1,0,0,600,450.0,0,0,87.0,24.3,0.0,63
2026-06-09T23:00:00+00:00,z3,23,-0.25881904510252157,0.9659258262890681,1,0,0,900,1200.0,0,0,17.0,24.3,0.0,114
2026-06-09T23:00:00+00:00,z4,23,-0.25881904510252157,0.9659258262890681,1,0,0,300,350.0,0,0,55.0,24.3,0.0,31
2026-06-10T00:00:00+00:00,z1,0,0.0,1.0,2,0,0,400,500.0,0,0,15.0,20.5,16.8,4
2026-06-10T00:00:00+00:00,z2,0,0.0,1.0,2,0,0,600,450.0,0,0,86.0,20.5,16.8,61
2026-06-10T00:00:00+00:00,z3,0,0.0,1.0,2,0,0,900,1200.0,0,0,16.0,20.5,16.8,47
2026-06-10T00:00:00+00:00,z4,0,0.0,1.0,2,0,0,300,350.0,0,0,54.0,20.5,16.8,14
2026-06-10T01:00:00+00:00,z1,1,0.25881904510252074,0.9659258262890683,2,0,0,400,500.0,0,0,14.0,21.4,0.0,25
2026-06-10T01:00:00+00:00,z2,1,0.25881904510252074,0.9659258262890683,2,0,0,600,450.0,0,0,85.0,21.4,0.0,56
2026-06-10T01:00:00+00:00,z3,1,0.25881904510252074,0.9659258262890683,2,0,0,900,1200.0,0,0,15.0,21.4,0.0,30
2026-06-10T01:00:00+00:00,z4,1,0.25881904510252074,0.9659258262890683,2,0,0,300,350.0,0,0,53.0,21.4,0.0,3
2026-06-10T02:00:00+00:00,z1,2,0.49999999999999994,0.8660254037844387,2,0,0,400,500.0,0,0,13.0,20.8,0.0,3
2026-06-10T02:00:00+00:00,z2,2,0.49999999999999994,0.8660254037844387,2,0,0,600,450.0,0,0,84.0,20.8,0.0,8
2026-06-10T02:00:00+00:00,z3,2,0.49999999999999994,0.8660254037844387,2,0,0,900,1200.0,0,0,14.0,20.8,0.0,39
2026-06-10T02:00:00+00:00,z4,2,0.49999999999999994,0.8660254037844387,2,0,0,300,350.0,0,0,52.0,20.8,0.0,28
2026-06-10T03:00:00+00:00,z1,3,0.7071067811865476,0.7071067811865476,2,0,0,400,500.0,0,0,12.0,19.2,3.4,1
2026-06-10T03:00:00+00:00,z2,3,0.7071067811865476,0.7071067811865476,2,0,0,600,450.0,0,0,83.0,19.2,3.4,20
2026-06-10T03:00:00+00:00,z3,3,0.7071067811865476,0.7071067811865476,2,0,0,900,1200.0,0,0,13.0,19.2,3.4,12
2026-06-10T03:00:00+00:00,z4,3,0.7071067811865476,0.7071067811865476,2,0,0,300,350.0,0,0,51.0,19.2,3.4,19
2026-06-10T04:00:00+00:00,z1,4,0.8660254037844386,0.5000000000000001,2,0,0,400,500.0,0,0,11.0,19.5,0.0,47
2026-06-10T04:00:00+00:00,z2,4,0.8660254037844386,0.5000000000000001,2,0,0,600,450.0,0,0,82.0,19.5,0.0,18
2026-06-10T04:00:00+00:00,z3,4,0.8660254037844386,0.5000000000000001,2,0,0,900,1200.0,0,0,12.0,19.5,0.0,31
2026-06-10T04:00:00+00:00,z4,4,0.8660254037844386,0.5000000000000001,2,0,0,300,350.0,0,0,50.0,19.5,0.0,17
2026-06-10T05:00:00+00:00,z1,5,0.9659258262890683,0.25881904510252074,2,0,0,400,500.0,0,0,10.0,20.6,0.0,20
2026-06-10T05:00:00+00:00,z2,5,0.9659258262890683,0.25881904510252074,2,0,0,600,450.0,0,0,81.0,20.6,0.0,54
2026-06-10T05:00:00+00:00,z3,5,0.9659258262890683,0.25881904510252074,2,0,0,900,1200.0,0,0,11.0,20.6,0.0,41
2026-06-10T05:00:00+00:00,z4,5,0.9659258262890683,0.25881904510252074,2,0,0,300,350.0,0,0,49.0,20.6,0.0,5
2026-06-10T06:00:00+00:00,z1,6,1.0,6.123233995736766e-17,2,0,0,400,500.0,0,0,9.0,20.7,0.0,27
2026-06-10T06:00:00+00:00,z2,6,1.0,6.123233995736766e-17,2,0,0,600,450.0,0,0,80.0,20.7,0.0,110
2026-06-10T06:00:00+00:00,z3,6,1.0,6.123233995736766e-17,2,0,0,900,1200.0,0,0,10.0,20.7,0.0,94
2026-06-10T06:00:00+00:00,z4,6,1.0,6.123233995736766e-17,2,0,0,300,350.0,0,0,48.0,20.7,0.0,20
2026-06-10T07:00:00+00:00,z1,7,0.9659258262890683,-0.25881904510252063,2,0,0,400,500.0,0,0,8.0,23.5,0.0,33
2026-06-10T07:00:00+00:00,z2,7,0.9659258262890683,-0.25881904510252063,2,0,0,600,450.0,0,0,79.0,23.5,0.0,111
2026-06-10T07:00:00+00:00,z3,7,0.9659258262890683,-0.25881904510252063,2,0,0,900,1200.0,0,0,9.0,23.5,0.0,109
2026-06-10T07:00:00+00:00,z4,7,0.9659258262890683,-0.25881904510252063,2,0,0,300,350.0,0,0,47.0,23.5,0.0,21
2026-06-10T08:00:00+00:00,z1,8,0.8660254037844387,-0.4999999999999998,2,0,0,400,500.0,0,0,7.0,24.9,0.0,18
2026-06-10T08:00:00+00:00,z2,8,0.8660254037844387,-0.4999999999999998,2,0,0,600,450.0,0,0,78.0,24.9,0.0,423
2026-06-10T08:00:00+00:00,z3,8,0.8660254037844387,-0.4999999999999998,2,0,0,900,1200.0,0,0,8.0,24.9,0.0,105
2026-06-10T08:00:00+00:00,z4,8,0.8660254037844387,-0.4999999999999998,2,0,0,300,350.0,0,0,46.0,24.9,0.0,8
2026-06-10T09:00:00+00:00,z1,9,0.7071067811865476,-0.7071067811865475,2,0,0,400,500.0,0,0,6.0,26.6,0.0,204
2026-06-10T09:00:00+00:00,z2,9,0.7071067811865476,-0.7071067811865475,2,0,0,600,450.0,0,0,77.0,26.6,0.0,503
2026-06-10T09:00:00+00:00,z3,9,0.7071067811865476,-0.7071067811865475,2,0,0,900,1200.0,0,0,7.0,26.6,0.0,73
2026-06-10T09:00:00+00:00,z4,9,0.7071067811865476,-0.7071067811865475,2,0,0,300,350.0,0,0,45.0,26.6,0.0,27
2026-06-10T10:00:00+00:00,z1,10,0.49999999999999994,-0.8660254037844387,2,0,0,400,500.0,0,0,5.0,30.4,0.0,221
2026-06-10T10:00:00+00:00,z2,10,0.49999999999999994,-0.8660254037844387,2,0,0,600,450.0,0,0,76.0,30.4,0.0,421
2026-06-10T10:00:00+00:00,z3,10,0.49999999999999994,-0.8660254037844387,2,0,0,900,1200.0,0,0,6.0,30.4,0.0,35
2026-06-10T10:00:00+00:00,z4,10,0.49999999999999994,-0.8660254037844387,2,0,0,300,350.0,0,0,44.0,30.4,0.0,22
2026-06-10T11:00:00+00:00,z1,11,0.258819045102521,-0.9659258262890682,2,0,0,400,500.0,0,0,4.0,33.1,0.0,243
2026-06-10T11:00:00+00:00,z2,11,0.258819045102521,-0.9659258262890682,2,0,0,600,450.0,0,0,75.0,33.1,0.0,250
2026-06-10T11:00:00+00:00,z3,11,0.258819045102521,-0.9659258262890682,2,0,0,900,1200.0,0,0,5.0,33.1,0.0,64
2026-06-10T11:00:00+00:00,z4,11,0.258819045102521,-0.9659258262890682,2,0,0,300,350.0,0,0,43.0,33.1,0.0,17
2026-06-10T12:00:00+00:00,z1,12,1.2246467991473532e-16,-1.0,2,0,0,400,500.0,0,0,3.0,33.7,0.0,252
2026-06-10T12:00:00+00:00,z2,12,1.2246467991473532e-16,-1.0,2,0,0,600,450.0,0,0,74.0,33.7,0.0,210
2026-06-10T12:00:00+00:00,z3,12,1.2246467991473532e-16,-1.0,2,0,0,900,1200.0,0,0,4.0,33.7,0.0,262
2026-06-10T12:00:00+00:00,z4,12,1.2246467991473532e-16,-1.0,2,0,0,300,350.0,0,0,42.0,33.7,0.0,228
2026-06-10T13:00:00+00:00,z1,13,-0.2588190451025208,-0.9659258262890683,2,0,0,400,500.0,0,0,2.0,34.9,0.0,264
2026-06-10T13:00:00+00:00,z2,13,-0.2588190451025208,-0.9659258262890683,2,0,0,600,450.0,0,0,73.0,34.9,0.0,196
2026-06-10T13:00:00+00:00,z3,13,-0.2588190451025208,-0.9659258262890683,2,0,0,900,1200.0,0,0,3.0,34.9,0.0,200
2026-06-10T13:00:00+00:00,z4,13,-0.2588190451025208,-0.9659258262890683,2,0,0,300,350.0,0,0,41.0,34.9,0.0,257
2026-06-10T14:00:00+00:00,z1,14,-0.4999999999999997,-0.8660254037844388,2,0,0,400,500.0,0,0,1.0,33.9,0.0,373
2026-06-10T14:00:00+00:00,z2,14,-0.4999999999999997,-0.8660254037844388,2,0,0,600,450.0,0,0,72.0,33.9,0.0,214
2026-06-10T14:00:00+00:00,z3,14,-0.4999999999999997,-0.8660254037844388,2,0,0,900,1200.0,0,0,2.0,33.9,0.0,242
2026-06-10T14:00:00+00:00,z4,14,-0.4999999999999997,-0.8660254037844388,2,0,0,300,350.0,0,0,40.0,33.9,0.0,219
2026-06-10T15:00:00+00:00,z1,15,-0.7071067811865471,-0.7071067811865479,2,0,0,400,500.0,1024,1,8.0,35.9,0.0,591
2026-06-10T15:00:00+00:00,z2,15,-0.7071067811865471,-0.7071067811865479,2,0,0,600,450.0,0,0,71.0,35.9,0.0,203
2026-06-10T15:00:00+00:00,z3,15,-0.7071067811865471,-0.7071067811865479,2,0,0,900,1200.0,0,0,1.0,35.9,0.0,304
2026-06-10T15:00:00+00:00,z4,15,-0.7071067811865471,-0.7071067811865479,2,0,0,300,350.0,0,0,39.0,35.9,0.0,85
2026-06-10T16:00:00+00:00,z1,16,-0.8660254037844385,-0.5000000000000004,2,0,0,400,500.0,1024,1,7.0,36.6,0.0,587
2026-06-10T16:00:00+00:00,z2,16,-0.8660254037844385,-0.5000000000000004,2,0,0,600,450.0,0,0,70.0,36.6,0.0,201
2026-06-10T16:00:00+00:00,z3,16,-0.8660254037844385,-0.5000000000000004,2,0,0,900,1200.0,1475,1,59.0,36.6,0.0,717
2026-06-10T16:00:00+00:00,z4,16,-0.8660254037844385,-0.5000000000000004,2,0,0,300,350.0,0,0,38.0,36.6,0.0,91
2026-06-10T17:00:00+00:00,z1,17,-0.9659258262890683,-0.25881904510252063,2,0,0,400,500.0,0,0,6.0,33.7,0.0,218
2026-06-10T17:00:00+00:00,z2,17,-0.9659258262890683,-0.25881904510252063,2,0,0,600,450.0,0,0,69.0,33.7,0.0,410
2026-06-10T17:00:00+00:00,z3,17,-0.9659258262890683,-0.25881904510252063,2,0,0,900,1200.0,1475,1,58.0,33.7,0.0,1023
2026-06-10T17:00:00+00:00,z4,17,-0.9659258262890683,-0.25881904510252063,2,0,0,300,350.0,0,0,37.0,33.7,0.0,57
2026-06-10T18:00:00+00:00,z1,18,-1.0,-1.8369701987210297e-16,2,0,0,400,500.0,0,0,5.0,33.7,0.0,206
2026-06-10T18:00:00+00:00,z2,18,-1.0,-1.8369701987210297e-16,2,0,0,600,450.0,0,0,68.0,33.7,0.0,541
2026-06-10T18:00:00+00:00,z3,18,-1.0,-1.8369701987210297e-16,2,0,0,900,1200.0,1475,1,57.0,33.7,0.0,1081
2026-06-10T18:00:00+00:00,z4,18,-1.0,-1.8369701987210297e-16,2,0,0,300,350.0,0,0,36.0,33.7,0.0,62
2026-06-10T19:00:00+00:00,z1,19,-0.9659258262890684,0.2588190451025203,2,0,0,400,500.0,0,0,4.0,34.0,0.0,185
2026-06-10T19:00:00+00:00,z2,19,-0.9659258262890684,0.2588190451025203,2,0,0,600,450.0,0,0,67.0,34.0,0.0,544
2026-06-10T19:00:00+00:00,z3,19,-0.9659258262890684,0.2588190451025203,2,0,0,900,1200.0,0,0,56.0,34.0,0.0,603
2026-06-10T19:00:00+00:00,z4,19,-0.9659258262890684,0.2588190451025203,2,0,0,300,350.0,0,0,35.0,34.0,0.0,239
2026-06-10T20:00:00+00:00,z1,20,-0.8660254037844386,0.5000000000000001,2,0,0,400,500.0,0,0,3.0,28.5,0.0,122
2026-06-10T20:00:00+00:00,z2,20,-0.8660254037844386,0.5000000000000001,2,0,0,600,450.0,0,0,66.0,28.5,0.0,431
2026-06-10T20:00:00+00:00,z3,20,-0.8660254037844386,0.5000000000000001,2,0,0,900,1200.0,0,0,55.0,28.5,0.0,517
2026-06-10T20:00:00+00:00,z4,20,-0.8660254037844386,0.5000000000000001,2,0,0,300,350.0,0,0,34.0,28.5,0.0,264
2026-06-10T21:00:00+00:00,z1,21,-0.7071067811865477,0.7071067811865474,2,0,0,400,500.0,0,0,2.0,27.6,0.0,99
2026-06-10T21:00:00+00:00,z2,21,-0.7071067811865477,0.7071067811865474,2,0,0,600,450.0,0,0,65.0,27.6,0.0,94
2026-06-10T21:00:00+00:00,z3,21,-0.7071067811865477,0.7071067811865474,2,0,0,900,1200.0,0,0,54.0,27.6,0.0,488
2026-06-10T21:00:00+00:00,z4,21,-0.7071067811865477,0.7071067811865474,2,0,0,300,350.0,0,0,33.0,27.6,0.0,243
2026-06-10T22:00:00+00:00,z1,22,-0.5000000000000004,0.8660254037844384,2,0,0,400,500.0,0,0,1.0,25.3,0.0,185
2026-06-10T22:00:00+00:00,z2,22,-0.5000000000000004,0.8660254037844384,2,0,0,600,450.0,0,0,64.0,25.3,0.0,116
2026-06-10T22:00:00+00:00,z3,22,-0.5000000000000004,0.8660254037844384,2,0,0,900,1200.0,0,0,53.0,25.3,0.0,70
2026-06-10T22:00:00+00:00,z4,22,-0.5000000000000004,0.8660254037844384,2,0,0,300,350.0,0,0,32.0,25.3,0.0,25
2026-06-10T23:00:00+00:00,z1,23,-0.25881904510252157,0.9659258262890681,2,0,0,400,500.0,846,1,12.0,25.0,0.0,400
2026-06-10T23:00:00+00:00,z2,23,-0.25881904510252157,0.9659258262890681,2,0,0,600,450.0,0,0,63.0,25.0,0.0,98
2026-06-10T23:00:00+00:00,z3,23,-0.25881904510252157,0.9659258262890681,2,0,0,900,1200.0,0,0,52.0,25.0,0.0,87
2026-06-10T23:00:00+00:00,z4,23,-0.25881904510252157,0.9659258262890681,2,0,0,300,350.0,0,0,31.0,25.0,0.0,19
2026-06-11T00:00:00+00:00,z1,0,0.0,1.0,3,0,0,400,500.0,846,1,11.0,22.4,0.0,324
2026-06-11T00:00:00+00:00,z2,0,0.0,1.0,3,0,0,600,450.0,0,0,62.0,22.4,0.0,114
2026-06-11T00:00:00+00:00,z3,0,0.0,1.0,3,0,0,900,1200.0,0,0,51.0,22.4,0.0,77
2026-06-11T00:00:00+00:00,z4,0,0.0,1.0,3,0,0,300,350.0,0,0,30.0,22.4,0.0,21
2026-06-11T01:00:00+00:00,z1,1,0.25881904510252074,0.9659258262890683,3,0,0,400,500.0,846,1,10.0,19.3,0.0,307
2026-06-11T01:00:00+00:00,z2,1,0.25881904510252074,0.9659258262890683,3,0,0,600,450.0,0,0,61.0,19.3,0.0,46
2026-06-11T01:00:00+00:00,z3,1,0.25881904510252074,0.9659258262890683,3,0,0,900,1200.0,0,0,50.0,19.3,0.0,12
2026-06-11T01:00:00+00:00,z4,1,0.25881904510252074,0.9659258262890683,3,0,0,300,350.0,0,0,29.0,19.3,0.0,28
2026-06-11T02:00:00+00:00,z1,2,0.49999999999999994,0.8660254037844387,3,0,0,400,500.0,0,0,9.0,20.3,0.0,15
2026-06-11T02:00:00+00:00,z2,2,0.49999999999999994,0.8660254037844387,3,0,0,600,450.0,0,0,60.0,20.3,0.0,0
2026-06-11T02:00:00+00:00,z3,2,0.49999999999999994,0.8660254037844387,3,0,0,900,1200.0,0,0,49.0,20.3,0.0,48
2026-06-11T02:00:00+00:00,z4,2,0.49999999999999994,0.8660254037844387,3,0,0,300,350.0,0,0,28.0,20.3,0.0,7
2026-06-11T03:00:00+00:00,z1,3,0.7071067811865476,0.7071067811865476,3,0,0,400,500.0,0,0,8.0,19.2,0.0,28
2026-06-11T03:00:00+00:00,z2,3,0.7071067811865476,0.7071067811865476,3,0,0,600,450.0,0,0,59.0,19.2,0.0,10
2026-06-11T03:00:00+00:00,z3,3,0.7071067811865476,0.7071067811865476,3,0,0,900,1200.0,0,0,48.0,19.2,0.0,25
2026-06-11T03:00:00+00:00,z4,3,0.7071067811865476,0.7071067811865476,3,0,0,300,350.0,0,0,27.0,19.2,0.0,0
2026-06-11T04:00:00+00:00,z1,4,0.8660254037844386,0.5000000000000001,3,0,0,400,500.0,0,0,7.0,21.5,0.0,11
2026-06-11T04:00:00+00:00,z2,4,0.8660254037844386,0.5000000000000001,3,0,0,600,450.0,0,0,58.0,21.5,0.0,0
2026-06-11T04:00:00+00:00,z3,4,0.8660254037844386,0.5000000000000001,3,0,0,900,1200.0,0,0,47.0,21.5,0.0,0
2026-06-11T04:00:00+00:00,z4,4,0.8660254037844386,0.5000000000000001,3,0,0,300,350.0,0,0,26.0,21.5,0.0,20
2026-06-11T05:00:00+00:00,z1,5,0.9659258262890683,0.25881904510252074,3,0,0,400,500.0,0,0,6.0,22.0,0.0,18
2026-06-11T05:00:00+00:00,z2,5,0.9659258262890683,0.25881904510252074,3,0,0,600,450.0,0,0,57.0,22.0,0.0,28
2026-06-11T05:00:00+00:00,z3,5,0.9659258262890683,0.25881904510252074,3,0,0,900,1200.0,0,0,46.0,22.0,0.0,18
2026-06-11T05:00:00+00:00,z4,5,0.9659258262890683,0.25881904510252074,3,0,0,300,350.0,0,0,25.0,22.0,0.0,13
2026-06-11T06:00:00+00:00,z1,6,1.0,6.123233995736766e-17,3,0,0,400,500.0,0,0,5.0,23.4,0.0,20
2026-06-11T06:00:00+00:00,z2,6,1.0,6.123233995736766e-17,3,0,0,600,450.0,0,0,56.0,23.4,0.0,69
2026-06-11T06:00:00+00:00,z3,6,1.0,6.123233995736766e-17,3,0,0,900,1200.0,0,0,45.0,23.4,0.0,113
2026-06-11T06:00:00+00:00,z4,6,1.0,6.123233995736766e-17,3,0,0,300,350.0,0,0,24.0,23.4,0.0,23
2026-06-11T07:00:00+00:00,z1,7,0.9659258262890683,-0.25881904510252063,3,0,0,400,500.0,0,0,4.0,24.9,0.0,17
2026-06-11T07:00:00+00:00,z2,7,0.9659258262890683,-0.25881904510252063,3,0,0,600,450.0,0,0,55.0,24.9,0.0,90
2026-06-11T07:00:00+00:00,z3,7,0.9659258262890683,-0.25881904510252063,3,0,0,900,1200.0,0,0,44.0,24.9,0.0,78
2026-06-11T07:00:00+00:00,z4,7,0.9659258262890683,-0.25881904510252063,3,0,0,300,350.0,0,0,23.0,24.9,0.0,0
2026-06-11T08:00:00+00:00,z1,8,0.8660254037844387,-0.4999999999999998,3,0,0,400,500.0,0,0,3.0,24.6,0.0,17
2026-06-11T08:00:00+00:00,z2,8,0.8660254037844387,-0.4999999999999998,3,0,0,600,450.0,0,0,54.0,24.6,0.0,408
2026-06-11T08:00:00+00:00,z3,8,0.8660254037844387,-0.4999999999999998,3,0,0,900,1200.0,0,0,43.0,24.6,0.0,45
2026-06-11T08:00:00+00:00,z4,8,0.8660254037844387,-0.4999999999999998,3,0,0,300,350.0,0,0,22.0,24.6,0.0,12
2026-06-11T09:00:00+00:00,z1,9,0.7071067811865476,-0.7071067811865475,3,0,0,400,500.0,0,0,2.0,28.5,0.0,222
2026-06-11T09:00:00+00:00,z2,9,0.7071067811865476,-0.7071067811865475,3,0,0,600,450.0,0,0,53.0,28.5,0.0,522
2026-06-11T09:00:00+00:00,z3,9,0.7071067811865476,-0.7071067811865475,3,0,0,900,1200.0,0,0,42.0,28.5,0.0,57
2026-06-11T09:00:00+00:00,z4,9,0.7071067811865476,-0.7071067811865475,3,0,0,300,350.0,0,0,21.0,28.5,0.0,20
2026-06-11T10:00:00+00:00,z1,10,0.49999999999999994,-0.8660254037844387,3,0,0,400,500.0,0,0,1.0,28.7,0.0,335
2026-06-11T10:00:00+00:00,z2,10,0.49999999999999994,-0.8660254037844387,3,0,0,600,450.0,0,0,52.0,28.7,0.0,437
2026-06-11T10:00:00+00:00,z3,10,0.49999999999999994,-0.8660254037844387,3,0,0,900,1200.0,0,0,41.0,28.7,0.0,74
2026-06-11T10:00:00+00:00,z4,10,0.49999999999999994,-0.8660254037844387,3,0,0,300,350.0,0,0,20.0,28.7,0.0,9
2026-06-11T11:00:00+00:00,z1,11,0.258819045102521,-0.9659258262890682,3,0,0,400,500.0,264,1,8.0,30.1,0.0,336
2026-06-11T11:00:00+00:00,z2,11,0.258819045102521,-0.9659258262890682,3,0,0,600,450.0,0,0,51.0,30.1,0.0,194
2026-06-11T11:00:00+00:00,z3,11,0.258819045102521,-0.9659258262890682,3,0,0,900,1200.0,0,0,40.0,30.1,0.0,96
2026-06-11T11:00:00+00:00,z4,11,0.258819045102521,-0.9659258262890682,3,0,0,300,350.0,0,0,19.0,30.1,0.0,21
2026-06-11T12:00:00+00:00,z1,12,1.2246467991473532e-16,-1.0,3,0,0,400,500.0,264,1,7.0,31.7,0.0,354
2026-06-11T12:00:00+00:00,z2,12,1.2246467991473532e-16,-1.0,3,0,0,600,450.0,0,0,50.0,31.7,0.0,179
2026-06-11T12:00:00+00:00,z3,12,1.2246467991473532e-16,-1.0,3,0,0,900,1200.0,0,0,39.0,31.7,0.0,278
2026-06-11T12:00:00+00:00,z4,12,1.2246467991473532e-16,-1.0,3,0,0,300,350.0,0,0,18.0,31.7,0.0,227
2026-06-11T13:00:00+00:00,z1,13,-0.2588190451025208,-0.9659258262890683,3,0,0,400,500.0,264,1,6.0,34.6,0.0,374
2026-06-11T13:00:00+00:00,z2,13,-0.2588190451025208,-0.9659258262890683,3,0,0,600,450.0,0,0,49.0,34.6,0.0,223
2026-06-11T13:00:00+00:00,z3,13,-0.2588190451025208,-0.9659258262890683,3,0,0,900,1200.0,0,0,38.0,34.6,0.0,305
2026-06-11T13:00:00+00:00,z4,13,-0.2588190451025208,-0.9659258262890683,3,0,0,300,350.0,0,0,17.0,34.6,0.0,257
2026-06-11T14:00:00+00:00,z1,14,-0.4999999999999997,-0.8660254037844388,3,0,0,400,500.0,0,0,5.0,36.7,5.2,135
2026-06-11T14:00:00+00:00,z2,14,-0.4999999999999997,-0.8660254037844388,3,0,0,600,450.0,0,0,48.0,36.7,5.2,136
2026-06-11T14:00:00+00:00,z3,14,-0.4999999999999997,-0.8660254037844388,3,0,0,900,1200.0,0,0,37.0,36.7,5.2,106
2026-06-11T14:00:00+00:00,z4,14,-0.4999999999999997,-0.8660254037844388,3,0,0,300,350.0,0,0,16.0,36.7,5.2,173
2026-06-11T15:00:00+00:00,z1,15,-0.7071067811865471,-0.7071067811865479,3,0,0,400,500.0,0,0,4.0,36.6,0.0,263
2026-06-11T15:00:00+00:00,z2,15,-0.7071067811865471,-0.7071067811865479,3,0,0,600,450.0,0,0,47.0,36.6,0.0,188
2026-06-11T15:00:00+00:00,z3,15,-0.7071067811865471,-0.7071067811865479,3,0,0,900,1200.0,0,0,36.0,36.6,0.0,195
2026-06-11T15:00:00+00:00,z4,15,-0.7071067811865471,-0.7071067811865479,3,0,0,300,350.0,0,0,15.0,36.6,0.0,101
2026-06-11T16:00:00+00:00,z1,16,-0.8660254037844385,-0.5000000000000004,3,0,0,400,500.0,0,0,3.0,35.1,0.0,269
2026-06-11T16:00:00+00:00,z2,16,-0.8660254037844385,-0.5000000000000004,3,0,0,600,450.0,0,0,46.0,35.1,0.0,234
2026-06-11T16:00:00+00:00,z3,16,-0.8660254037844385,-0.5000000000000004,3,0,0,900,1200.0,0,0,35.0,35.1,0.0,246
2026-06-11T16:00:00+00:00,z4,16,-0.8660254037844385,-0.5000000000000004,3,0,0,300,350.0,0,0,14.0,35.1,0.0,77
2026-06-11T17:00:00+00:00,z1,17,-0.9659258262890683,-0.25881904510252063,3,0,0,400,500.0,0,0,2.0,35.7,0.0,243
2026-06-11T17:00:00+00:00,z2,17,-0.9659258262890683,-0.25881904510252063,3,0,0,600,450.0,0,0,45.0,35.7,0.0,432
2026-06-11T17:00:00+00:00,z3,17,-0.9659258262890683,-0.25881904510252063,3,0,0,900,1200.0,0,0,34.0,35.7,0.0,488
2026-06-11T17:00:00+00:00,z4,17,-0.9659258262890683,-0.25881904510252063,3,0,0,300,350.0,0,0,13.0,35.7,0.0,50
2026-06-11T18:00:00+00:00,z1,18,-1.0,-1.8369701987210297e-16,3,0,0,400,500.0,0,0,1.0,32.6,0.0,323
2026-06-11T18:00:00+00:00,z2,18,-1.0,-1.8369701987210297e-16,3,0,0,600,450.0,0,0,44.0,32.6,0.0,540
2026-06-11T18:00:00+00:00,z3,18,-1.0,-1.8369701987210297e-16,3,0,0,900,1200.0,0,0,33.0,32.6,0.0,546
2026-06-11T18:00:00+00:00,z4,18,-1.0,-1.8369701987210297e-16,3,0,0,300,350.0,0,0,12.0,32.6,0.0,80
2026-06-11T19:00:00+00:00,z1,19,-0.9659258262890684,0.2588190451025203,3,0,0,400,500.0,302,1,32.0,33.9,0.0,291
2026-06-11T19:00:00+00:00,z2,19,-0.9659258262890684,0.2588190451025203,3,0,0,600,450.0,0,0,43.0,33.9,0.0,502
2026-06-11T19:00:00+00:00,z3,19,-0.9659258262890684,0.2588190451025203,3,0,0,900,1200.0,0,0,32.0,33.9,0.0,591
2026-06-11T19:00:00+00:00,z4,19,-0.9659258262890684,0.2588190451025203,3,0,0,300,350.0,0,0,11.0,33.9,0.0,249
2026-06-11T20:00:00+00:00,z1,20,-0.8660254037844386,0.5000000000000001,3,0,0,400,500.0,302,1,31.0,29.2,0.0,226
2026-06-11T20:00:00+00:00,z2,20,-0.8660254037844386,0.5000000000000001,3,0,0,600,450.0,0,0,42.0,29.2,0.0,442
2026-06-11T20:00:00+00:00,z3,20,-0.8660254037844386,0.5000000000000001,3,0,0,900,1200.0,0,0,31.0,29.2,0.0,588
2026-06-11T20:00:00+00:00,z4,20,-0.8660254037844386,0.5000000000000001,3,0,0,300,350.0,0,0,10.0,29.2,0.0,270
2026-06-11T21:00:00+00:00,z1,21,-0.7071067811865477,0.7071067811865474,3,0,0,400,500.0,302,1,30.0,28.8,0.0,204
2026-06-11T21:00:00+00:00,z2,21,-0.7071067811865477,0.7071067811865474,3,0,0,600,450.0,0,0,41.0,28.8,0.0,106
2026-06-11T21:00:00+00:00,z3,21,-0.7071067811865477,0.7071067811865474,3,0,0,900,1200.0,0,0,30.0,28.8,0.0,513
2026-06-11T21:00:00+00:00,z4,21,-0.7071067811865477,0.7071067811865474,3,0,0,300,350.0,0,0,9.0,28.8,0.0,226
2026-06-11T22:00:00+00:00,z1,22,-0.5000000000000004,0.8660254037844384,3,0,0,400,500.0,302,1,29.0,25.3,0.0,223
2026-06-11T22:00:00+00:00,z2,22,-0.5000000000000004,0.8660254037844384,3,0,0,600,450.0,0,0,40.0,25.3,0.0,115
2026-06-11T22:00:00+00:00,z3,22,-0.5000000000000004,0.8660254037844384,3,0,0,900,1200.0,0,0,29.0,25.3,0.0,55
2026-06-11T22:00:00+00:00,z4,22,-0.5000000000000004,0.8660254037844384,3,0,0,300,350.0,0,0,8.0,25.3,0.0,19
2026-06-11T23:00:00+00:00,z1,23,-0.25881904510252157,0.9659258262890681,3,0,0,400,500.0,0,0,28.0,25.2,0.0,106
2026-06-11T23:00:00+00:00,z2,23,-0.25881904510252157,0.9659258262890681,3,0,0,600,450.0,0,0,39.0,25.2,0.0,95
2026-06-11T23:00:00+00:00,z3,23,-0.25881904510252157,0.9659258262890681,3,0,0,900,1200.0,0,0,28.0,25.2,0.0,57
2026-06-11T23:00:00+00:00,z4,23,-0.25881904510252157,0.9659258262890681,3,0,0,300,350.0,0,0,7.0,25.2,0.0,9
2026-06-12T00:00:00+00:00,z1,0,0.0,1.0,4,0,0,400,500.0,0,0,27.0,20.8,0.0,20
2026-06-12T00:00:00+00:00,z2,0,0.0,1.0,4,0,0,600,450.0,0,0,38.0,20.8,0.0,111
2026-06-12T00:00:00+00:00,z3,0,0.0,1.0,4,0,0,900,1200.0,0,0,27.0,20.8,0.0,87
2026-06-12T00:00:00+00:00,z4,0,0.0,1.0,4,0,0,300,350.0,0,0,6.0,20.8,0.0,12
2026-06-12T01:00:00+00:00,z1,1,0.25881904510252074,0.9659258262890683,4,0,0,400,500.0,0,0,26.0,20.6,0.0,27
2026-06-12T01:00:00+00:00,z2,1,0.25881904510252074,0.9659258262890683,4,0,0,600,450.0,0,0,37.0,20.6,0.0,0
2026-06-12T01:00:00+00:00,z3,1,0.25881904510252074,0.9659258262890683,4,0,0,900,1200.0,0,0,26.0,20.6,0.0,71
2026-06-12T01:00:00+00:00,z4,1,0.25881904510252074,0.9659258262890683,4,0,0,300,350.0,0,0,5.0,20.6,0.0,0
2026-06-12T02:00:00+00:00,z1,2,0.49999999999999994,0.8660254037844387,4,0,0,400,500.0,0,0,25.0,19.4,0.0,8
2026-06-12T02:00:00+00:00,z2,2,0.49999999999999994,0.8660254037844387,4,0,0,600,450.0,0,0,36.0,19.4,0.0,0
2026-06-12T02:00:00+00:00,z3,2,0.49999999999999994,0.8660254037844387,4,0,0,900,1200.0,0,0,25.0,19.4,0.0,0
2026-06-12T02:00:00+00:00,z4,2,0.49999999999999994,0.8660254037844387,4,0,0,300,350.0,0,0,4.0,19.4,0.0,21
2026-06-12T03:00:00+00:00,z1,3,0.7071067811865476,0.7071067811865476,4,0,0,400,500.0,0,0,24.0,18.8,0.0,14
2026-06-12T03:00:00+00:00,z2,3,0.7071067811865476,0.7071067811865476,4,0,0,600,450.0,0,0,35.0,18.8,0.0,31
2026-06-12T03:00:00+00:00,z3,3,0.7071067811865476,0.7071067811865476,4,0,0,900,1200.0,0,0,24.0,18.8,0.0,20
2026-06-12T03:00:00+00:00,z4,3,0.7071067811865476,0.7071067811865476,4,0,0,300,350.0,0,0,3.0,18.8,0.0,16
2026-06-12T04:00:00+00:00,z1,4,0.8660254037844386,0.5000000000000001,4,0,0,400,500.0,0,0,23.0,20.6,0.0,17
2026-06-12T04:00:00+00:00,z2,4,0.8660254037844386,0.5000000000000001,4,0,0,600,450.0,0,0,34.0,20.6,0.0,0
2026-06-12T04:00:00+00:00,z3,4,0.8660254037844386,0.5000000000000001,4,0,0,900,1200.0,0,0,23.0,20.6,0.0,62
2026-06-12T04:00:00+00:00,z4,4,0.8660254037844386,0.5000000000000001,4,0,0,300,350.0,0,0,2.0,20.6,0.0,2
2026-06-12T05:00:00+00:00,z1,5,0.9659258262890683,0.25881904510252074,4,0,0,400,500.0,0,0,22.0,20.7,0.0,0
2026-06-12T05:00:00+00:00,z2,5,0.9659258262890683,0.25881904510252074,4,0,0,600,450.0,0,0,33.0,20.7,0.0,18
2026-06-12T05:00:00+00:00,z3,5,0.9659258262890683,0.25881904510252074,4,0,0,900,1200.0,0,0,22.0,20.7,0.0,59
2026-06-12T05:00:00+00:00,z4,5,0.9659258262890683,0.25881904510252074,4,0,0,300,350.0,0,0,1.0,20.7,0.0,119
2026-06-12T06:00:00+00:00,z1,6,1.0,6.123233995736766e-17,4,0,0,400,500.0,0,0,21.0,24.1,0.0,16
2026-06-12T06:00:00+00:00,z2,6,1.0,6.123233995736766e-17,4,0,0,600,450.0,0,0,32.0,24.1,0.0,84
2026-06-12T06:00:00+00:00,z3,6,1.0,6.123233995736766e-17,4,0,0,900,1200.0,0,0,21.0,24.1,0.0,63
2026-06-12T06:00:00+00:00,z4,6,1.0,6.123233995736766e-17,4,0,0,300,350.0,1420,1,18.0,24.1,0.0,274
2026-06-12T07:00:00+00:00,z1,7,0.9659258262890683,-0.25881904510252063,4,0,0,400,500.0,0,0,20.0,25.7,0.0,25
2026-06-12T07:00:00+00:00,z2,7,0.9659258262890683,-0.25881904510252063,4,0,0,600,450.0,0,0,31.0,25.7,0.0,98
2026-06-12T07:00:00+00:00,z3,7,0.9659258262890683,-0.25881904510252063,4,0,0,900,1200.0,0,0,20.0,25.7,0.0,100
2026-06-12T07:00:00+00:00,z4,7,0.9659258262890683,-0.25881904510252063,4,0,0,300,350.0,1420,1,17.0,25.7,0.0,257
2026-06-12T08:00:00+00:00,z1,8,0.8660254037844387,-0.4999999999999998,4,0,0,400,500.0,0,0,19.0,25.8,0.0,17
2026-06-12T08:00:00+00:00,z2,8,0.8660254037844387,-0.4999999999999998,4,0,0,600,450.0,0,0,30.0,25.8,0.0,416
2026-06-12T08:00:00+00:00,z3,8,0.8660254037844387,-0.4999999999999998,4,0,0,900,1200.0,0,0,19.0,25.8,0.0,70
2026-06-12T08:00:00+00:00,z4,8,0.8660254037844387,-0.4999999999999998,4,0,0,300,350.0,1420,1,16.0,25.8,0.0,255
2026-06-12T09:00:00+00:00,z1,9,0.7071067811865476,-0.7071067811865475,4,0,0,400,500.0,0,0,18.0,29.9,0.0,209
2026-06-12T09:00:00+00:00,z2,9,0.7071067811865476,-0.7071067811865475,4,0,0,600,450.0,0,0,29.0,29.9,0.0,511
2026-06-12T09:00:00+00:00,z3,9,0.7071067811865476,-0.7071067811865475,4,0,0,900,1200.0,0,0,18.0,29.9,0.0,92
2026-06-12T09:00:00+00:00,z4,9,0.7071067811865476,-0.7071067811865475,4,0,0,300,350.0,1420,1,15.0,29.9,0.0,254
2026-06-12T10:00:00+00:00,z1,10,0.49999999999999994,-0.8660254037844387,4,0,0,400,500.0,0,0,17.0,30.7,0.0,219
2026-06-12T10:00:00+00:00,z2,10,0.49999999999999994,-0.8660254037844387,4,0,0,600,450.0,0,0,28.0,30.7,0.0,384
2026-06-12T10:00:00+00:00,z3,10,0.49999999999999994,-0.8660254037844387,4,0,0,900,1200.0,0,0,17.0,30.7,0.0,97
2026-06-12T10:00:00+00:00,z4,10,0.49999999999999994,-0.8660254037844387,4,0,0,300,350.0,1420,1,14.0,30.7,0.0,258
2026-06-12T11:00:00+00:00,z1,11,0.258819045102521,-0.9659258262890682,4,0,0,400,500.0,0,0,16.0,30.4,0.0,247
2026-06-12T11:00:00+00:00,z2,11,0.258819045102521,-0.9659258262890682,4,0,0,600,450.0,0,0,27.0,30.4,0.0,160
2026-06-12T11:00:00+00:00,z3,11,0.258819045102521,-0.9659258262890682,4,0,0,900,1200.0,0,0,16.0,30.4,0.0,128
2026-06-12T11:00:00+00:00,z4,11,0.258819045102521,-0.9659258262890682,4,0,0,300,350.0,0,0,13.0,30.4,0.0,14
2026-06-12T12:00:00+00:00,z1,12,1.2246467991473532e-16,-1.0,4,0,0,400,500.0,0,0,15.0,34.5,0.0,262
2026-06-12T12:00:00+00:00,z2,12,1.2246467991473532e-16,-1.0,4,0,0,600,450.0,0,0,26.0,34.5,0.0,216
2026-06-12T12:00:00+00:00,z3,12,1.2246467991473532e-16,-1.0,4,0,0,900,1200.0,0,0,15.0,34.5,0.0,212
2026-06-12T12:00:00+00:00,z4,12,1.2246467991473532e-16,-1.0,4,0,0,300,350.0,0,0,12.0,34.5,0.0,216
2026-06-12T13:00:00+00:00,z1,13,-0.2588190451025208,-0.9659258262890683,4,0,0,400,500.0,0,0,14.0,36.5,0.0,250
2026-06-12T13:00:00+00:00,z2,13,-0.2588190451025208,-0.9659258262890683,4,0,0,600,450.0,0,0,25.0,36.5,0.0,270
2026-06-12T13:00:00+00:00,z3,13,-0.2588190451025208,-0.9659258262890683,4,0,0,900,1200.0,0,0,14.0,36.5,0.0,265
2026-06-12T13:00:00+00:00,z4,13,-0.2588190451025208,-0.9659258262890683,4,0,0,300,350.0,0,0,11.0,36.5,0.0,257
2026-06-12T14:00:00+00:00,z1,14,-0.4999999999999997,-0.8660254037844388,4,0,0,400,500.0,0,0,13.0,35.3,0.0,270
2026-06-12T14:00:00+00:00,z2,14,-0.4999999999999997,-0.8660254037844388,4,0,0,600,450.0,0,0,24.0,35.3,0.0,245
2026-06-12T14:00:00+00:00,z3,14,-0.4999999999999997,-0.8660254037844388,4,0,0,900,1200.0,0,0,13.0,35.3,0.0,271
2026-06-12T14:00:00+00:00,z4,14,-0.4999999999999997,-0.8660254037844388,4,0,0,300,350.0,0,0,10.0,35.3,0.0,228
2026-06-12T15:00:00+00:00,z1,15,-0.7071067811865471,-0.7071067811865479,4,0,0,400,500.0,0,0,12.0,37.7,0.0,286
2026-06-12T15:00:00+00:00,z2,15,-0.7071067811865471,-0.7071067811865479,4,0,0,600,450.0,0,0,23.0,37.7,0.0,180
2026-06-12T15:00:00+00:00,z3,15,-0.7071067811865471,-0.7071067811865479,4,0,0,900,1200.0,0,0,12.0,37.7,0.0,237
2026-06-12T15:00:00+00:00,z4,15,-0.7071067811865471,-0.7071067811865479,4,0,0,300,350.0,0,0,9.0,37.7,0.0,72
2026-06-12T16:00:00+00:00,z1,16,-0.8660254037844385,-0.5000000000000004,4,0,0,400,500.0,0,0,11.0,37.7,0.0,262
2026-06-12T16:00:00+00:00,z2,16,-0.8660254037844385,-0.5000000000000004,4,0,0,600,450.0,0,0,22.0,37.7,0.0,261
2026-06-12T16:00:00+00:00,z3,16,-0.8660254037844385,-0.5000000000000004,4,0,0,900,1200.0,0,0,11.0,37.7,0.0,246
2026-06-12T16:00:00+00:00,z4,16,-0.8660254037844385,-0.5000000000000004,4,0,0,300,350.0,0,0,8.0,37.7,0.0,62
2026-06-12T17:00:00+00:00,z1,17,-0.9659258262890683,-0.25881904510252063,4,0,0,400,500.0,0,0,10.0,36.7,0.0,255
2026-06-12T17:00:00+00:00,z2,17,-0.9659258262890683,-0.25881904510252063,4,0,0,600,450.0,0,0,21.0,36.7,0.0,429
2026-06-12T17:00:00+00:00,z3,17,-0.9659258262890683,-0.25881904510252063,4,0,0,900,1200.0,0,0,10.0,36.7,0.0,503
2026-06-12T17:00:00+00:00,z4,17,-0.9659258262890683,-0.25881904510252063,4,0,0,300,350.0,0,0,7.0,36.7,0.0,64
2026-06-12T18:00:00+00:00,z1,18,-1.0,-1.8369701987210297e-16,4,0,0,400,500.0,0,0,9.0,32.4,5.7,119
2026-06-12T18:00:00+00:00,z2,18,-1.0,-1.8369701987210297e-16,4,0,0,600,450.0,0,0,20.0,32.4,5.7,402
2026-06-12T18:00:00+00:00,z3,18,-1.0,-1.8369701987210297e-16,4,0,0,900,1200.0,0,0,9.0,32.4,5.7,316
2026-06-12T18:00:00+00:00,z4,18,-1.0,-1.8369701987210297e-16,4,0,0,300,350.0,0,0,6.0,32.4,5.7,57
2026-06-12T19:00:00+00:00,z1,19,-0.9659258262890684,0.2588190451025203,4,0,0,400,500.0,0,0,8.0,31.0,0.0,219
2026-06-12T19:00:00+00:00,z2,19,-0.9659258262890684,0.2588190451025203,4,0,0,600,450.0,0,0,19.0,31.0,0.0,536
2026-06-12T19:00:00+00:00,z3,19,-0.9659258262890684,0.2588190451025203,4,0,0,900,1200.0,0,0,8.0,31.0,0.0,578
2026-06-12T19:00:00+00:00,z4,19,-0.9659258262890684,0.2588190451025203,4,0,0,300,350.0,0,0,5.0,31.0,0.0,249
2026-06-12T20:00:00+00:00,z1,20,-0.8660254037844386,0.5000000000000001,4,0,0,400,500.0,0,0,7.0,31.0,0.0,114
2026-06-12T20:00:00+00:00,z2,20,-0.8660254037844386,0.5000000000000001,4,0,0,600,450.0,0,0,18.0,31.0,0.0,428
2026-06-12T20:00:00+00:00,z3,20,-0.8660254037844386,0.5000000000000001,4,0,0,900,1200.0,0,0,7.0,31.0,0.0,575
2026-06-12T20:00:00+00:00,z4,20,-0.8660254037844386,0.5000000000000001,4,0,0,300,350.0,0,0,4.0,31.0,0.0,276
2026-06-12T21:00:00+00:00,z1,21,-0.7071067811865477,0.7071067811865474,4,0,0,400,500.0,0,0,6.0,28.3,0.0,96
2026-06-12T21:00:00+00:00,z2,21,-0.7071067811865477,0.7071067811865474,4,0,0,600,450.0,0,0,17.0,28.3,0.0,115
2026-06-12T21:00:00+00:00,z3,21,-0.7071067811865477,0.7071067811865474,4,0,0,900,1200.0,0,0,6.0,28.3,0.0,491
2026-06-12T21:00:00+00:00,z4,21,-0.7071067811865477,0.7071067811865474,4,0,0,300,350.0,0,0,3.0,28.3,0.0,241
2026-06-12T22:00:00+00:00,z1,22,-0.5000000000000004,0.8660254037844384,4,0,0,400,500.0,0,0,5.0,24.6,0.0,98
2026-06-12T22:00:00+00:00,z2,22,-0.5000000000000004,0.8660254037844384,4,0,0,600,450.0,0,0,16.0,24.6,0.0,90
2026-06-12T22:00:00+00:00,z3,22,-0.5000000000000004,0.8660254037844384,4,0,0,900,1200.0,0,0,5.0,24.6,0.0,42
2026-06-12T22:00:00+00:00,z4,22,-0.5000000000000004,0.8660254037844384,4,0,0,300,350.0,0,0,2.0,24.6,0.0,2
2026-06-12T23:00:00+00:00,z1,23,-0.25881904510252157,0.9659258262890681,4,0,0,400,500.0,0,0,4.0,25.6,0.0,119
2026-06-12T23:00:00+00:00,z2,23,-0.25881904510252157,0.9659258262890681,4,0,0,600,450.0,0,0,15.0,25.6,0.0,75
2026-06-12T23:00:00+00:00,z3,23,-0.25881904510252157,0.9659258262890681,4,0,0,900,1200.0,0,0,4.0,25.6,0.0,45
2026-06-12T23:00:00+00:00,z4,23,-0.25881904510252157,0.9659258262890681,4,0,0,300,350.0,0,0,1.0,25.6,0.0,96
2026-06-13T00:00:00+00:00,z1,0,0.0,1.0,5,1,0,400,500.0,0,0,3.0,22.4,17.4,3
2026-06-13T00:00:00+00:00,z2,0,0.0,1.0,5,1,0,600,450.0,0,0,14.0,22.4,17.4,44
2026-06-13T00:00:00+00:00,z3,0,0.0,1.0,5,1,0,900,1200.0,0,0,3.0,22.4,17.4,94
2026-06-13T00:00:00+00:00,z4,0,0.0,1.0,5,1,0,300,350.0,445,1,20.0,22.4,17.4,137
2026-06-13T01:00:00+00:00,z1,1,0.25881904510252074,0.9659258262890683,5,1,0,400,500.0,0,0,2.0,19.8,0.0,4
2026-06-13T01:00:00+00:00,z2,1,0.25881904510252074,0.9659258262890683,5,1,0,600,450.0,0,0,13.0,19.8,0.0,57
2026-06-13T01:00:00+00:00,z3,1,0.25881904510252074,0.9659258262890683,5,1,0,900,1200.0,0,0,2.0,19.8,0.0,52
2026-06-13T01:00:00+00:00,z4,1,0.25881904510252074,0.9659258262890683,5,1,0,300,350.0,445,1,19.0,19.8,0.0,161
2026-06-13T02:00:00+00:00,z1,2,0.49999999999999994,0.8660254037844387,5,1,0,400,500.0,0,0,1.0,21.3,0.0,82
2026-06-13T02:00:00+00:00,z2,2,0.49999999999999994,0.8660254037844387,5,1,0,600,450.0,0,0,12.0,21.3,0.0,66
2026-06-13T02:00:00+00:00,z3,2,0.49999999999999994,0.8660254037844387,5,1,0,900,1200.0,0,0,1.0,21.3,0.0,81
2026-06-13T02:00:00+00:00,z4,2,0.49999999999999994,0.8660254037844387,5,1,0,300,350.0,445,1,18.0,21.3,0.0,153
2026-06-13T03:00:00+00:00,z1,3,0.7071067811865476,0.7071067811865476,5,1,0,400,500.0,706,1,26.0,20.8,4.7,155
2026-06-13T03:00:00+00:00,z2,3,0.7071067811865476,0.7071067811865476,5,1,0,600,450.0,0,0,11.0,20.8,4.7,58
2026-06-13T03:00:00+00:00,z3,3,0.7071067811865476,0.7071067811865476,5,1,0,900,1200.0,783,1,3.0,20.8,4.7,205
2026-06-13T03:00:00+00:00,z4,3,0.7071067811865476,0.7071067811865476,5,1,0,300,350.0,0,0,17.0,20.8,4.7,16
2026-06-13T04:00:00+00:00,z1,4,0.8660254037844386,0.5000000000000001,5,1,0,400,500.0,706,1,25.0,21.1,0.0,264
2026-06-13T04:00:00+00:00,z2,4,0.8660254037844386,0.5000000000000001,5,1,0,600,450.0,0,0,10.0,21.1,0.0,44
2026-06-13T04:00:00+00:00,z3,4,0.8660254037844386,0.5000000000000001,5,1,0,900,1200.0,783,1,2.0,21.1,0.0,321
2026-06-13T04:00:00+00:00,z4,4,0.8660254037844386,0.5000000000000001,5,1,0,300,350.0,0,0,16.0,21.1,0.0,14
2026-06-13T05:00:00+00:00,z1,5,0.9659258262890683,0.25881904510252074,5,1,0,400,500.0,0,0,24.0,19.9,0.0,11
2026-06-13T05:00:00+00:00,z2,5,0.9659258262890683,0.25881904510252074,5,1,0,600,450.0,0,0,9.0,19.9,0.0,24
2026-06-13T05:00:00+00:00,z3,5,0.9659258262890683,0.25881904510252074,5,1,0,900,1200.0,783,1,1.0,19.9,0.0,484
2026-06-13T05:00:00+00:00,z4,5,0.9659258262890683,0.25881904510252074,5,1,0,300,350.0,0,0,15.0,19.9,0.0,7
2026-06-13T06:00:00+00:00,z1,6,1.0,6.123233995736766e-17,5,1,0,400,500.0,0,0,23.0,22.5,0.0,0
2026-06-13T06:00:00+00:00,z2,6,1.0,6.123233995736766e-17,5,1,0,600,450.0,0,0,8.0,22.5,0.0,88
2026-06-13T06:00:00+00:00,z3,6,1.0,6.123233995736766e-17,5,1,0,900,1200.0,1243,1,2.0,22.5,0.0,498
2026-06-13T06:00:00+00:00,z4,6,1.0,6.123233995736766e-17,5,1,0,300,350.0,0,0,14.0,22.5,0.0,5
2026-06-13T07:00:00+00:00,z1,7,0.9659258262890683,-0.25881904510252063,5,1,0,400,500.0,0,0,22.0,24.2,0.0,22
2026-06-13T07:00:00+00:00,z2,7,0.9659258262890683,-0.25881904510252063,5,1,0,600,450.0,0,0,7.0,24.2,0.0,115
2026-06-13T07:00:00+00:00,z3,7,0.9659258262890683,-0.25881904510252063,5,1,0,900,1200.0,1243,1,1.0,24.2,0.0,861
2026-06-13T07:00:00+00:00,z4,7,0.9659258262890683,-0.25881904510252063,5,1,0,300,350.0,0,0,13.0,24.2,0.0,1
2026-06-13T08:00:00+00:00,z1,8,0.8660254037844387,-0.4999999999999998,5,1,0,400,500.0,0,0,21.0,24.8,0.0,8
2026-06-13T08:00:00+00:00,z2,8,0.8660254037844387,-0.4999999999999998,5,1,0,600,450.0,0,0,6.0,24.8,0.0,107
2026-06-13T08:00:00+00:00,z3,8,0.8660254037844387,-0.4999999999999998,5,1,0,900,1200.0,1698,2,5.0,24.8,0.0,658
2026-06-13T08:00:00+00:00,z4,8,0.8660254037844387,-0.4999999999999998,5,1,0,300,350.0,0,0,12.0,24.8,0.0,13
2026-06-13T09:00:00+00:00,z1,9,0.7071067811865476,-0.7071067811865475,5,1,0,400,500.0,0,0,20.0,29.0,0.0,267
2026-06-13T09:00:00+00:00,z2,9,0.7071067811865476,-0.7071067811865475,5,1,0,600,450.0,0,0,5.0,29.0,0.0,73
2026-06-13T09:00:00+00:00,z3,9,0.7071067811865476,-0.7071067811865475,5,1,0,900,1200.0,1698,2,4.0,29.0,0.0,687
2026-06-13T09:00:00+00:00,z4,9,0.7071067811865476,-0.7071067811865475,5,1,0,300,350.0,0,0,11.0,29.0,0.0,3
2026-06-13T10:00:00+00:00,z1,10,0.49999999999999994,-0.8660254037844387,5,1,0,400,500.0,0,0,19.0,28.4,0.0,271
2026-06-13T10:00:00+00:00,z2,10,0.49999999999999994,-0.8660254037844387,5,1,0,600,450.0,0,0,4.0,28.4,0.0,96
2026-06-13T10:00:00+00:00,z3,10,0.49999999999999994,-0.8660254037844387,5,1,0,900,1200.0,455,1,3.0,28.4,0.0,206
2026-06-13T10:00:00+00:00,z4,10,0.49999999999999994,-0.8660254037844387,5,1,0,300,350.0,0,0,10.0,28.4,0.0,19
2026-06-13T11:00:00+00:00,z1,11,0.258819045102521,-0.9659258262890682,5,1,0,400,500.0,0,0,18.0,32.8,15.0,162
2026-06-13T11:00:00+00:00,z2,11,0.258819045102521,-0.9659258262890682,5,1,0,600,450.0,0,0,3.0,32.8,15.0,77
2026-06-13T11:00:00+00:00,z3,11,0.258819045102521,-0.9659258262890682,5,1,0,900,1200.0,455,1,2.0,32.8,15.0,295
2026-06-13T11:00:00+00:00,z4,11,0.258819045102521,-0.9659258262890682,5,1,0,300,350.0,0,0,9.0,32.8,15.0,24
2026-06-13T12:00:00+00:00,z1,12,1.2246467991473532e-16,-1.0,5,1,0,400,500.0,0,0,17.0,33.8,0.0,310
2026-06-13T12:00:00+00:00,z2,12,1.2246467991473532e-16,-1.0,5,1,0,600,450.0,0,0,2.0,33.8,0.0,232
2026-06-13T12:00:00+00:00,z3,12,1.2246467991473532e-16,-1.0,5,1,0,900,1200.0,0,0,1.0,33.8,0.0,515
2026-06-13T12:00:00+00:00,z4,12,1.2246467991473532e-16,-1.0,5,1,0,300,350.0,0,0,8.0,33.8,0.0,230
2026-06-13T13:00:00+00:00,z1,13,-0.2588190451025208,-0.9659258262890683,5,1,0,400,500.0,0,0,16.0,33.5,0.0,318
2026-06-13T13:00:00+00:00,z2,13,-0.2588190451025208,-0.9659258262890683,5,1,0,600,450.0,0,0,1.0,33.5,0.0,361
2026-06-13T13:00:00+00:00,z3,13,-0.2588190451025208,-0.9659258262890683,5,1,0,900,1200.0,1480,1,87.0,33.5,0.0,906
2026-06-13T13:00:00+00:00,z4,13,-0.2588190451025208,-0.9659258262890683,5,1,0,300,350.0,0,0,7.0,33.5,0.0,249
2026-06-13T14:00:00+00:00,z1,14,-0.4999999999999997,-0.8660254037844388,5,1,0,400,500.0,0,0,15.0,34.2,0.0,303
2026-06-13T14:00:00+00:00,z2,14,-0.4999999999999997,-0.8660254037844388,5,1,0,600,450.0,829,1,25.0,34.2,0.0,600
2026-06-13T14:00:00+00:00,z3,14,-0.4999999999999997,-0.8660254037844388,5,1,0,900,1200.0,1480,1,86.0,34.2,0.0,897
2026-06-13T14:00:00+00:00,z4,14,-0.4999999999999997,-0.8660254037844388,5,1,0,300,350.0,0,0,6.0,34.2,0.0,219
2026-06-13T15:00:00+00:00,z1,15,-0.7071067811865471,-0.7071067811865479,5,1,0,400,500.0,0,0,14.0,34.4,0.0,308
2026-06-13T15:00:00+00:00,z2,15,-0.7071067811865471,-0.7071067811865479,5,1,0,600,450.0,829,1,24.0,34.4,0.0,598
2026-06-13T15:00:00+00:00,z3,15,-0.7071067811865471,-0.7071067811865479,5,1,0,900,1200.0,1480,1,85.0,34.4,0.0,943
2026-06-13T15:00:00+00:00,z4,15,-0.7071067811865471,-0.7071067811865479,5,1,0,300,350.0,0,0,5.0,34.4,0.0,82
2026-06-13T16:00:00+00:00,z1,16,-0.8660254037844385,-0.5000000000000004,5,1,0,400,500.0,0,0,13.0,35.8,0.0,300
2026-06-13T16:00:00+00:00,z2,16,-0.8660254037844385,-0.5000000000000004,5,1,0,600,450.0,0,0,23.0,35.8,0.0,304
2026-06-13T16:00:00+00:00,z3,16,-0.8660254037844385,-0.5000000000000004,5,1,0,900,1200.0,0,0,84.0,35.8,0.0,697
2026-06-13T16:00:00+00:00,z4,16,-0.8660254037844385,-0.5000000000000004,5,1,0,300,350.0,0,0,4.0,35.8,0.0,81
2026-06-13T17:00:00+00:00,z1,17,-0.9659258262890683,-0.25881904510252063,5,1,0,400,500.0,0,0,12.0,34.8,0.0,281
2026-06-13T17:00:00+00:00,z2,17,-0.9659258262890683,-0.25881904510252063,5,1,0,600,450.0,0,0,22.0,34.8,0.0,305
2026-06-13T17:00:00+00:00,z3,17,-0.9659258262890683,-0.25881904510252063,5,1,0,900,1200.0,0,0,83.0,34.8,0.0,791
2026-06-13T17:00:00+00:00,z4,17,-0.9659258262890683,-0.25881904510252063,5,1,0,300,350.0,0,0,3.0,34.8,0.0,81
2026-06-13T18:00:00+00:00,z1,18,-1.0,-1.8369701987210297e-16,5,1,0,400,500.0,0,0,11.0,33.2,0.0,276
2026-06-13T18:00:00+00:00,z2,18,-1.0,-1.8369701987210297e-16,5,1,0,600,450.0,0,0,21.0,33.2,0.0,290
2026-06-13T18:00:00+00:00,z3,18,-1.0,-1.8369701987210297e-16,5,1,0,900,1200.0,0,0,82.0,33.2,0.0,815
2026-06-13T18:00:00+00:00,z4,18,-1.0,-1.8369701987210297e-16,5,1,0,300,350.0,0,0,2.0,33.2,0.0,77
2026-06-13T19:00:00+00:00,z1,19,-0.9659258262890684,0.2588190451025203,5,1,0,400,500.0,0,0,10.0,32.3,9.9,155
2026-06-13T19:00:00+00:00,z2,19,-0.9659258262890684,0.2588190451025203,5,1,0,600,450.0,0,0,20.0,32.3,9.9,249
2026-06-13T19:00:00+00:00,z3,19,-0.9659258262890684,0.2588190451025203,5,1,0,900,1200.0,0,0,81.0,32.3,9.9,440
2026-06-13T19:00:00+00:00,z4,19,-0.9659258262890684,0.2588190451025203,5,1,0,300,350.0,0,0,1.0,32.3,9.9,243
2026-06-13T20:00:00+00:00,z1,20,-0.8660254037844386,0.5000000000000001,5,1,0,400,500.0,0,0,9.0,28.3,0.0,99
2026-06-13T20:00:00+00:00,z2,20,-0.8660254037844386,0.5000000000000001,5,1,0,600,450.0,0,0,19.0,28.3,0.0,307
2026-06-13T20:00:00+00:00,z3,20,-0.8660254037844386,0.5000000000000001,5,1,0,900,1200.0,0,0,80.0,28.3,0.0,792
2026-06-13T20:00:00+00:00,z4,20,-0.8660254037844386,0.5000000000000001,5,1,0,300,350.0,1489,1,24.0,28.3,0.0,525
2026-06-13T21:00:00+00:00,z1,21,-0.7071067811865477,0.7071067811865474,5,1,0,400,500.0,0,0,8.0,29.7,23.5,75
2026-06-13T21:00:00+00:00,z2,21,-0.7071067811865477,0.7071067811865474,5,1,0,600,450.0,0,0,18.0,29.7,23.5,170
2026-06-13T21:00:00+00:00,z3,21,-0.7071067811865477,0.7071067811865474,5,1,0,900,1200.0,0,0,79.0,29.7,23.5,441
2026-06-13T21:00:00+00:00,z4,21,-0.7071067811865477,0.7071067811865474,5,1,0,300,350.0,1489,1,23.0,29.7,23.5,375
2026-06-13T22:00:00+00:00,z1,22,-0.5000000000000004,0.8660254037844384,5,1,0,400,500.0,0,0,7.0,24.1,0.0,95
2026-06-13T22:00:00+00:00,z2,22,-0.5000000000000004,0.8660254037844384,5,1,0,600,450.0,0,0,17.0,24.1,0.0,86
2026-06-13T22:00:00+00:00,z3,22,-0.5000000000000004,0.8660254037844384,5,1,0,900,1200.0,0,0,78.0,24.1,0.0,704
2026-06-13T22:00:00+00:00,z4,22,-0.5000000000000004,0.8660254037844384,5,1,0,300,350.0,1489,1,22.0,24.1,0.0,246
2026-06-13T23:00:00+00:00,z1,23,-0.25881904510252157,0.9659258262890681,5,1,0,400,500.0,0,0,6.0,25.1,0.0,92
2026-06-13T23:00:00+00:00,z2,23,-0.25881904510252157,0.9659258262890681,5,1,0,600,450.0,0,0,16.0,25.1,0.0,68
2026-06-13T23:00:00+00:00,z3,23,-0.25881904510252157,0.9659258262890681,5,1,0,900,1200.0,0,0,77.0,25.1,0.0,91
2026-06-13T23:00:00+00:00,z4,23,-0.25881904510252157,0.9659258262890681,5,1,0,300,350.0,1489,1,21.0,25.1,0.0,248
2026-06-14T00:00:00+00:00,z1,0,0.0,1.0,6,1,0,400,500.0,0,0,5.0,24.3,0.0,23
2026-06-14T00:00:00+00:00,z2,0,0.0,1.0,6,1,0,600,450.0,0,0,15.0,24.3,0.0,62
2026-06-14T00:00:00+00:00,z3,0,0.0,1.0,6,1,0,900,1200.0,0,0,76.0,24.3,0.0,99
2026-06-14T00:00:00+00:00,z4,0,0.0,1.0,6,1,0,300,350.0,1489,1,20.0,24.3,0.0,263
2026-06-14T01:00:00+00:00,z1,1,0.25881904510252074,0.9659258262890683,6,1,0,400,500.0,0,0,4.0,20.8,0.0,0
2026-06-14T01:00:00+00:00,z2,1,0.25881904510252074,0.9659258262890683,6,1,0,600,450.0,0,0,14.0,20.8,0.0,34
2026-06-14T01:00:00+00:00,z3,1,0.25881904510252074,0.9659258262890683,6,1,0,900,1200.0,0,0,75.0,20.8,0.0,76
2026-06-14T01:00:00+00:00,z4,1,0.25881904510252074,0.9659258262890683,6,1,0,300,350.0,0,0,19.0,20.8,0.0,0
2026-06-14T02:00:00+00:00,z1,2,0.49999999999999994,0.8660254037844387,6,1,0,400,500.0,0,0,3.0,21.0,0.0,35
2026-06-14T02:00:00+00:00,z2,2,0.49999999999999994,0.8660254037844387,6,1,0,600,450.0,0,0,13.0,21.0,0.0,31
2026-06-14T02:00:00+00:00,z3,2,0.49999999999999994,0.8660254037844387,6,1,0,900,1200.0,0,0,74.0,21.0,0.0,8
2026-06-14T02:00:00+00:00,z4,2,0.49999999999999994,0.8660254037844387,6,1,0,300,350.0,0,0,18.0,21.0,0.0,7
2026-06-14T03:00:00+00:00,z1,3,0.7071067811865476,0.7071067811865476,6,1,0,400,500.0,0,0,2.0,20.1,0.0,23
2026-06-14T03:00:00+00:00,z2,3,0.7071067811865476,0.7071067811865476,6,1,0,600,450.0,0,0,12.0,20.1,0.0,17
2026-06-14T03:00:00+00:00,z3,3,0.7071067811865476,0.7071067811865476,6,1,0,900,1200.0,0,0,73.0,20.1,0.0,33
2026-06-14T03:00:00+00:00,z4,3,0.7071067811865476,0.7071067811865476,6,1,0,300,350.0,0,0,17.0,20.1,0.0,0
2026-06-14T04:00:00+00:00,z1,4,0.8660254037844386,0.5000000000000001,6,1,0,400,500.0,0,0,1.0,19.5,0.0,117
2026-06-14T04:00:00+00:00,z2,4,0.8660254037844386,0.5000000000000001,6,1,0,600,450.0,0,0,11.0,19.5,0.0,0
2026-06-14T04:00:00+00:00,z3,4,0.8660254037844386,0.5000000000000001,6,1,0,900,1200.0,0,0,72.0,19.5,0.0,37
2026-06-14T04:00:00+00:00,z4,4,0.8660254037844386,0.5000000000000001,6,1,0,300,350.0,0,0,16.0,19.5,0.0,0
2026-06-14T05:00:00+00:00,z1,5,0.9659258262890683,0.25881904510252074,6,1,0,400,500.0,1036,1,1.0,20.5,0.0,589
2026-06-14T05:00:00+00:00,z2,5,0.9659258262890683,0.25881904510252074,6,1,0,600,450.0,0,0,10.0,20.5,0.0,47
2026-06-14T05:00:00+00:00,z3,5,0.9659258262890683,0.25881904510252074,6,1,0,900,1200.0,0,0,71.0,20.5,0.0,51
2026-06-14T05:00:00+00:00,z4,5,0.9659258262890683,0.25881904510252074,6,1,0,300,350.0,0,0,15.0,20.5,0.0,19
2026-06-14T06:00:00+00:00,z1,6,1.0,6.123233995736766e-17,6,1,0,400,500.0,1339,2,20.0,22.0,0.0,327
2026-06-14T06:00:00+00:00,z2,6,1.0,6.123233995736766e-17,6,1,0,600,450.0,0,0,9.0,22.0,0.0,84
2026-06-14T06:00:00+00:00,z3,6,1.0,6.123233995736766e-17,6,1,0,900,1200.0,0,0,70.0,22.0,0.0,123
2026-06-14T06:00:00+00:00,z4,6,1.0,6.123233995736766e-17,6,1,0,300,350.0,0,0,14.0,22.0,0.0,16
2026-06-14T07:00:00+00:00,z1,7,0.9659258262890683,-0.25881904510252063,6,1,0,400,500.0,1339,2,19.0,25.5,6.7,215
2026-06-14T07:00:00+00:00,z2,7,0.9659258262890683,-0.25881904510252063,6,1,0,600,450.0,0,0,8.0,25.5,6.7,75
2026-06-14T07:00:00+00:00,z3,7,0.9659258262890683,-0.25881904510252063,6,1,0,900,1200.0,0,0,69.0,25.5,6.7,55
2026-06-14T07:00:00+00:00,z4,7,0.9659258262890683,-0.25881904510252063,6,1,0,300,350.0,0,0,13.0,25.5,6.7,8
2026-06-14T08:00:00+00:00,z1,8,0.8660254037844387,-0.4999999999999998,6,1,0,400,500.0,303,1,18.0,24.3,15.7,71
2026-06-14T08:00:00+00:00,z2,8,0.8660254037844387,-0.4999999999999998,6,1,0,600,450.0,0,0,7.0,24.3,15.7,65
2026-06-14T08:00:00+00:00,z3,8,0.8660254037844387,-0.4999999999999998,6,1,0,900,1200.0,0,0,68.0,24.3,15.7,69
2026-06-14T08:00:00+00:00,z4,8,0.8660254037844387,-0.4999999999999998,6,1,0,300,350.0,0,0,12.0,24.3,15.7,20
2026-06-14T09:00:00+00:00,z1,9,0.7071067811865476,-0.7071067811865475,6,1,0,400,500.0,303,1,17.0,28.8,19.0,192
2026-06-14T09:00:00+00:00,z2,9,0.7071067811865476,-0.7071067811865475,6,1,0,600,450.0,0,0,6.0,28.8,19.0,44
2026-06-14T09:00:00+00:00,z3,9,0.7071067811865476,-0.7071067811865475,6,1,0,900,1200.0,0,0,67.0,28.8,19.0,0
2026-06-14T09:00:00+00:00,z4,9,0.7071067811865476,-0.7071067811865475,6,1,0,300,350.0,0,0,11.0,28.8,19.0,16
2026-06-14T10:00:00+00:00,z1,10,0.49999999999999994,-0.8660254037844387,6,1,0,400,500.0,303,1,16.0,29.7,0.0,371
2026-06-14T10:00:00+00:00,z2,10,0.49999999999999994,-0.8660254037844387,6,1,0,600,450.0,0,0,5.0,29.7,0.0,51
2026-06-14T10:00:00+00:00,z3,10,0.49999999999999994,-0.8660254037844387,6,1,0,900,1200.0,0,0,66.0,29.7,0.0,100
2026-06-14T10:00:00+00:00,z4,10,0.49999999999999994,-0.8660254037844387,6,1,0,300,350.0,0,0,10.0,29.7,0.0,37
2026-06-14T11:00:00+00:00,z1,11,0.258819045102521,-0.9659258262890682,6,1,0,400,500.0,0,0,15.0,30.9,0.0,295
2026-06-14T11:00:00+00:00,z2,11,0.258819045102521,-0.9659258262890682,6,1,0,600,450.0,0,0,4.0,30.9,0.0,105
2026-06-14T11:00:00+00:00,z3,11,0.258819045102521,-0.9659258262890682,6,1,0,900,1200.0,0,0,65.0,30.9,0.0,367
2026-06-14T11:00:00+00:00,z4,11,0.258819045102521,-0.9659258262890682,6,1,0,300,350.0,0,0,9.0,30.9,0.0,14
2026-06-14T12:00:00+00:00,z1,12,1.2246467991473532e-16,-1.0,6,1,0,400,500.0,0,0,14.0,33.7,0.0,320
2026-06-14T12:00:00+00:00,z2,12,1.2246467991473532e-16,-1.0,6,1,0,600,450.0,0,0,3.0,33.7,0.0,235
2026-06-14T12:00:00+00:00,z3,12,1.2246467991473532e-16,-1.0,6,1,0,900,1200.0,0,0,64.0,33.7,0.0,441
2026-06-14T12:00:00+00:00,z4,12,1.2246467991473532e-16,-1.0,6,1,0,300,350.0,0,0,8.0,33.7,0.0,228
2026-06-14T13:00:00+00:00,z1,13,-0.2588190451025208,-0.9659258262890683,6,1,0,400,500.0,0,0,13.0,35.9,0.0,309
2026-06-14T13:00:00+00:00,z2,13,-0.2588190451025208,-0.9659258262890683,6,1,0,600,450.0,0,0,2.0,35.9,0.0,278
2026-06-14T13:00:00+00:00,z3,13,-0.2588190451025208,-0.9659258262890683,6,1,0,900,1200.0,0,0,63.0,35.9,0.0,409
2026-06-14T13:00:00+00:00,z4,13,-0.2588190451025208,-0.9659258262890683,6,1,0,300,350.0,0,0,7.0,35.9,0.0,248
2026-06-14T14:00:00+00:00,z1,14,-0.4999999999999997,-0.8660254037844388,6,1,0,400,500.0,0,0,12.0,36.4,0.0,326
2026-06-14T14:00:00+00:00,z2,14,-0.4999999999999997,-0.8660254037844388,6,1,0,600,450.0,0,0,1.0,36.4,0.0,362
2026-06-14T14:00:00+00:00,z3,14,-0.4999999999999997,-0.8660254037844388,6,1,0,900,1200.0,0,0,62.0,36.4,0.0,388
2026-06-14T14:00:00+00:00,z4,14,-0.4999999999999997,-0.8660254037844388,6,1,0,300,350.0,0,0,6.0,36.4,0.0,225
2026-06-14T15:00:00+00:00,z1,15,-0.7071067811865471,-0.7071067811865479,6,1,0,400,500.0,0,0,11.0,34.6,0.0,330
2026-06-14T15:00:00+00:00,z2,15,-0.7071067811865471,-0.7071067811865479,6,1,0,600,450.0,756,1,15.0,34.6,0.0,565
2026-06-14T15:00:00+00:00,z3,15,-0.7071067811865471,-0.7071067811865479,6,1,0,900,1200.0,0,0,61.0,34.6,0.0,379
2026-06-14T15:00:00+00:00,z4,15,-0.7071067811865471,-0.7071067811865479,6,1,0,300,350.0,0,0,5.0,34.6,0.0,75
2026-06-14T16:00:00+00:00,z1,16,-0.8660254037844385,-0.5000000000000004,6,1,0,400,500.0,0,0,10.0,34.0,0.0,325
2026-06-14T16:00:00+00:00,z2,16,-0.8660254037844385,-0.5000000000000004,6,1,0,600,450.0,756,1,14.0,34.0,0.0,574
2026-06-14T16:00:00+00:00,z3,16,-0.8660254037844385,-0.5000000000000004,6,1,0,900,1200.0,0,0,60.0,34.0,0.0,720
2026-06-14T16:00:00+00:00,z4,16,-0.8660254037844385,-0.5000000000000004,6,1,0,300,350.0,0,0,4.0,34.0,0.0,69
2026-06-14T17:00:00+00:00,z1,17,-0.9659258262890683,-0.25881904510252063,6,1,0,400,500.0,0,0,9.0,36.6,0.0,282
2026-06-14T17:00:00+00:00,z2,17,-0.9659258262890683,-0.25881904510252063,6,1,0,600,450.0,756,1,13.0,36.6,0.0,558
2026-06-14T17:00:00+00:00,z3,17,-0.9659258262890683,-0.25881904510252063,6,1,0,900,1200.0,0,0,59.0,36.6,0.0,758
2026-06-14T17:00:00+00:00,z4,17,-0.9659258262890683,-0.25881904510252063,6,1,0,300,350.0,0,0,3.0,36.6,0.0,69
2026-06-14T18:00:00+00:00,z1,18,-1.0,-1.8369701987210297e-16,6,1,0,400,500.0,0,0,8.0,33.6,0.0,279
2026-06-14T18:00:00+00:00,z2,18,-1.0,-1.8369701987210297e-16,6,1,0,600,450.0,756,1,12.0,33.6,0.0,566
2026-06-14T18:00:00+00:00,z3,18,-1.0,-1.8369701987210297e-16,6,1,0,900,1200.0,0,0,58.0,33.6,0.0,812
2026-06-14T18:00:00+00:00,z4,18,-1.0,-1.8369701987210297e-16,6,1,0,300,350.0,0,0,2.0,33.6,0.0,87
2026-06-14T19:00:00+00:00,z1,19,-0.9659258262890684,0.2588190451025203,6,1,0,400,500.0,0,0,7.0,32.7,0.0,261
2026-06-14T19:00:00+00:00,z2,19,-0.9659258262890684,0.2588190451025203,6,1,0,600,450.0,0,0,11.0,32.7,0.0,243
2026-06-14T19:00:00+00:00,z3,19,-0.9659258262890684,0.2588190451025203,6,1,0,900,1200.0,0,0,57.0,32.7,0.0,803
2026-06-14T19:00:00+00:00,z4,19,-0.9659258262890684,0.2588190451025203,6,1,0,300,350.0,0,0,1.0,32.7,0.0,339
2026-06-14T20:00:00+00:00,z1,20,-0.8660254037844386,0.5000000000000001,6,1,0,400,500.0,0,0,6.0,29.3,0.0,85
2026-06-14T20:00:00+00:00,z2,20,-0.8660254037844386,0.5000000000000001,6,1,0,600,450.0,0,0,10.0,29.3,0.0,271
2026-06-14T20:00:00+00:00,z3,20,-0.8660254037844386,0.5000000000000001,6,1,0,900,1200.0,0,0,56.0,29.3,0.0,855
2026-06-14T20:00:00+00:00,z4,20,-0.8660254037844386,0.5000000000000001,6,1,0,300,350.0,341,1,99.0,29.3,0.0,400
2026-06-14T21:00:00+00:00,z1,21,-0.7071067811865477,0.7071067811865474,6,1,0,400,500.0,0,0,5.0,26.6,0.0,97
2026-06-14T21:00:00+00:00,z2,21,-0.7071067811865477,0.7071067811865474,6,1,0,600,450.0,0,0,9.0,26.6,0.0,267
2026-06-14T21:00:00+00:00,z3,21,-0.7071067811865477,0.7071067811865474,6,1,0,900,1200.0,0,0,55.0,26.6,0.0,778
2026-06-14T21:00:00+00:00,z4,21,-0.7071067811865477,0.7071067811865474,6,1,0,300,350.0,341,1,98.0,26.6,0.0,356
2026-06-14T22:00:00+00:00,z1,22,-0.5000000000000004,0.8660254037844384,6,1,0,400,500.0,0,0,4.0,26.9,0.0,93
2026-06-14T22:00:00+00:00,z2,22,-0.5000000000000004,0.8660254037844384,6,1,0,600,450.0,0,0,8.0,26.9,0.0,85
2026-06-14T22:00:00+00:00,z3,22,-0.5000000000000004,0.8660254037844384,6,1,0,900,1200.0,0,0,54.0,26.9,0.0,710
2026-06-14T22:00:00+00:00,z4,22,-0.5000000000000004,0.8660254037844384,6,1,0,300,350.0,0,0,97.0,26.9,0.0,17
2026-06-14T23:00:00+00:00,z1,23,-0.25881904510252157,0.9659258262890681,6,1,0,400,500.0,0,0,3.0,25.4,0.0,102
2026-06-14T23:00:00+00:00,z2,23,-0.25881904510252157,0.9659258262890681,6,1,0,600,450.0,0,0,7.0,25.4,0.0,90
2026-06-14T23:00:00+00:00,z3,23,-0.25881904510252157,0.9659258262890681,6,1,0,900,1200.0,0,0,53.0,25.4,0.0,102
2026-06-14T23:00:00+00:00,z4,23,-0.25881904510252157,0.9659258262890681,6,1,0,300,350.0,0,0,96.0,25.4,0.0,26
2026-06-15T00:00:00+00:00,z1,0,0.0,1.0,0,0,0,400,500.0,0,0,2.0,23.2,0.0,31
2026-06-15T00:00:00+00:00,z2,0,0.0,1.0,0,0,0,600,450.0,0,0,6.0,23.2,0.0,63
2026-06-15T00:00:00+00:00,z3,0,0.0,1.0,0,0,0,900,1200.0,0,0,52.0,23.2,0.0,3
2026-06-15T00:00:00+00:00,z4,0,0.0,1.0,0,0,0,300,350.0,0,0,95.0,23.2,0.0,23
2026-06-15T01:00:00+00:00,z1,1,0.25881904510252074,0.9659258262890683,0,0,0,400,500.0,0,0,1.0,22.7,0.0,103
2026-06-15T01:00:00+00:00,z2,1,0.25881904510252074,0.9659258262890683,0,0,0,600,450.0,0,0,5.0,22.7,0.0,18
2026-06-15T01:00:00+00:00,z3,1,0.25881904510252074,0.9659258262890683,0,0,0,900,1200.0,0,0,51.0,22.7,0.0,0
2026-06-15T01:00:00+00:00,z4,1,0.25881904510252074,0.9659258262890683,0,0,0,300,350.0,0,0,94.0,22.7,0.0,0
2026-06-15T02:00:00+00:00,z1,2,0.49999999999999994,0.8660254037844387,0,0,0,400,500.0,1418,1,28.0,19.1,0.0,346
2026-06-15T02:00:00+00:00,z2,2,0.49999999999999994,0.8660254037844387,0,0,0,600,450.0,0,0,4.0,19.1,0.0,41
2026-06-15T02:00:00+00:00,z3,2,0.49999999999999994,0.8660254037844387,0,0,0,900,1200.0,0,0,50.0,19.1,0.0,5
2026-06-15T02:00:00+00:00,z4,2,0.49999999999999994,0.8660254037844387,0,0,0,300,350.0,0,0,93.0,19.1,0.0,0
2026-06-15T03:00:00+00:00,z1,3,0.7071067811865476,0.7071067811865476,0,0,0,400,500.0,1418,1,27.0,18.8,0.0,330
2026-06-15T03:00:00+00:00,z2,3,0.7071067811865476,0.7071067811865476,0,0,0,600,450.0,0,0,3.0,18.8,0.0,30
2026-06-15T03:00:00+00:00,z3,3,0.7071067811865476,0.7071067811865476,0,0,0,900,1200.0,0,0,49.0,18.8,0.0,2
2026-06-15T03:00:00+00:00,z4,3,0.7071067811865476,0.7071067811865476,0,0,0,300,350.0,0,0,92.0,18.8,0.0,9
2026-06-15T04:00:00+00:00,z1,4,0.8660254037844386,0.5000000000000001,0,0,0,400,500.0,1418,1,26.0,21.3,0.0,335
2026-06-15T04:00:00+00:00,z2,4,0.8660254037844386,0.5000000000000001,0,0,0,600,450.0,0,0,2.0,21.3,0.0,31
2026-06-15T04:00:00+00:00,z3,4,0.8660254037844386,0.5000000000000001,0,0,0,900,1200.0,0,0,48.0,21.3,0.0,45
2026-06-15T04:00:00+00:00,z4,4,0.8660254037844386,0.5000000000000001,0,0,0,300,350.0,0,0,91.0,21.3,0.0,0
2026-06-15T05:00:00+00:00,z1,5,0.9659258262890683,0.25881904510252074,0,0,0,400,500.0,0,0,25.0,22.9,23.6,25
2026-06-15T05:00:00+00:00,z2,5,0.9659258262890683,0.25881904510252074,0,0,0,600,450.0,0,0,1.0,22.9,23.6,83
2026-06-15T05:00:00+00:00,z3,5,0.9659258262890683,0.25881904510252074,0,0,0,900,1200.0,0,0,47.0,22.9,23.6,24
2026-06-15T05:00:00+00:00,z4,5,0.9659258262890683,0.25881904510252074,0,0,0,300,350.0,0,0,90.0,22.9,23.6,0
2026-06-15T06:00:00+00:00,z1,6,1.0,6.123233995736766e-17,0,0,0,400,500.0,0,0,24.0,21.3,0.0,15
2026-06-15T06:00:00+00:00,z2,6,1.0,6.123233995736766e-17,0,0,0,600,450.0,555,1,51.0,21.3,0.0,268
2026-06-15T06:00:00+00:00,z3,6,1.0,6.123233995736766e-17,0,0,0,900,1200.0,0,0,46.0,21.3,0.0,67
2026-06-15T06:00:00+00:00,z4,6,1.0,6.123233995736766e-17,0,0,0,300,350.0,0,0,89.0,21.3,0.0,30
2026-06-15T07:00:00+00:00,z1,7,0.9659258262890683,-0.25881904510252063,0,0,0,400,500.0,0,0,23.0,22.8,0.0,4
2026-06-15T07:00:00+00:00,z2,7,0.9659258262890683,-0.25881904510252063,0,0,0,600,450.0,555,1,50.0,22.8,0.0,255
2026-06-15T07:00:00+00:00,z3,7,0.9659258262890683,-0.25881904510252063,0,0,0,900,1200.0,0,0,45.0,22.8,0.0,112
2026-06-15T07:00:00+00:00,z4,7,0.9659258262890683,-0.25881904510252063,0,0,0,300,350.0,0,0,88.0,22.8,0.0,13
2026-06-15T08:00:00+00:00,z1,8,0.8660254037844387,-0.4999999999999998,0,0,0,400,500.0,0,0,22.0,26.1,0.0,12
2026-06-15T08:00:00+00:00,z2,8,0.8660254037844387,-0.4999999999999998,0,0,0,600,450.0,555,1,49.0,26.1,0.0,633
2026-06-15T08:00:00+00:00,z3,8,0.8660254037844387,-0.4999999999999998,0,0,0,900,1200.0,0,0,44.0,26.1,0.0,56
2026-06-15T08:00:00+00:00,z4,8,0.8660254037844387,-0.4999999999999998,0,0,0,300,350.0,0,0,87.0,26.1,0.0,31
2026-06-15T09:00:00+00:00,z1,9,0.7071067811865476,-0.7071067811865475,0,0,0,400,500.0,0,0,21.0,27.5,0.0,208
2026-06-15T09:00:00+00:00,z2,9,0.7071067811865476,-0.7071067811865475,0,0,0,600,450.0,0,0,48.0,27.5,0.0,501
2026-06-15T09:00:00+00:00,z3,9,0.7071067811865476,-0.7071067811865475,0,0,0,900,1200.0,0,0,43.0,27.5,0.0,130
2026-06-15T09:00:00+00:00,z4,9,0.7071067811865476,-0.7071067811865475,0,0,0,300,350.0,0,0,86.0,27.5,0.0,10
2026-06-15T10:00:00+00:00,z1,10,0.49999999999999994,-0.8660254037844387,0,0,0,400,500.0,0,0,20.0,29.5,0.0,227
2026-06-15T10:00:00+00:00,z2,10,0.49999999999999994,-0.8660254037844387,0,0,0,600,450.0,0,0,47.0,29.5,0.0,425
2026-06-15T10:00:00+00:00,z3,10,0.49999999999999994,-0.8660254037844387,0,0,0,900,1200.0,0,0,42.0,29.5,0.0,107
2026-06-15T10:00:00+00:00,z4,10,0.49999999999999994,-0.8660254037844387,0,0,0,300,350.0,0,0,85.0,29.5,0.0,29
2026-06-15T11:00:00+00:00,z1,11,0.258819045102521,-0.9659258262890682,0,0,0,400,500.0,0,0,19.0,32.1,0.0,236
2026-06-15T11:00:00+00:00,z2,11,0.258819045102521,-0.9659258262890682,0,0,0,600,450.0,0,0,46.0,32.1,0.0,172
2026-06-15T11:00:00+00:00,z3,11,0.258819045102521,-0.9659258262890682,0,0,0,900,1200.0,0,0,41.0,32.1,0.0,84
2026-06-15T11:00:00+00:00,z4,11,0.258819045102521,-0.9659258262890682,0,0,0,300,350.0,0,0,84.0,32.1,0.0,9
2026-06-15T12:00:00+00:00,z1,12,1.2246467991473532e-16,-1.0,0,0,0,400,500.0,0,0,18.0,35.6,0.0,273
2026-06-15T12:00:00+00:00,z2,12,1.2246467991473532e-16,-1.0,0,0,0,600,450.0,0,0,45.0,35.6,0.0,233
2026-06-15T12:00:00+00:00,z3,12,1.2246467991473532e-16,-1.0,0,0,0,900,1200.0,0,0,40.0,35.6,0.0,252
2026-06-15T12:00:00+00:00,z4,12,1.2246467991473532e-16,-1.0,0,0,0,300,350.0,0,0,83.0,35.6,0.0,227
2026-06-15T13:00:00+00:00,z1,13,-0.2588190451025208,-0.9659258262890683,0,0,0,400,500.0,0,0,17.0,34.4,0.0,241
2026-06-15T13:00:00+00:00,z2,13,-0.2588190451025208,-0.9659258262890683,0,0,0,600,450.0,0,0,44.0,34.4,0.0,196
2026-06-15T13:00:00+00:00,z3,13,-0.2588190451025208,-0.9659258262890683,0,0,0,900,1200.0,0,0,39.0,34.4,0.0,232
2026-06-15T13:00:00+00:00,z4,13,-0.2588190451025208,-0.9659258262890683,0,0,0,300,350.0,0,0,82.0,34.4,0.0,249
2026-06-15T14:00:00+00:00,z1,14,-0.4999999999999997,-0.8660254037844388,0,0,0,400,500.0,0,0,16.0,34.3,0.0,247
2026-06-15T14:00:00+00:00,z2,14,-0.4999999999999997,-0.8660254037844388,0,0,0,600,450.0,0,0,43.0,34.3,0.0,246
2026-06-15T14:00:00+00:00,z3,14,-0.4999999999999997,-0.8660254037844388,0,0,0,900,1200.0,0,0,38.0,34.3,0.0,264
2026-06-15T14:00:00+00:00,z4,14,-0.4999999999999997,-0.8660254037844388,0,0,0,300,350.0,0,0,81.0,34.3,0.0,231
2026-06-15T15:00:00+00:00,z1,15,-0.7071067811865471,-0.7071067811865479,0,0,0,400,500.0,0,0,15.0,35.7,0.0,269
2026-06-15T15:00:00+00:00,z2,15,-0.7071067811865471,-0.7071067811865479,0,0,0,600,450.0,0,0,42.0,35.7,0.0,186
2026-06-15T15:00:00+00:00,z3,15,-0.7071067811865471,-0.7071067811865479,0,0,0,900,1200.0,0,0,37.0,35.7,0.0,176
2026-06-15T15:00:00+00:00,z4,15,-0.7071067811865471,-0.7071067811865479,0,0,0,300,350.0,0,0,80.0,35.7,0.0,94
2026-06-15T16:00:00+00:00,z1,16,-0.8660254037844385,-0.5000000000000004,0,0,0,400,500.0,0,0,14.0,35.7,0.0,245
2026-06-15T16:00:00+00:00,z2,16,-0.8660254037844385,-0.5000000000000004,0,0,0,600,450.0,0,0,41.0,35.7,0.0,217
2026-06-15T16:00:00+00:00,z3,16,-0.8660254037844385,-0.5000000000000004,0,0,0,900,1200.0,0,0,36.0,35.7,0.0,239
2026-06-15T16:00:00+00:00,z4,16,-0.8660254037844385,-0.5000000000000004,0,0,0,300,350.0,0,0,79.0,35.7,0.0,85
2026-06-15T17:00:00+00:00,z1,17,-0.9659258262890683,-0.25881904510252063,0,0,0,400,500.0,0,0,13.0,36.8,0.0,241
2026-06-15T17:00:00+00:00,z2,17,-0.9659258262890683,-0.25881904510252063,0,0,0,600,450.0,0,0,40.0,36.8,0.0,489
2026-06-15T17:00:00+00:00,z3,17,-0.9659258262890683,-0.25881904510252063,0,0,0,900,1200.0,0,0,35.0,36.8,0.0,478
2026-06-15T17:00:00+00:00,z4,17,-0.9659258262890683,-0.25881904510252063,0,0,0,300,350.0,0,0,78.0,36.8,0.0,80
2026-06-15T18:00:00+00:00,z1,18,-1.0,-1.8369701987210297e-16,0,0,0,400,500.0,0,0,12.0,32.3,0.0,219
2026-06-15T18:00:00+00:00,z2,18,-1.0,-1.8369701987210297e-16,0,0,0,600,450.0,0,0,39.0,32.3,0.0,533
2026-06-15T18:00:00+00:00,z3,18,-1.0,-1.8369701987210297e-16,0,0,0,900,1200.0,0,0,34.0,32.3,0.0,600
2026-06-15T18:00:00+00:00,z4,18,-1.0,-1.8369701987210297e-16,0,0,0,300,350.0,0,0,77.0,32.3,0.0,69
2026-06-15T19:00:00+00:00,z1,19,-0.9659258262890684,0.2588190451025203,0,0,0,400,500.0,0,0,11.0,32.9,0.0,206
2026-06-15T19:00:00+00:00,z2,19,-0.9659258262890684,0.2588190451025203,0,0,0,600,450.0,0,0,38.0,32.9,0.0,547
2026-06-15T19:00:00+00:00,z3,19,-0.9659258262890684,0.2588190451025203,0,0,0,900,1200.0,0,0,33.0,32.9,0.0,575
2026-06-15T19:00:00+00:00,z4,19,-0.9659258262890684,0.2588190451025203,0,0,0,300,350.0,0,0,76.0,32.9,0.0,232
2026-06-15T20:00:00+00:00,z1,20,-0.8660254037844386,0.5000000000000001,0,0,0,400,500.0,0,0,10.0,31.7,0.0,87
2026-06-15T20:00:00+00:00,z2,20,-0.8660254037844386,0.5000000000000001,0,0,0,600,450.0,0,0,37.0,31.7,0.0,415
2026-06-15T20:00:00+00:00,z3,20,-0.8660254037844386,0.5000000000000001,0,0,0,900,1200.0,0,0,32.0,31.7,0.0,614
2026-06-15T20:00:00+00:00,z4,20,-0.8660254037844386,0.5000000000000001,0,0,0,300,350.0,0,0,75.0,31.7,0.0,260
2026-06-15T21:00:00+00:00,z1,21,-0.7071067811865477,0.7071067811865474,0,0,0,400,500.0,0,0,9.0,28.6,2.8,52
2026-06-15T21:00:00+00:00,z2,21,-0.7071067811865477,0.7071067811865474,0,0,0,600,450.0,0,0,36.0,28.6,2.8,63
2026-06-15T21:00:00+00:00,z3,21,-0.7071067811865477,0.7071067811865474,0,0,0,900,1200.0,0,0,31.0,28.6,2.8,281
2026-06-15T21:00:00+00:00,z4,21,-0.7071067811865477,0.7071067811865474,0,0,0,300,350.0,0,0,74.0,28.6,2.8,187
2026-06-15T22:00:00+00:00,z1,22,-0.5000000000000004,0.8660254037844384,0,0,0,400,500.0,0,0,8.0,27.3,0.0,110
2026-06-15T22:00:00+00:00,z2,22,-0.5000000000000004,0.8660254037844384,0,0,0,600,450.0,0,0,35.0,27.3,0.0,80
2026-06-15T22:00:00+00:00,z3,22,-0.5000000000000004,0.8660254037844384,0,0,0,900,1200.0,0,0,30.0,27.3,0.0,67
2026-06-15T22:00:00+00:00,z4,22,-0.5000000000000004,0.8660254037844384,0,0,0,300,350.0,0,0,73.0,27.3,0.0,18
2026-06-15T23:00:00+00:00,z1,23,-0.25881904510252157,0.9659258262890681,0,0,0,400,500.0,0,0,7.0,24.7,0.0,97
2026-06-15T23:00:00+00:00,z2,23,-0.25881904510252157,0.9659258262890681,0,0,0,600,450.0,0,0,34.0,24.7,0.0,119
2026-06-15T23:00:00+00:00,z3,23,-0.25881904510252157,0.9659258262890681,0,0,0,900,1200.0,0,0,29.0,24.7,0.0,85
2026-06-15T23:00:00+00:00,z4,23,-0.25881904510252157,0.9659258262890681,0,0,0,300,350.0,0,0,72.0,24.7,0.0,22
2026-06-16T00:00:00+00:00,z1,0,0.0,1.0,1,0,0,400,500.0,0,0,6.0,22.0,0.0,28
2026-06-16T00:00:00+00:00,z2,0,0.0,1.0,1,0,0,600,450.0,0,0,33.0,22.0,0.0,111
2026-06-16T00:00:00+00:00,z3,0,0.0,1.0,1,0,0,900,1200.0,0,0,28.0,22.0,0.0,77
2026-06-16T00:00:00+00:00,z4,0,0.0,1.0,1,0,0,300,350.0,0,0,71.0,22.0,0.0,3
2026-06-16T01:00:00+00:00,z1,1,0.25881904510252074,0.9659258262890683,1,0,0,400,500.0,0,0,5.0,20.0,0.0,13
2026-06-16T01:00:00+00:00,z2,1,0.25881904510252074,0.9659258262890683,1,0,0,600,450.0,0,0,32.0,20.0,0.0,9
2026-06-16T01:00:00+00:00,z3,1,0.25881904510252074,0.9659258262890683,1,0,0,900,1200.0,0,0,27.0,20.0,0.0,14
2026-06-16T01:00:00+00:00,z4,1,0.25881904510252074,0.9659258262890683,1,0,0,300,350.0,0,0,70.0,20.0,0.0,17
2026-06-16T02:00:00+00:00,z1,2,0.49999999999999994,0.8660254037844387,1,0,0,400,500.0,0,0,4.0,20.9,0.0,29
2026-06-16T02:00:00+00:00,z2,2,0.49999999999999994,0.8660254037844387,1,0,0,600,450.0,0,0,31.0,20.9,0.0,21
2026-06-16T02:00:00+00:00,z3,2,0.49999999999999994,0.8660254037844387,1,0,0,900,1200.0,0,0,26.0,20.9,0.0,27
2026-06-16T02:00:00+00:00,z4,2,0.49999999999999994,0.8660254037844387,1,0,0,300,350.0,0,0,69.0,20.9,0.0,26
2026-06-16T03:00:00+00:00,z1,3,0.7071067811865476,0.7071067811865476,1,0,0,400,500.0,0,0,3.0,18.0,0.0,14
2026-06-16T03:00:00+00:00,z2,3,0.7071067811865476,0.7071067811865476,1,0,0,600,450.0,0,0,30.0,18.0,0.0,76
2026-06-16T03:00:00+00:00,z3,3,0.7071067811865476,0.7071067811865476,1,0,0,900,1200.0,0,0,25.0,18.0,0.0,34
2026-06-16T03:00:00+00:00,z4,3,0.7071067811865476,0.7071067811865476,1,0,0,300,350.0,0,0,68.0,18.0,0.0,0
2026-06-16T04:00:00+00:00,z1,4,0.8660254037844386,0.5000000000000001,1,0,0,400,500.0,0,0,2.0,21.0,0.0,28
2026-06-16T04:00:00+00:00,z2,4,0.8660254037844386,0.5000000000000001,1,0,0,600,450.0,0,0,29.0,21.0,0.0,21
2026-06-16T04:00:00+00:00,z3,4,0.8660254037844386,0.5000000000000001,1,0,0,900,1200.0,0,0,24.0,21.0,0.0,55
2026-06-16T04:00:00+00:00,z4,4,0.8660254037844386,0.5000000000000001,1,0,0,300,350.0,0,0,67.0,21.0,0.0,13
2026-06-16T05:00:00+00:00,z1,5,0.9659258262890683,0.25881904510252074,1,0,0,400,500.0,0,0,1.0,19.8,0.0,116
2026-06-16T05:00:00+00:00,z2,5,0.9659258262890683,0.25881904510252074,1,0,0,600,450.0,0,0,28.0,19.8,0.0,0
2026-06-16T05:00:00+00:00,z3,5,0.9659258262890683,0.25881904510252074,1,0,0,900,1200.0,0,0,23.0,19.8,0.0,23
2026-06-16T05:00:00+00:00,z4,5,0.9659258262890683,0.25881904510252074,1,0,0,300,350.0,0,0,66.0,19.8,0.0,2
2026-06-16T06:00:00+00:00,z1,6,1.0,6.123233995736766e-17,1,0,0,400,500.0,261,1,52.0,22.0,0.0,104
2026-06-16T06:00:00+00:00,z2,6,1.0,6.123233995736766e-17,1,0,0,600,450.0,0,0,27.0,22.0,0.0,101
2026-06-16T06:00:00+00:00,z3,6,1.0,6.123233995736766e-17,1,0,0,900,1200.0,0,0,22.0,22.0,0.0,117
2026-06-16T06:00:00+00:00,z4,6,1.0,6.123233995736766e-17,1,0,0,300,350.0,0,0,65.0,22.0,0.0,19
2026-06-16T07:00:00+00:00,z1,7,0.9659258262890683,-0.25881904510252063,1,0,0,400,500.0,261,1,51.0,26.0,0.0,97
2026-06-16T07:00:00+00:00,z2,7,0.9659258262890683,-0.25881904510252063,1,0,0,600,450.0,0,0,26.0,26.0,0.0,98
2026-06-16T07:00:00+00:00,z3,7,0.9659258262890683,-0.25881904510252063,1,0,0,900,1200.0,0,0,21.0,26.0,0.0,104
2026-06-16T07:00:00+00:00,z4,7,0.9659258262890683,-0.25881904510252063,1,0,0,300,350.0,0,0,64.0,26.0,0.0,10
2026-06-16T08:00:00+00:00,z1,8,0.8660254037844387,-0.4999999999999998,1,0,0,400,500.0,261,1,50.0,26.7,0.0,110
2026-06-16T08:00:00+00:00,z2,8,0.8660254037844387,-0.4999999999999998,1,0,0,600,450.0,0,0,25.0,26.7,0.0,420
2026-06-16T08:00:00+00:00,z3,8,0.8660254037844387,-0.4999999999999998,1,0,0,900,1200.0,0,0,20.0,26.7,0.0,51
2026-06-16T08:00:00+00:00,z4,8,0.8660254037844387,-0.4999999999999998,1,0,0,300,350.0,0,0,63.0,26.7,0.0,21
2026-06-16T09:00:00+00:00,z1,9,0.7071067811865476,-0.7071067811865475,1,0,0,400,500.0,261,1,49.0,28.6,0.0,290
2026-06-16T09:00:00+00:00,z2,9,0.7071067811865476,-0.7071067811865475,1,0,0,600,450.0,0,0,24.0,28.6,0.0,518
2026-06-16T09:00:00+00:00,z3,9,0.7071067811865476,-0.7071067811865475,1,0,0,900,1200.0,0,0,19.0,28.6,0.0,48
2026-06-16T09:00:00+00:00,z4,9,0.7071067811865476,-0.7071067811865475,1,0,0,300,350.0,0,0,62.0,28.6,0.0,11
2026-06-16T10:00:00+00:00,z1,10,0.49999999999999994,-0.8660254037844387,1,0,0,400,500.0,261,1,48.0,31.1,10.7,179
2026-06-16T10:00:00+00:00,z2,10,0.49999999999999994,-0.8660254037844387,1,0,0,600,450.0,0,0,23.0,31.1,10.7,308
2026-06-16T10:00:00+00:00,z3,10,0.49999999999999994,-0.8660254037844387,1,0,0,900,1200.0,0,0,18.0,31.1,10.7,86
2026-06-16T10:00:00+00:00,z4,10,0.49999999999999994,-0.8660254037844387,1,0,0,300,350.0,0,0,61.0,31.1,10.7,8
2026-06-16T11:00:00+00:00,z1,11,0.258819045102521,-0.9659258262890682,1,0,0,400,500.0,0,0,47.0,32.2,2.2,132
2026-06-16T11:00:00+00:00,z2,11,0.258819045102521,-0.9659258262890682,1,0,0,600,450.0,0,0,22.0,32.2,2.2,159
2026-06-16T11:00:00+00:00,z3,11,0.258819045102521,-0.9659258262890682,1,0,0,900,1200.0,0,0,17.0,32.2,2.2,1
2026-06-16T11:00:00+00:00,z4,11,0.258819045102521,-0.9659258262890682,1,0,0,300,350.0,0,0,60.0,32.2,2.2,0
2026-06-16T12:00:00+00:00,z1,12,1.2246467991473532e-16,-1.0,1,0,0,400,500.0,0,0,46.0,33.7,0.0,230
2026-06-16T12:00:00+00:00,z2,12,1.2246467991473532e-16,-1.0,1,0,0,600,450.0,0,0,21.0,33.7,0.0,250
2026-06-16T12:00:00+00:00,z3,12,1.2246467991473532e-16,-1.0,1,0,0,900,1200.0,0,0,16.0,33.7,0.0,216
2026-06-16T12:00:00+00:00,z4,12,1.2246467991473532e-16,-1.0,1,0,0,300,350.0,0,0,59.0,33.7,0.0,248
2026-06-16T13:00:00+00:00,z1,13,-0.2588190451025208,-0.9659258262890683,1,0,0,400,500.0,0,0,45.0,36.4,14.1,135
2026-06-16T13:00:00+00:00,z2,13,-0.2588190451025208,-0.9659258262890683,1,0,0,600,450.0,0,0,20.0,36.4,14.1,140
2026-06-16T13:00:00+00:00,z3,13,-0.2588190451025208,-0.9659258262890683,1,0,0,900,1200.0,0,0,15.0,36.4,14.1,151
2026-06-16T13:00:00+00:00,z4,13,-0.2588190451025208,-0.9659258262890683,1,0,0,300,350.0,0,0,58.0,36.4,14.1,209
2026-06-16T14:00:00+00:00,z1,14,-0.4999999999999997,-0.8660254037844388,1,0,0,400,500.0,0,0,44.0,37.2,0.0,285
2026-06-16T14:00:00+00:00,z2,14,-0.4999999999999997,-0.8660254037844388,1,0,0,600,450.0,0,0,19.0,37.2,0.0,230
2026-06-16T14:00:00+00:00,z3,14,-0.4999999999999997,-0.8660254037844388,1,0,0,900,1200.0,0,0,14.0,37.2,0.0,212
2026-06-16T14:00:00+00:00,z4,14,-0.4999999999999997,-0.8660254037844388,1,0,0,300,350.0,0,0,57.0,37.2,0.0,230
2026-06-16T15:00:00+00:00,z1,15,-0.7071067811865471,-0.7071067811865479,1,0,0,400,500.0,0,0,43.0,34.3,0.0,266
2026-06-16T15:00:00+00:00,z2,15,-0.7071067811865471,-0.7071067811865479,1,0,0,600,450.0,0,0,18.0,34.3,0.0,224
2026-06-16T15:00:00+00:00,z3,15,-0.7071067811865471,-0.7071067811865479,1,0,0,900,1200.0,0,0,13.0,34.3,0.0,209
2026-06-16T15:00:00+00:00,z4,15,-0.7071067811865471,-0.7071067811865479,1,0,0,300,350.0,0,0,56.0,34.3,0.0,61
2026-06-16T16:00:00+00:00,z1,16,-0.8660254037844385,-0.5000000000000004,1,0,0,400,500.0,0,0,42.0,37.4,0.0,246
2026-06-16T16:00:00+00:00,z2,16,-0.8660254037844385,-0.5000000000000004,1,0,0,600,450.0,0,0,17.0,37.4,0.0,230
2026-06-16T16:00:00+00:00,z3,16,-0.8660254037844385,-0.5000000000000004,1,0,0,900,1200.0,0,0,12.0,37.4,0.0,252
2026-06-16T16:00:00+00:00,z4,16,-0.8660254037844385,-0.5000000000000004,1,0,0,300,350.0,0,0,55.0,37.4,0.0,87
2026-06-16T17:00:00+00:00,z1,17,-0.9659258262890683,-0.25881904510252063,1,0,0,400,500.0,0,0,41.0,35.8,0.0,236
2026-06-16T17:00:00+00:00,z2,17,-0.9659258262890683,-0.25881904510252063,1,0,0,600,450.0,0,0,16.0,35.8,0.0,477
2026-06-16T17:00:00+00:00,z3,17,-0.9659258262890683,-0.25881904510252063,1,0,0,900,1200.0,0,0,11.0,35.8,0.0,464
2026-06-16T17:00:00+00:00,z4,17,-0.9659258262890683,-0.25881904510252063,1,0,0,300,350.0,0,0,54.0,35.8,0.0,60
2026-06-16T18:00:00+00:00,z1,18,-1.0,-1.8369701987210297e-16,1,0,0,400,500.0,0,0,40.0,32.3,0.0,210
2026-06-16T18:00:00+00:00,z2,18,-1.0,-1.8369701987210297e-16,1,0,0,600,450.0,0,0,15.0,32.3,0.0,494
2026-06-16T18:00:00+00:00,z3,18,-1.0,-1.8369701987210297e-16,1,0,0,900,1200.0,0,0,10.0,32.3,0.0,556
2026-06-16T18:00:00+00:00,z4,18,-1.0,-1.8369701987210297e-16,1,0,0,300,350.0,0,0,53.0,32.3,0.0,79
2026-06-16T19:00:00+00:00,z1,19,-0.9659258262890684,0.2588190451025203,1,0,0,400,500.0,0,0,39.0,31.6,0.0,218
2026-06-16T19:00:00+00:00,z2,19,-0.9659258262890684,0.2588190451025203,1,0,0,600,450.0,0,0,14.0,31.6,0.0,539
2026-06-16T19:00:00+00:00,z3,19,-0.9659258262890684,0.2588190451025203,1,0,0,900,1200.0,0,0,9.0,31.6,0.0,557
2026-06-16T19:00:00+00:00,z4,19,-0.9659258262890684,0.2588190451025203,1,0,0,300,350.0,0,0,52.0,31.6,0.0,257
2026-06-16T20:00:00+00:00,z1,20,-0.8660254037844386,0.5000000000000001,1,0,0,400,500.0,0,0,38.0,29.4,0.0,115
2026-06-16T20:00:00+00:00,z2,20,-0.8660254037844386,0.5000000000000001,1,0,0,600,450.0,0,0,13.0,29.4,0.0,460
2026-06-16T20:00:00+00:00,z3,20,-0.8660254037844386,0.5000000000000001,1,0,0,900,1200.0,0,0,8.0,29.4,0.0,553
2026-06-16T20:00:00+00:00,z4,20,-0.8660254037844386,0.5000000000000001,1,0,0,300,350.0,0,0,51.0,29.4,0.0,261
2026-06-16T21:00:00+00:00,z1,21,-0.7071067811865477,0.7071067811865474,1,0,0,400,500.0,0,0,37.0,26.6,0.0,96
2026-06-16T21:00:00+00:00,z2,21,-0.7071067811865477,0.7071067811865474,1,0,0,600,450.0,0,0,12.0,26.6,0.0,110
2026-06-16T21:00:00+00:00,z3,21,-0.7071067811865477,0.7071067811865474,1,0,0,900,1200.0,0,0,7.0,26.6,0.0,546
2026-06-16T21:00:00+00:00,z4,21,-0.7071067811865477,0.7071067811865474,1,0,0,300,350.0,0,0,50.0,26.6,0.0,254
2026-06-16T22:00:00+00:00,z1,22,-0.5000000000000004,0.8660254037844384,1,0,0,400,500.0,0,0,36.0,26.8,0.0,94
2026-06-16T22:00:00+00:00,z2,22,-0.5000000000000004,0.8660254037844384,1,0,0,600,450.0,0,0,11.0,26.8,0.0,70
2026-06-16T22:00:00+00:00,z3,22,-0.5000000000000004,0.8660254037844384,1,0,0,900,1200.0,0,0,6.0,26.8,0.0,76
2026-06-16T22:00:00+00:00,z4,22,-0.5000000000000004,0.8660254037844384,1,0,0,300,350.0,0,0,49.0,26.8,0.0,0
2026-06-16T23:00:00+00:00,z1,23,-0.25881904510252157,0.9659258262890681,1,0,0,400,500.0,0,0,35.0,25.9,12.1,59
2026-06-16T23:00:00+00:00,z2,23,-0.25881904510252157,0.9659258262890681,1,0,0,600,450.0,0,0,10.0,25.9,12.1,65
2026-06-16T23:00:00+00:00,z3,23,-0.25881904510252157,0.9659258262890681,1,0,0,900,1200.0,0,0,5.0,25.9,12.1,27
2026-06-16T23:00:00+00:00,z4,23,-0.25881904510252157,0.9659258262890681,1,0,0,300,350.0,0,0,48.0,25.9,12.1,0
2026-06-17T00:00:00+00:00,z1,0,0.0,1.0,2,0,0,400,500.0,0,0,34.0,23.7,0.0,26
2026-06-17T00:00:00+00:00,z2,0,0.0,1.0,2,0,0,600,450.0,0,0,9.0,23.7,0.0,80
2026-06-17T00:00:00+00:00,z3,0,0.0,1.0,2,0,0,900,1200.0,0,0,4.0,23.7,0.0,40
2026-06-17T00:00:00+00:00,z4,0,0.0,1.0,2,0,0,300,350.0,0,0,47.0,23.7,0.0,0
2026-06-17T01:00:00+00:00,z1,1,0.25881904510252074,0.9659258262890683,2,0,0,400,500.0,0,0,33.0,22.1,0.0,12
2026-06-17T01:00:00+00:00,z2,1,0.25881904510252074,0.9659258262890683,2,0,0,600,450.0,0,0,8.0,22.1,0.0,58
2026-06-17T01:00:00+00:00,z3,1,0.25881904510252074,0.9659258262890683,2,0,0,900,1200.0,0,0,3.0,22.1,0.0,64
2026-06-17T01:00:00+00:00,z4,1,0.25881904510252074,0.9659258262890683,2,0,0,300,350.0,0,0,46.0,22.1,0.0,4
2026-06-17T02:00:00+00:00,z1,2,0.49999999999999994,0.8660254037844387,2,0,0,400,500.0,0,0,32.0,22.2,0.0,5
2026-06-17T02:00:00+00:00,z2,2,0.49999999999999994,0.8660254037844387,2,0,0,600,450.0,0,0,7.0,22.2,0.0,37
2026-06-17T02:00:00+00:00,z3,2,0.49999999999999994,0.8660254037844387,2,0,0,900,1200.0,0,0,2.0,22.2,0.0,3
2026-06-17T02:00:00+00:00,z4,2,0.49999999999999994,0.8660254037844387,2,0,0,300,350.0,0,0,45.0,22.2,0.0,15
2026-06-17T03:00:00+00:00,z1,3,0.7071067811865476,0.7071067811865476,2,0,0,400,500.0,0,0,31.0,20.6,16.2,19
2026-06-17T03:00:00+00:00,z2,3,0.7071067811865476,0.7071067811865476,2,0,0,600,450.0,0,0,6.0,20.6,16.2,41
2026-06-17T03:00:00+00:00,z3,3,0.7071067811865476,0.7071067811865476,2,0,0,900,1200.0,0,0,1.0,20.6,16.2,63
2026-06-17T03:00:00+00:00,z4,3,0.7071067811865476,0.7071067811865476,2,0,0,300,350.0,0,0,44.0,20.6,16.2,4
2026-06-17T04:00:00+00:00,z1,4,0.8660254037844386,0.5000000000000001,2,0,0,400,500.0,0,0,30.0,21.1,0.0,6
2026-06-17T04:00:00+00:00,z2,4,0.8660254037844386,0.5000000000000001,2,0,0,600,450.0,0,0,5.0,21.1,0.0,3
2026-06-17T04:00:00+00:00,z3,4,0.8660254037844386,0.5000000000000001,2,0,0,900,1200.0,290,1,50.0,21.1,0.0,116
2026-06-17T04:00:00+00:00,z4,4,0.8660254037844386,0.5000000000000001,2,0,0,300,350.0,0,0,43.0,21.1,0.0,9
2026-06-17T05:00:00+00:00,z1,5,0.9659258262890683,0.25881904510252074,2,0,0,400,500.0,0,0,29.0,20.3,0.0,22
2026-06-17T05:00:00+00:00,z2,5,0.9659258262890683,0.25881904510252074,2,0,0,600,450.0,0,0,4.0,20.3,0.0,0
2026-06-17T05:00:00+00:00,z3,5,0.9659258262890683,0.25881904510252074,2,0,0,900,1200.0,290,1,49.0,20.3,0.0,165
2026-06-17T05:00:00+00:00,z4,5,0.9659258262890683,0.25881904510252074,2,0,0,300,350.0,0,0,42.0,20.3,0.0,8
2026-06-17T06:00:00+00:00,z1,6,1.0,6.123233995736766e-17,2,0,0,400,500.0,0,0,28.0,22.6,0.0,20
2026-06-17T06:00:00+00:00,z2,6,1.0,6.123233995736766e-17,2,0,0,600,450.0,0,0,3.0,22.6,0.0,77
2026-06-17T06:00:00+00:00,z3,6,1.0,6.123233995736766e-17,2,0,0,900,1200.0,290,1,48.0,22.6,0.0,108
2026-06-17T06:00:00+00:00,z4,6,1.0,6.123233995736766e-17,2,0,0,300,350.0,0,0,41.0,22.6,0.0,23
2026-06-17T07:00:00+00:00,z1,7,0.9659258262890683,-0.25881904510252063,2,0,0,400,500.0,0,0,27.0,22.1,0.0,29
2026-06-17T07:00:00+00:00,z2,7,0.9659258262890683,-0.25881904510252063,2,0,0,600,450.0,0,0,2.0,22.1,0.0,85
2026-06-17T07:00:00+00:00,z3,7,0.9659258262890683,-0.25881904510252063,2,0,0,900,1200.0,290,1,47.0,22.1,0.0,175
2026-06-17T07:00:00+00:00,z4,7,0.9659258262890683,-0.25881904510252063,2,0,0,300,350.0,0,0,40.0,22.1,0.0,20
2026-06-17T08:00:00+00:00,z1,8,0.8660254037844387,-0.4999999999999998,2,0,0,400,500.0,0,0,26.0,24.3,0.0,1
2026-06-17T08:00:00+00:00,z2,8,0.8660254037844387,-0.4999999999999998,2,0,0,600,450.0,0,0,1.0,24.3,0.0,510
2026-06-17T08:00:00+00:00,z3,8,0.8660254037844387,-0.4999999999999998,2,0,0,900,1200.0,290,1,46.0,24.3,0.0,195
2026-06-17T08:00:00+00:00,z4,8,0.8660254037844387,-0.4999999999999998,2,0,0,300,350.0,0,0,39.0,24.3,0.0,4
2026-06-17T09:00:00+00:00,z1,9,0.7071067811865476,-0.7071067811865475,2,0,0,400,500.0,0,0,25.0,27.3,0.0,204
2026-06-17T09:00:00+00:00,z2,9,0.7071067811865476,-0.7071067811865475,2,0,0,600,450.0,1234,1,23.0,27.3,0.0,917
2026-06-17T09:00:00+00:00,z3,9,0.7071067811865476,-0.7071067811865475,2,0,0,900,1200.0,0,0,45.0,27.3,0.0,85
2026-06-17T09:00:00+00:00,z4,9,0.7071067811865476,-0.7071067811865475,2,0,0,300,350.0,0,0,38.0,27.3,0.0,15
2026-06-17T10:00:00+00:00,z1,10,0.49999999999999994,-0.8660254037844387,2,0,0,400,500.0,0,0,24.0,29.2,0.0,199
2026-06-17T10:00:00+00:00,z2,10,0.49999999999999994,-0.8660254037844387,2,0,0,600,450.0,1234,1,22.0,29.2,0.0,873
2026-06-17T10:00:00+00:00,z3,10,0.49999999999999994,-0.8660254037844387,2,0,0,900,1200.0,0,0,44.0,29.2,0.0,52
2026-06-17T10:00:00+00:00,z4,10,0.49999999999999994,-0.8660254037844387,2,0,0,300,350.0,0,0,37.0,29.2,0.0,8
2026-06-17T11:00:00+00:00,z1,11,0.258819045102521,-0.9659258262890682,2,0,0,400,500.0,0,0,23.0,30.3,0.0,238
2026-06-17T11:00:00+00:00,z2,11,0.258819045102521,-0.9659258262890682,2,0,0,600,450.0,1234,1,21.0,30.3,0.0,687
2026-06-17T11:00:00+00:00,z3,11,0.258819045102521,-0.9659258262890682,2,0,0,900,1200.0,0,0,43.0,30.3,0.0,45
2026-06-17T11:00:00+00:00,z4,11,0.258819045102521,-0.9659258262890682,2,0,0,300,350.0,0,0,36.0,30.3,0.0,16
2026-06-17T12:00:00+00:00,z1,12,1.2246467991473532e-16,-1.0,2,0,0,400,500.0,0,0,22.0,35.6,0.0,254
2026-06-17T12:00:00+00:00,z2,12,1.2246467991473532e-16,-1.0,2,0,0,600,450.0,0,0,20.0,35.6,0.0,203
2026-06-17T12:00:00+00:00,z3,12,1.2246467991473532e-16,-1.0,2,0,0,900,1200.0,0,0,42.0,35.6,0.0,219
2026-06-17T12:00:00+00:00,z4,12,1.2246467991473532e-16,-1.0,2,0,0,300,350.0,0,0,35.0,35.6,0.0,222
2026-06-17T13:00:00+00:00,z1,13,-0.2588190451025208,-0.9659258262890683,2,0,0,400,500.0,0,0,21.0,33.5,0.0,247
2026-06-17T13:00:00+00:00,z2,13,-0.2588190451025208,-0.9659258262890683,2,0,0,600,450.0,0,0,19.0,33.5,0.0,211
2026-06-17T13:00:00+00:00,z3,13,-0.2588190451025208,-0.9659258262890683,2,0,0,900,1200.0,0,0,41.0,33.5,0.0,157
2026-06-17T13:00:00+00:00,z4,13,-0.2588190451025208,-0.9659258262890683,2,0,0,300,350.0,0,0,34.0,33.5,0.0,229
2026-06-17T14:00:00+00:00,z1,14,-0.4999999999999997,-0.8660254037844388,2,0,0,400,500.0,0,0,20.0,35.5,0.0,265
2026-06-17T14:00:00+00:00,z2,14,-0.4999999999999997,-0.8660254037844388,2,0,0,600,450.0,0,0,18.0,35.5,0.0,225
2026-06-17T14:00:00+00:00,z3,14,-0.4999999999999997,-0.8660254037844388,2,0,0,900,1200.0,0,0,40.0,35.5,0.0,123
2026-06-17T14:00:00+00:00,z4,14,-0.4999999999999997,-0.8660254037844388,2,0,0,300,350.0,0,0,33.0,35.5,0.0,216
2026-06-17T15:00:00+00:00,z1,15,-0.7071067811865471,-0.7071067811865479,2,0,0,400,500.0,0,0,19.0,35.0,0.0,264
2026-06-17T15:00:00+00:00,z2,15,-0.7071067811865471,-0.7071067811865479,2,0,0,600,450.0,0,0,17.0,35.0,0.0,255
2026-06-17T15:00:00+00:00,z3,15,-0.7071067811865471,-0.7071067811865479,2,0,0,900,1200.0,0,0,39.0,35.0,0.0,234
2026-06-17T15:00:00+00:00,z4,15,-0.7071067811865471,-0.7071067811865479,2,0,0,300,350.0,0,0,32.0,35.0,0.0,58
2026-06-17T16:00:00+00:00,z1,16,-0.8660254037844385,-0.5000000000000004,2,0,0,400,500.0,0,0,18.0,34.2,0.0,246
2026-06-17T16:00:00+00:00,z2,16,-0.8660254037844385,-0.5000000000000004,2,0,0,600,450.0,0,0,16.0,34.2,0.0,262
2026-06-17T16:00:00+00:00,z3,16,-0.8660254037844385,-0.5000000000000004,2,0,0,900,1200.0,0,0,38.0,34.2,0.0,192
2026-06-17T16:00:00+00:00,z4,16,-0.8660254037844385,-0.5000000000000004,2,0,0,300,350.0,0,0,31.0,34.2,0.0,68
2026-06-17T17:00:00+00:00,z1,17,-0.9659258262890683,-0.25881904510252063,2,0,0,400,500.0,0,0,17.0,36.1,0.0,229
2026-06-17T17:00:00+00:00,z2,17,-0.9659258262890683,-0.25881904510252063,2,0,0,600,450.0,0,0,15.0,36.1,0.0,433
2026-06-17T17:00:00+00:00,z3,17,-0.9659258262890683,-0.25881904510252063,2,0,0,900,1200.0,0,0,37.0,36.1,0.0,498
2026-06-17T17:00:00+00:00,z4,17,-0.9659258262890683,-0.25881904510252063,2,0,0,300,350.0,0,0,30.0,36.1,0.0,83
2026-06-17T18:00:00+00:00,z1,18,-1.0,-1.8369701987210297e-16,2,0,0,400,500.0,0,0,16.0,34.9,0.0,222
2026-06-17T18:00:00+00:00,z2,18,-1.0,-1.8369701987210297e-16,2,0,0,600,450.0,0,0,14.0,34.9,0.0,523
2026-06-17T18:00:00+00:00,z3,18,-1.0,-1.8369701987210297e-16,2,0,0,900,1200.0,0,0,36.0,34.9,0.0,551
2026-06-17T18:00:00+00:00,z4,18,-1.0,-1.8369701987210297e-16,2,0,0,300,350.0,0,0,29.0,34.9,0.0,69
2026-06-17T19:00:00+00:00,z1,19,-0.9659258262890684,0.2588190451025203,2,0,0,400,500.0,0,0,15.0,30.5,0.0,211
2026-06-17T19:00:00+00:00,z2,19,-0.9659258262890684,0.2588190451025203,2,0,0,600,450.0,0,0,13.0,30.5,0.0,527
2026-06-17T19:00:00+00:00,z3,19,-0.9659258262890684,0.2588190451025203,2,0,0,900,1200.0,0,0,35.0,30.5,0.0,580
2026-06-17T19:00:00+00:00,z4,19,-0.9659258262890684,0.2588190451025203,2,0,0,300,350.0,0,0,28.0,30.5,0.0,269
2026-06-17T20:00:00+00:00,z1,20,-0.8660254037844386,0.5000000000000001,2,0,0,400,500.0,0,0,14.0,31.9,0.0,104
2026-06-17T20:00:00+00:00,z2,20,-0.8660254037844386,0.5000000000000001,2,0,0,600,450.0,0,0,12.0,31.9,0.0,436
2026-06-17T20:00:00+00:00,z3,20,-0.8660254037844386,0.5000000000000001,2,0,0,900,1200.0,0,0,34.0,31.9,0.0,547
2026-06-17T20:00:00+00:00,z4,20,-0.8660254037844386,0.5000000000000001,2,0,0,300,350.0,0,0,27.0,31.9,0.0,280
2026-06-17T21:00:00+00:00,z1,21,-0.7071067811865477,0.7071067811865474,2,0,0,400,500.0,0,0,13.0,27.3,0.0,101
2026-06-17T21:00:00+00:00,z2,21,-0.7071067811865477,0.7071067811865474,2,0,0,600,450.0,0,0,11.0,27.3,0.0,64
2026-06-17T21:00:00+00:00,z3,21,-0.7071067811865477,0.7071067811865474,2,0,0,900,1200.0,0,0,33.0,27.3,0.0,520
2026-06-17T21:00:00+00:00,z4,21,-0.7071067811865477,0.7071067811865474,2,0,0,300,350.0,0,0,26.0,27.3,0.0,234
2026-06-17T22:00:00+00:00,z1,22,-0.5000000000000004,0.8660254037844384,2,0,0,400,500.0,0,0,12.0,27.8,0.0,122
2026-06-17T22:00:00+00:00,z2,22,-0.5000000000000004,0.8660254037844384,2,0,0,600,450.0,0,0,10.0,27.8,0.0,109
2026-06-17T22:00:00+00:00,z3,22,-0.5000000000000004,0.8660254037844384,2,0,0,900,1200.0,0,0,32.0,27.8,0.0,60
2026-06-17T22:00:00+00:00,z4,22,-0.5000000000000004,0.8660254037844384,2,0,0,300,350.0,0,0,25.0,27.8,0.0,27
2026-06-17T23:00:00+00:00,z1,23,-0.25881904510252157,0.9659258262890681,2,0,0,400,500.0,0,0,11.0,24.8,0.0,101
2026-06-17T23:00:00+00:00,z2,23,-0.25881904510252157,0.9659258262890681,2,0,0,600,450.0,0,0,9.0,24.8,0.0,105
2026-06-17T23:00:00+00:00,z3,23,-0.25881904510252157,0.9659258262890681,2,0,0,900,1200.0,0,0,31.0,24.8,0.0,85
2026-06-17T23:00:00+00:00,z4,23,-0.25881904510252157,0.9659258262890681,2,0,0,300,350.0,0,0,24.0,24.8,0.0,7
2026-06-18T00:00:00+00:00,z1,0,0.0,1.0,3,0,0,400,500.0,0,0,10.0,22.6,0.0,12
2026-06-18T00:00:00+00:00,z2,0,0.0,1.0,3,0,0,600,450.0,0,0,8.0,22.6,0.0,109
2026-06-18T00:00:00+00:00,z3,0,0.0,1.0,3,0,0,900,1200.0,0,0,30.0,22.6,0.0,63
2026-06-18T00:00:00+00:00,z4,0,0.0,1.0,3,0,0,300,350.0,0,0,23.0,22.6,0.0,11
2026-06-18T01:00:00+00:00,z1,1,0.25881904510252074,0.9659258262890683,3,0,0,400,500.0,0,0,9.0,20.6,0.0,1
2026-06-18T01:00:00+00:00,z2,1,0.25881904510252074,0.9659258262890683,3,0,0,600,450.0,0,0,7.0,20.6,0.0,22
2026-06-18T01:00:00+00:00,z3,1,0.25881904510252074,0.9659258262890683,3,0,0,900,1200.0,0,0,29.0,20.6,0.0,89
2026-06-18T01:00:00+00:00,z4,1,0.25881904510252074,0.9659258262890683,3,0,0,300,350.0,0,0,22.0,20.6,0.0,2
2026-06-18T02:00:00+00:00,z1,2,0.49999999999999994,0.8660254037844387,3,0,0,400,500.0,0,0,8.0,20.5,0.0,15
2026-06-18T02:00:00+00:00,z2,2,0.49999999999999994,0.8660254037844387,3,0,0,600,450.0,0,0,6.0,20.5,0.0,55
2026-06-18T02:00:00+00:00,z3,2,0.49999999999999994,0.8660254037844387,3,0,0,900,1200.0,0,0,28.0,20.5,0.0,28
2026-06-18T02:00:00+00:00,z4,2,0.49999999999999994,0.8660254037844387,3,0,0,300,350.0,0,0,21.0,20.5,0.0,16
2026-06-18T03:00:00+00:00,z1,3,0.7071067811865476,0.7071067811865476,3,0,0,400,500.0,0,0,7.0,19.8,0.0,4
2026-06-18T03:00:00+00:00,z2,3,0.7071067811865476,0.7071067811865476,3,0,0,600,450.0,0,0,5.0,19.8,0.0,34
2026-06-18T03:00:00+00:00,z3,3,0.7071067811865476,0.7071067811865476,3,0,0,900,1200.0,0,0,27.0,19.8,0.0,34
2026-06-18T03:00:00+00:00,z4,3,0.7071067811865476,0.7071067811865476,3,0,0,300,350.0,0,0,20.0,19.8,0.0,19
2026-06-18T04:00:00+00:00,z1,4,0.8660254037844386,0.5000000000000001,3,0,0,400,500.0,0,0,6.0,20.3,0.0,25
2026-06-18T04:00:00+00:00,z2,4,0.8660254037844386,0.5000000000000001,3,0,0,600,450.0,0,0,4.0,20.3,0.0,70
2026-06-18T04:00:00+00:00,z3,4,0.8660254037844386,0.5000000000000001,3,0,0,900,1200.0,0,0,26.0,20.3,0.0,53
2026-06-18T04:00:00+00:00,z4,4,0.8660254037844386,0.5000000000000001,3,0,0,300,350.0,0,0,19.0,20.3,0.0,16
2026-06-18T05:00:00+00:00,z1,5,0.9659258262890683,0.25881904510252074,3,0,0,400,500.0,0,0,5.0,19.4,0.0,16
2026-06-18T05:00:00+00:00,z2,5,0.9659258262890683,0.25881904510252074,3,0,0,600,450.0,0,0,3.0,19.4,0.0,13
2026-06-18T05:00:00+00:00,z3,5,0.9659258262890683,0.25881904510252074,3,0,0,900,1200.0,0,0,25.0,19.4,0.0,41
2026-06-18T05:00:00+00:00,z4,5,0.9659258262890683,0.25881904510252074,3,0,0,300,350.0,0,0,18.0,19.4,0.0,12
2026-06-18T06:00:00+00:00,z1,6,1.0,6.123233995736766e-17,3,0,0,400,500.0,0,0,4.0,23.1,0.0,22
2026-06-18T06:00:00+00:00,z2,6,1.0,6.123233995736766e-17,3,0,0,600,450.0,0,0,2.0,23.1,0.0,114
2026-06-18T06:00:00+00:00,z3,6,1.0,6.123233995736766e-17,3,0,0,900,1200.0,0,0,24.0,23.1,0.0,45
2026-06-18T06:00:00+00:00,z4,6,1.0,6.123233995736766e-17,3,0,0,300,350.0,0,0,17.0,23.1,0.0,25
2026-06-18T07:00:00+00:00,z1,7,0.9659258262890683,-0.25881904510252063,3,0,0,400,500.0,0,0,3.0,25.2,0.0,36
2026-06-18T07:00:00+00:00,z2,7,0.9659258262890683,-0.25881904510252063,3,0,0,600,450.0,0,0,1.0,25.2,0.0,188
2026-06-18T07:00:00+00:00,z3,7,0.9659258262890683,-0.25881904510252063,3,0,0,900,1200.0,0,0,23.0,25.2,0.0,15
2026-06-18T07:00:00+00:00,z4,7,0.9659258262890683,-0.25881904510252063,3,0,0,300,350.0,0,0,16.0,25.2,0.0,10
2026-06-18T08:00:00+00:00,z1,8,0.8660254037844387,-0.4999999999999998,3,0,0,400,500.0,0,0,2.0,27.5,0.0,36
2026-06-18T08:00:00+00:00,z2,8,0.8660254037844387,-0.4999999999999998,3,0,0,600,450.0,741,1,43.0,27.5,0.0,679
2026-06-18T08:00:00+00:00,z3,8,0.8660254037844387,-0.4999999999999998,3,0,0,900,1200.0,0,0,22.0,27.5,0.0,45
2026-06-18T08:00:00+00:00,z4,8,0.8660254037844387,-0.4999999999999998,3,0,0,300,350.0,0,0,15.0,27.5,0.0,10
2026-06-18T09:00:00+00:00,z1,9,0.7071067811865476,-0.7071067811865475,3,0,0,400,500.0,0,0,1.0,28.6,19.7,175
2026-06-18T09:00:00+00:00,z2,9,0.7071067811865476,-0.7071067811865475,3,0,0,600,450.0,741,1,42.0,28.6,19.7,587
2026-06-18T09:00:00+00:00,z3,9,0.7071067811865476,-0.7071067811865475,3,0,0,900,1200.0,0,0,21.0,28.6,19.7,33
2026-06-18T09:00:00+00:00,z4,9,0.7071067811865476,-0.7071067811865475,3,0,0,300,350.0,0,0,14.0,28.6,19.7,8
2026-06-18T10:00:00+00:00,z1,10,0.49999999999999994,-0.8660254037844387,3,0,0,400,500.0,495,1,34.0,30.7,0.0,387
2026-06-18T10:00:00+00:00,z2,10,0.49999999999999994,-0.8660254037844387,3,0,0,600,450.0,741,1,41.0,30.7,0.0,663
2026-06-18T10:00:00+00:00,z3,10,0.49999999999999994,-0.8660254037844387,3,0,0,900,1200.0,0,0,20.0,30.7,0.0,116
2026-06-18T10:00:00+00:00,z4,10,0.49999999999999994,-0.8660254037844387,3,0,0,300,350.0,0,0,13.0,30.7,0.0,12
2026-06-18T11:00:00+00:00,z1,11,0.258819045102521,-0.9659258262890682,3,0,0,400,500.0,495,1,33.0,32.6,24.6,239
2026-06-18T11:00:00+00:00,z2,11,0.258819045102521,-0.9659258262890682,3,0,0,600,450.0,0,0,40.0,32.6,24.6,193
2026-06-18T11:00:00+00:00,z3,11,0.258819045102521,-0.9659258262890682,3,0,0,900,1200.0,0,0,19.0,32.6,24.6,67
2026-06-18T11:00:00+00:00,z4,11,0.258819045102521,-0.9659258262890682,3,0,0,300,350.0,0,0,12.0,32.6,24.6,7
2026-06-18T12:00:00+00:00,z1,12,1.2246467991473532e-16,-1.0,3,0,0,400,500.0,495,1,32.0,33.3,0.0,427
2026-06-18T12:00:00+00:00,z2,12,1.2246467991473532e-16,-1.0,3,0,0,600,450.0,0,0,39.0,33.3,0.0,238
2026-06-18T12:00:00+00:00,z3,12,1.2246467991473532e-16,-1.0,3,0,0,900,1200.0,0,0,18.0,33.3,0.0,194
2026-06-18T12:00:00+00:00,z4,12,1.2246467991473532e-16,-1.0,3,0,0,300,350.0,0,0,11.0,33.3,0.0,228
2026-06-18T13:00:00+00:00,z1,13,-0.2588190451025208,-0.9659258262890683,3,0,0,400,500.0,495,1,31.0,33.0,0.0,416
2026-06-18T13:00:00+00:00,z2,13,-0.2588190451025208,-0.9659258262890683,3,0,0,600,450.0,0,0,38.0,33.0,0.0,232
2026-06-18T13:00:00+00:00,z3,13,-0.2588190451025208,-0.9659258262890683,3,0,0,900,1200.0,0,0,17.0,33.0,0.0,214
2026-06-18T13:00:00+00:00,z4,13,-0.2588190451025208,-0.9659258262890683,3,0,0,300,350.0,0,0,10.0,33.0,0.0,257
2026-06-18T14:00:00+00:00,z1,14,-0.4999999999999997,-0.8660254037844388,3,0,0,400,500.0,495,1,30.0,36.0,0.0,437
2026-06-18T14:00:00+00:00,z2,14,-0.4999999999999997,-0.8660254037844388,3,0,0,600,450.0,0,0,37.0,36.0,0.0,202
2026-06-18T14:00:00+00:00,z3,14,-0.4999999999999997,-0.8660254037844388,3,0,0,900,1200.0,0,0,16.0,36.0,0.0,231
2026-06-18T14:00:00+00:00,z4,14,-0.4999999999999997,-0.8660254037844388,3,0,0,300,350.0,0,0,9.0,36.0,0.0,221
2026-06-18T15:00:00+00:00,z1,15,-0.7071067811865471,-0.7071067811865479,3,0,0,400,500.0,0,0,29.0,37.1,0.0,268
2026-06-18T15:00:00+00:00,z2,15,-0.7071067811865471,-0.7071067811865479,3,0,0,600,450.0,0,0,36.0,37.1,0.0,186
2026-06-18T15:00:00+00:00,z3,15,-0.7071067811865471,-0.7071067811865479,3,0,0,900,1200.0,0,0,15.0,37.1,0.0,214
2026-06-18T15:00:00+00:00,z4,15,-0.7071067811865471,-0.7071067811865479,3,0,0,300,350.0,0,0,8.0,37.1,0.0,78
2026-06-18T16:00:00+00:00,z1,16,-0.8660254037844385,-0.5000000000000004,3,0,0,400,500.0,0,0,28.0,34.1,0.0,237
2026-06-18T16:00:00+00:00,z2,16,-0.8660254037844385,-0.5000000000000004,3,0,0,600,450.0,0,0,35.0,34.1,0.0,226
2026-06-18T16:00:00+00:00,z3,16,-0.8660254037844385,-0.5000000000000004,3,0,0,900,1200.0,0,0,14.0,34.1,0.0,204
2026-06-18T16:00:00+00:00,z4,16,-0.8660254037844385,-0.5000000000000004,3,0,0,300,350.0,0,0,7.0,34.1,0.0,84
2026-06-18T17:00:00+00:00,z1,17,-0.9659258262890683,-0.25881904510252063,3,0,0,400,500.0,0,0,27.0,33.5,0.0,239
2026-06-18T17:00:00+00:00,z2,17,-0.9659258262890683,-0.25881904510252063,3,0,0,600,450.0,0,0,34.0,33.5,0.0,459
2026-06-18T17:00:00+00:00,z3,17,-0.9659258262890683,-0.25881904510252063,3,0,0,900,1200.0,0,0,13.0,33.5,0.0,512
2026-06-18T17:00:00+00:00,z4,17,-0.9659258262890683,-0.25881904510252063,3,0,0,300,350.0,0,0,6.0,33.5,0.0,81
2026-06-18T18:00:00+00:00,z1,18,-1.0,-1.8369701987210297e-16,3,0,0,400,500.0,0,0,26.0,32.5,0.0,223
2026-06-18T18:00:00+00:00,z2,18,-1.0,-1.8369701987210297e-16,3,0,0,600,450.0,0,0,33.0,32.5,0.0,524
2026-06-18T18:00:00+00:00,z3,18,-1.0,-1.8369701987210297e-16,3,0,0,900,1200.0,0,0,12.0,32.5,0.0,577
2026-06-18T18:00:00+00:00,z4,18,-1.0,-1.8369701987210297e-16,3,0,0,300,350.0,0,0,5.0,32.5,0.0,89
2026-06-18T19:00:00+00:00,z1,19,-0.9659258262890684,0.2588190451025203,3,0,0,400,500.0,0,0,25.0,31.8,0.0,198
2026-06-18T19:00:00+00:00,z2,19,-0.9659258262890684,0.2588190451025203,3,0,0,600,450.0,0,0,32.0,31.8,0.0,510
2026-06-18T19:00:00+00:00,z3,19,-0.9659258262890684,0.2588190451025203,3,0,0,900,1200.0,0,0,11.0,31.8,0.0,615
2026-06-18T19:00:00+00:00,z4,19,-0.9659258262890684,0.2588190451025203,3,0,0,300,350.0,0,0,4.0,31.8,0.0,239
2026-06-18T20:00:00+00:00,z1,20,-0.8660254037844386,0.5000000000000001,3,0,0,400,500.0,0,0,24.0,29.3,0.0,74
2026-06-18T20:00:00+00:00,z2,20,-0.8660254037844386,0.5000000000000001,3,0,0,600,450.0,0,0,31.0,29.3,0.0,465
2026-06-18T20:00:00+00:00,z3,20,-0.8660254037844386,0.5000000000000001,3,0,0,900,1200.0,0,0,10.0,29.3,0.0,544
2026-06-18T20:00:00+00:00,z4,20,-0.8660254037844386,0.5000000000000001,3,0,0,300,350.0,0,0,3.0,29.3,0.0,269
2026-06-18T21:00:00+00:00,z1,21,-0.7071067811865477,0.7071067811865474,3,0,0,400,500.0,0,0,23.0,29.2,21.5,59
2026-06-18T21:00:00+00:00,z2,21,-0.7071067811865477,0.7071067811865474,3,0,0,600,450.0,0,0,30.0,29.2,21.5,71
2026-06-18T21:00:00+00:00,z3,21,-0.7071067811865477,0.7071067811865474,3,0,0,900,1200.0,0,0,9.0,29.2,21.5,291
2026-06-18T21:00:00+00:00,z4,21,-0.7071067811865477,0.7071067811865474,3,0,0,300,350.0,0,0,2.0,29.2,21.5,176
2026-06-18T22:00:00+00:00,z1,22,-0.5000000000000004,0.8660254037844384,3,0,0,400,500.0,0,0,22.0,26.5,0.0,106
2026-06-18T22:00:00+00:00,z2,22,-0.5000000000000004,0.8660254037844384,3,0,0,600,450.0,0,0,29.0,26.5,0.0,85
2026-06-18T22:00:00+00:00,z3,22,-0.5000000000000004,0.8660254037844384,3,0,0,900,1200.0,0,0,8.0,26.5,0.0,92
2026-06-18T22:00:00+00:00,z4,22,-0.5000000000000004,0.8660254037844384,3,0,0,300,350.0,0,0,1.0,26.5,0.0,121
2026-06-18T23:00:00+00:00,z1,23,-0.25881904510252157,0.9659258262890681,3,0,0,400,500.0,0,0,21.0,22.7,0.0,89
2026-06-18T23:00:00+00:00,z2,23,-0.25881904510252157,0.9659258262890681,3,0,0,600,450.0,0,0,28.0,22.7,0.0,110
2026-06-18T23:00:00+00:00,z3,23,-0.25881904510252157,0.9659258262890681,3,0,0,900,1200.0,0,0,7.0,22.7,0.0,58
2026-06-18T23:00:00+00:00,z4,23,-0.25881904510252157,0.9659258262890681,3,0,0,300,350.0,1471,1,94.0,22.7,0.0,262
2026-06-19T00:00:00+00:00,z1,0,0.0,1.0,4,0,0,400,500.0,0,0,20.0,21.3,0.0,24
2026-06-19T00:00:00+00:00,z2,0,0.0,1.0,4,0,0,600,450.0,0,0,27.0,21.3,0.0,123
2026-06-19T00:00:00+00:00,z3,0,0.0,1.0,4,0,0,900,1200.0,0,0,6.0,21.3,0.0,66
2026-06-19T00:00:00+00:00,z4,0,0.0,1.0,4,0,0,300,350.0,1471,1,93.0,21.3,0.0,252
2026-06-19T01:00:00+00:00,z1,1,0.25881904510252074,0.9659258262890683,4,0,0,400,500.0,0,0,19.0,19.7,0.0,19
2026-06-19T01:00:00+00:00,z2,1,0.25881904510252074,0.9659258262890683,4,0,0,600,450.0,0,0,26.0,19.7,0.0,11
2026-06-19T01:00:00+00:00,z3,1,0.25881904510252074,0.9659258262890683,4,0,0,900,1200.0,0,0,5.0,19.7,0.0,51
2026-06-19T01:00:00+00:00,z4,1,0.25881904510252074,0.9659258262890683,4,0,0,300,350.0,1471,1,92.0,19.7,0.0,233
2026-06-19T02:00:00+00:00,z1,2,0.49999999999999994,0.8660254037844387,4,0,0,400,500.0,0,0,18.0,20.8,0.0,0
2026-06-19T02:00:00+00:00,z2,2,0.49999999999999994,0.8660254037844387,4,0,0,600,450.0,0,0,25.0,20.8,0.0,4
2026-06-19T02:00:00+00:00,z3,2,0.49999999999999994,0.8660254037844387,4,0,0,900,1200.0,0,0,4.0,20.8,0.0,49
2026-06-19T02:00:00+00:00,z4,2,0.49999999999999994,0.8660254037844387,4,0,0,300,350.0,1471,1,91.0,20.8,0.0,267
2026-06-19T03:00:00+00:00,z1,3,0.7071067811865476,0.7071067811865476,4,0,0,400,500.0,0,0,17.0,19.6,0.0,9
2026-06-19T03:00:00+00:00,z2,3,0.7071067811865476,0.7071067811865476,4,0,0,600,450.0,0,0,24.0,19.6,0.0,23
2026-06-19T03:00:00+00:00,z3,3,0.7071067811865476,0.7071067811865476,4,0,0,900,1200.0,0,0,3.0,19.6,0.0,42
2026-06-19T03:00:00+00:00,z4,3,0.7071067811865476,0.7071067811865476,4,0,0,300,350.0,0,0,90.0,19.6,0.0,17
2026-06-19T04:00:00+00:00,z1,4,0.8660254037844386,0.5000000000000001,4,0,0,400,500.0,0,0,16.0,18.7,0.0,0
2026-06-19T04:00:00+00:00,z2,4,0.8660254037844386,0.5000000000000001,4,0,0,600,450.0,0,0,23.0,18.7,0.0,22
2026-06-19T04:00:00+00:00,z3,4,0.8660254037844386,0.5000000000000001,4,0,0,900,1200.0,0,0,2.0,18.7,0.0,57
2026-06-19T04:00:00+00:00,z4,4,0.8660254037844386,0.5000000000000001,4,0,0,300,350.0,0,0,89.0,18.7,0.0,13
2026-06-19T05:00:00+00:00,z1,5,0.9659258262890683,0.25881904510252074,4,0,0,400,500.0,0,0,15.0,22.5,0.0,18
2026-06-19T05:00:00+00:00,z2,5,0.9659258262890683,0.25881904510252074,4,0,0,600,450.0,0,0,22.0,22.5,0.0,41
2026-06-19T05:00:00+00:00,z3,5,0.9659258262890683,0.25881904510252074,4,0,0,900,1200.0,0,0,1.0,22.5,0.0,62
2026-06-19T05:00:00+00:00,z4,5,0.9659258262890683,0.25881904510252074,4,0,0,300,350.0,0,0,88.0,22.5,0.0,17
2026-06-19T06:00:00+00:00,z1,6,1.0,6.123233995736766e-17,4,0,0,400,500.0,0,0,14.0,21.7,0.0,12
2026-06-19T06:00:00+00:00,z2,6,1.0,6.123233995736766e-17,4,0,0,600,450.0,0,0,21.0,21.7,0.0,57
2026-06-19T06:00:00+00:00,z3,6,1.0,6.123233995736766e-17,4,0,0,900,1200.0,1043,1,4.0,21.7,0.0,451
2026-06-19T06:00:00+00:00,z4,6,1.0,6.123233995736766e-17,4,0,0,300,350.0,0,0,87.0,21.7,0.0,27
2026-06-19T07:00:00+00:00,z1,7,0.9659258262890683,-0.25881904510252063,4,0,0,400,500.0,0,0,13.0,24.5,0.0,18
2026-06-19T07:00:00+00:00,z2,7,0.9659258262890683,-0.25881904510252063,4,0,0,600,450.0,0,0,20.0,24.5,0.0,107
2026-06-19T07:00:00+00:00,z3,7,0.9659258262890683,-0.25881904510252063,4,0,0,900,1200.0,1043,1,3.0,24.5,0.0,481
2026-06-19T07:00:00+00:00,z4,7,0.9659258262890683,-0.25881904510252063,4,0,0,300,350.0,0,0,86.0,24.5,0.0,27
2026-06-19T08:00:00+00:00,z1,8,0.8660254037844387,-0.4999999999999998,4,0,0,400,500.0,0,0,12.0,26.8,0.0,40
2026-06-19T08:00:00+00:00,z2,8,0.8660254037844387,-0.4999999999999998,4,0,0,600,450.0,0,0,19.0,26.8,0.0,433
2026-06-19T08:00:00+00:00,z3,8,0.8660254037844387,-0.4999999999999998,4,0,0,900,1200.0,1043,1,2.0,26.8,0.0,439
2026-06-19T08:00:00+00:00,z4,8,0.8660254037844387,-0.4999999999999998,4,0,0,300,350.0,0,0,85.0,26.8,0.0,1
2026-06-19T09:00:00+00:00,z1,9,0.7071067811865476,-0.7071067811865475,4,0,0,400,500.0,0,0,11.0,28.5,5.1,107
2026-06-19T09:00:00+00:00,z2,9,0.7071067811865476,-0.7071067811865475,4,0,0,600,450.0,0,0,18.0,28.5,5.1,367
2026-06-19T09:00:00+00:00,z3,9,0.7071067811865476,-0.7071067811865475,4,0,0,900,1200.0,0,0,1.0,28.5,5.1,153
2026-06-19T09:00:00+00:00,z4,9,0.7071067811865476,-0.7071067811865475,4,0,0,300,350.0,0,0,84.0,28.5,5.1,10
2026-06-19T10:00:00+00:00,z1,10,0.49999999999999994,-0.8660254037844387,4,0,0,400,500.0,0,0,10.0,28.5,0.0,220
2026-06-19T10:00:00+00:00,z2,10,0.49999999999999994,-0.8660254037844387,4,0,0,600,450.0,0,0,17.0,28.5,0.0,430
2026-06-19T10:00:00+00:00,z3,10,0.49999999999999994,-0.8660254037844387,4,0,0,900,1200.0,1141,1,10.0,28.5,0.0,473
2026-06-19T10:00:00+00:00,z4,10,0.49999999999999994,-0.8660254037844387,4,0,0,300,350.0,0,0,83.0,28.5,0.0,30
2026-06-19T11:00:00+00:00,z1,11,0.258819045102521,-0.9659258262890682,4,0,0,400,500.0,0,0,9.0,30.7,0.0,228
2026-06-19T11:00:00+00:00,z2,11,0.258819045102521,-0.9659258262890682,4,0,0,600,450.0,0,0,16.0,30.7,0.0,214
2026-06-19T11:00:00+00:00,z3,11,0.258819045102521,-0.9659258262890682,4,0,0,900,1200.0,1141,1,9.0,30.7,0.0,451
2026-06-19T11:00:00+00:00,z4,11,0.258819045102521,-0.9659258262890682,4,0,0,300,350.0,0,0,82.0,30.7,0.0,3
2026-06-19T12:00:00+00:00,z1,12,1.2246467991473532e-16,-1.0,4,0,0,400,500.0,0,0,8.0,33.3,0.0,241
2026-06-19T12:00:00+00:00,z2,12,1.2246467991473532e-16,-1.0,4,0,0,600,450.0,0,0,15.0,33.3,0.0,202
2026-06-19T12:00:00+00:00,z3,12,1.2246467991473532e-16,-1.0,4,0,0,900,1200.0,1141,1,8.0,33.3,0.0,584
2026-06-19T12:00:00+00:00,z4,12,1.2246467991473532e-16,-1.0,4,0,0,300,350.0,0,0,81.0,33.3,0.0,219
2026-06-19T13:00:00+00:00,z1,13,-0.2588190451025208,-0.9659258262890683,4,0,0,400,500.0,0,0,7.0,35.5,0.0,240
2026-06-19T13:00:00+00:00,z2,13,-0.2588190451025208,-0.9659258262890683,4,0,0,600,450.0,0,0,14.0,35.5,0.0,217
2026-06-19T13:00:00+00:00,z3,13,-0.2588190451025208,-0.9659258262890683,4,0,0,900,1200.0,1141,1,7.0,35.5,0.0,629
2026-06-19T13:00:00+00:00,z4,13,-0.2588190451025208,-0.9659258262890683,4,0,0,300,350.0,0,0,80.0,35.5,0.0,262
2026-06-19T14:00:00+00:00,z1,14,-0.4999999999999997,-0.8660254037844388,4,0,0,400,500.0,0,0,6.0,35.9,0.0,261
2026-06-19T14:00:00+00:00,z2,14,-0.4999999999999997,-0.8660254037844388,4,0,0,600,450.0,0,0,13.0,35.9,0.0,162
2026-06-19T14:00:00+00:00,z3,14,-0.4999999999999997,-0.8660254037844388,4,0,0,900,1200.0,1141,1,6.0,35.9,0.0,599
2026-06-19T14:00:00+00:00,z4,14,-0.4999999999999997,-0.8660254037844388,4,0,0,300,350.0,0,0,79.0,35.9,0.0,218
2026-06-19T15:00:00+00:00,z1,15,-0.7071067811865471,-0.7071067811865479,4,0,0,400,500.0,0,0,5.0,35.8,10.3,145
2026-06-19T15:00:00+00:00,z2,15,-0.7071067811865471,-0.7071067811865479,4,0,0,600,450.0,0,0,12.0,35.8,10.3,160
2026-06-19T15:00:00+00:00,z3,15,-0.7071067811865471,-0.7071067811865479,4,0,0,900,1200.0,0,0,5.0,35.8,10.3,55
2026-06-19T15:00:00+00:00,z4,15,-0.7071067811865471,-0.7071067811865479,4,0,0,300,350.0,0,0,78.0,35.8,10.3,61
2026-06-19T16:00:00+00:00,z1,16,-0.8660254037844385,-0.5000000000000004,4,0,0,400,500.0,0,0,4.0,37.6,0.0,247
2026-06-19T16:00:00+00:00,z2,16,-0.8660254037844385,-0.5000000000000004,4,0,0,600,450.0,0,0,11.0,37.6,0.0,222
2026-06-19T16:00:00+00:00,z3,16,-0.8660254037844385,-0.5000000000000004,4,0,0,900,1200.0,0,0,4.0,37.6,0.0,247
2026-06-19T16:00:00+00:00,z4,16,-0.8660254037844385,-0.5000000000000004,4,0,0,300,350.0,0,0,77.0,37.6,0.0,63
2026-06-19T17:00:00+00:00,z1,17,-0.9659258262890683,-0.25881904510252063,4,0,0,400,500.0,0,0,3.0,36.3,0.0,231
2026-06-19T17:00:00+00:00,z2,17,-0.9659258262890683,-0.25881904510252063,4,0,0,600,450.0,0,0,10.0,36.3,0.0,436
2026-06-19T17:00:00+00:00,z3,17,-0.9659258262890683,-0.25881904510252063,4,0,0,900,1200.0,0,0,3.0,36.3,0.0,524
2026-06-19T17:00:00+00:00,z4,17,-0.9659258262890683,-0.25881904510252063,4,0,0,300,350.0,0,0,76.0,36.3,0.0,62
2026-06-19T18:00:00+00:00,z1,18,-1.0,-1.8369701987210297e-16,4,0,0,400,500.0,0,0,2.0,31.8,0.0,241
2026-06-19T18:00:00+00:00,z2,18,-1.0,-1.8369701987210297e-16,4,0,0,600,450.0,0,0,9.0,31.8,0.0,527
2026-06-19T18:00:00+00:00,z3,18,-1.0,-1.8369701987210297e-16,4,0,0,900,1200.0,0,0,2.0,31.8,0.0,540
2026-06-19T18:00:00+00:00,z4,18,-1.0,-1.8369701987210297e-16,4,0,0,300,350.0,0,0,75.0,31.8,0.0,53
2026-06-19T19:00:00+00:00,z1,19,-0.9659258262890684,0.2588190451025203,4,0,0,400,500.0,0,0,1.0,31.1,0.0,278
2026-06-19T19:00:00+00:00,z2,19,-0.9659258262890684,0.2588190451025203,4,0,0,600,450.0,0,0,8.0,31.1,0.0,499
2026-06-19T19:00:00+00:00,z3,19,-0.9659258262890684,0.2588190451025203,4,0,0,900,1200.0,0,0,1.0,31.1,0.0,692
2026-06-19T19:00:00+00:00,z4,19,-0.9659258262890684,0.2588190451025203,4,0,0,300,350.0,0,0,74.0,31.1,0.0,245
2026-06-19T20:00:00+00:00,z1,20,-0.8660254037844386,0.5000000000000001,4,0,0,400,500.0,1163,1,22.0,28.7,0.0,401
2026-06-19T20:00:00+00:00,z2,20,-0.8660254037844386,0.5000000000000001,4,0,0,600,450.0,0,0,7.0,28.7,0.0,466
2026-06-19T20:00:00+00:00,z3,20,-0.8660254037844386,0.5000000000000001,4,0,0,900,1200.0,1379,1,2.0,28.7,0.0,1028
2026-06-19T20:00:00+00:00,z4,20,-0.8660254037844386,0.5000000000000001,4,0,0,300,350.0,0,0,73.0,28.7,0.0,271
2026-06-19T21:00:00+00:00,z1,21,-0.7071067811865477,0.7071067811865474,4,0,0,400,500.0,1163,1,21.0,29.0,0.0,439
2026-06-19T21:00:00+00:00,z2,21,-0.7071067811865477,0.7071067811865474,4,0,0,600,450.0,0,0,6.0,29.0,0.0,106
2026-06-19T21:00:00+00:00,z3,21,-0.7071067811865477,0.7071067811865474,4,0,0,900,1200.0,1379,1,1.0,29.0,0.0,1315
2026-06-19T21:00:00+00:00,z4,21,-0.7071067811865477,0.7071067811865474,4,0,0,300,350.0,0,0,72.0,29.0,0.0,232
2026-06-19T22:00:00+00:00,z1,22,-0.5000000000000004,0.8660254037844384,4,0,0,400,500.0,1163,1,20.0,26.1,4.6,205
2026-06-19T22:00:00+00:00,z2,22,-0.5000000000000004,0.8660254037844384,4,0,0,600,450.0,0,0,5.0,26.1,4.6,55
2026-06-19T22:00:00+00:00,z3,22,-0.5000000000000004,0.8660254037844384,4,0,0,900,1200.0,842,1,12.0,26.1,4.6,196
2026-06-19T22:00:00+00:00,z4,22,-0.5000000000000004,0.8660254037844384,4,0,0,300,350.0,0,0,71.0,26.1,4.6,2
2026-06-19T23:00:00+00:00,z1,23,-0.25881904510252157,0.9659258262890681,4,0,0,400,500.0,1163,1,19.0,25.1,0.0,418
2026-06-19T23:00:00+00:00,z2,23,-0.25881904510252157,0.9659258262890681,4,0,0,600,450.0,0,0,4.0,25.1,0.0,91
2026-06-19T23:00:00+00:00,z3,23,-0.25881904510252157,0.9659258262890681,4,0,0,900,1200.0,842,1,11.0,25.1,0.0,361
2026-06-19T23:00:00+00:00,z4,23,-0.25881904510252157,0.9659258262890681,4,0,0,300,350.0,0,0,70.0,25.1,0.0,9
2026-06-20T00:00:00+00:00,z1,0,0.0,1.0,5,1,0,400,500.0,1163,1,18.0,21.8,0.0,342
2026-06-20T00:00:00+00:00,z2,0,0.0,1.0,5,1,0,600,450.0,0,0,3.0,21.8,0.0,98
2026-06-20T00:00:00+00:00,z3,0,0.0,1.0,5,1,0,900,1200.0,842,1,10.0,21.8,0.0,355
2026-06-20T00:00:00+00:00,z4,0,0.0,1.0,5,1,0,300,350.0,0,0,69.0,21.8,0.0,28
2026-06-20T01:00:00+00:00,z1,1,0.25881904510252074,0.9659258262890683,5,1,0,400,500.0,0,0,17.0,19.2,0.0,13
2026-06-20T01:00:00+00:00,z2,1,0.25881904510252074,0.9659258262890683,5,1,0,600,450.0,0,0,2.0,19.2,0.0,30
2026-06-20T01:00:00+00:00,z3,1,0.25881904510252074,0.9659258262890683,5,1,0,900,1200.0,842,1,9.0,19.2,0.0,335
2026-06-20T01:00:00+00:00,z4,1,0.25881904510252074,0.9659258262890683,5,1,0,300,350.0,0,0,68.0,19.2,0.0,16
2026-06-20T02:00:00+00:00,z1,2,0.49999999999999994,0.8660254037844387,5,1,0,400,500.0,0,0,16.0,21.3,0.0,31
2026-06-20T02:00:00+00:00,z2,2,0.49999999999999994,0.8660254037844387,5,1,0,600,450.0,0,0,1.0,21.3,0.0,125
2026-06-20T02:00:00+00:00,z3,2,0.49999999999999994,0.8660254037844387,5,1,0,900,1200.0,842,1,8.0,21.3,0.0,306
2026-06-20T02:00:00+00:00,z4,2,0.49999999999999994,0.8660254037844387,5,1,0,300,350.0,0,0,67.0,21.3,0.0,17
2026-06-20T03:00:00+00:00,z1,3,0.7071067811865476,0.7071067811865476,5,1,0,400,500.0,0,0,15.0,19.8,0.0,4
2026-06-20T03:00:00+00:00,z2,3,0.7071067811865476,0.7071067811865476,5,1,0,600,450.0,1064,1,36.0,19.8,0.0,391
2026-06-20T03:00:00+00:00,z3,3,0.7071067811865476,0.7071067811865476,5,1,0,900,1200.0,0,0,7.0,19.8,0.0,39
2026-06-20T03:00:00+00:00,z4,3,0.7071067811865476,0.7071067811865476,5,1,0,300,350.0,0,0,66.0,19.8,0.0,9
2026-06-20T04:00:00+00:00,z1,4,0.8660254037844386,0.5000000000000001,5,1,0,400,500.0,0,0,14.0,19.7,0.0,14
2026-06-20T04:00:00+00:00,z2,4,0.8660254037844386,0.5000000000000001,5,1,0,600,450.0,1064,1,35.0,19.7,0.0,354
2026-06-20T04:00:00+00:00,z3,4,0.8660254037844386,0.5000000000000001,5,1,0,900,1200.0,0,0,6.0,19.7,0.0,7
2026-06-20T04:00:00+00:00,z4,4,0.8660254037844386,0.5000000000000001,5,1,0,300,350.0,0,0,65.0,19.7,0.0,9
2026-06-20T05:00:00+00:00,z1,5,0.9659258262890683,0.25881904510252074,5,1,0,400,500.0,0,0,13.0,19.9,10.1,8
2026-06-20T05:00:00+00:00,z2,5,0.9659258262890683,0.25881904510252074,5,1,0,600,450.0,1064,1,34.0,19.9,10.1,277
2026-06-20T05:00:00+00:00,z3,5,0.9659258262890683,0.25881904510252074,5,1,0,900,1200.0,0,0,5.0,19.9,10.1,49
2026-06-20T05:00:00+00:00,z4,5,0.9659258262890683,0.25881904510252074,5,1,0,300,350.0,0,0,64.0,19.9,10.1,1
2026-06-20T06:00:00+00:00,z1,6,1.0,6.123233995736766e-17,5,1,0,400,500.0,0,0,12.0,21.5,0.0,32
2026-06-20T06:00:00+00:00,z2,6,1.0,6.123233995736766e-17,5,1,0,600,450.0,0,0,33.0,21.5,0.0,98
2026-06-20T06:00:00+00:00,z3,6,1.0,6.123233995736766e-17,5,1,0,900,1200.0,0,0,4.0,21.5,0.0,73
2026-06-20T06:00:00+00:00,z4,6,1.0,6.123233995736766e-17,5,1,0,300,350.0,0,0,63.0,21.5,0.0,31
2026-06-20T07:00:00+00:00,z1,7,0.9659258262890683,-0.25881904510252063,5,1,0,400,500.0,0,0,11.0,25.4,0.0,6
2026-06-20T07:00:00+00:00,z2,7,0.9659258262890683,-0.25881904510252063,5,1,0,600,450.0,0,0,32.0,25.4,0.0,107
2026-06-20T07:00:00+00:00,z3,7,0.9659258262890683,-0.25881904510252063,5,1,0,900,1200.0,0,0,3.0,25.4,0.0,117
2026-06-20T07:00:00+00:00,z4,7,0.9659258262890683,-0.25881904510252063,5,1,0,300,350.0,0,0,62.0,25.4,0.0,9
2026-06-20T08:00:00+00:00,z1,8,0.8660254037844387,-0.4999999999999998,5,1,0,400,500.0,0,0,10.0,26.6,24.1,28
2026-06-20T08:00:00+00:00,z2,8,0.8660254037844387,-0.4999999999999998,5,1,0,600,450.0,0,0,31.0,26.6,24.1,63
2026-06-20T08:00:00+00:00,z3,8,0.8660254037844387,-0.4999999999999998,5,1,0,900,1200.0,0,0,2.0,26.6,24.1,57
2026-06-20T08:00:00+00:00,z4,8,0.8660254037844387,-0.4999999999999998,5,1,0,300,350.0,0,0,61.0,26.6,24.1,14
2026-06-20T09:00:00+00:00,z1,9,0.7071067811865476,-0.7071067811865475,5,1,0,400,500.0,0,0,9.0,29.1,0.0,258
2026-06-20T09:00:00+00:00,z2,9,0.7071067811865476,-0.7071067811865475,5,1,0,600,450.0,0,0,30.0,29.1,0.0,105
2026-06-20T09:00:00+00:00,z3,9,0.7071067811865476,-0.7071067811865475,5,1,0,900,1200.0,0,0,1.0,29.1,0.0,211
2026-06-20T09:00:00+00:00,z4,9,0.7071067811865476,-0.7071067811865475,5,1,0,300,350.0,0,0,60.0,29.1,0.0,0
2026-06-20T10:00:00+00:00,z1,10,0.49999999999999994,-0.8660254037844387,5,1,0,400,500.0,0,0,8.0,32.0,0.0,294
2026-06-20T10:00:00+00:00,z2,10,0.49999999999999994,-0.8660254037844387,5,1,0,600,450.0,0,0,29.0,32.0,0.0,60
2026-06-20T10:00:00+00:00,z3,10,0.49999999999999994,-0.8660254037844387,5,1,0,900,1200.0,701,1,39.0,32.0,0.0,363
2026-06-20T10:00:00+00:00,z4,10,0.49999999999999994,-0.8660254037844387,5,1,0,300,350.0,0,0,59.0,32.0,0.0,25
2026-06-20T11:00:00+00:00,z1,11,0.258819045102521,-0.9659258262890682,5,1,0,400,500.0,0,0,7.0,30.5,0.0,282
2026-06-20T11:00:00+00:00,z2,11,0.258819045102521,-0.9659258262890682,5,1,0,600,450.0,0,0,28.0,30.5,0.0,83
2026-06-20T11:00:00+00:00,z3,11,0.258819045102521,-0.9659258262890682,5,1,0,900,1200.0,701,1,38.0,30.5,0.0,598
2026-06-20T11:00:00+00:00,z4,11,0.258819045102521,-0.9659258262890682,5,1,0,300,350.0,0,0,58.0,30.5,0.0,13
2026-06-20T12:00:00+00:00,z1,12,1.2246467991473532e-16,-1.0,5,1,0,400,500.0,0,0,6.0,34.5,0.0,305
2026-06-20T12:00:00+00:00,z2,12,1.2246467991473532e-16,-1.0,5,1,0,600,450.0,0,0,27.0,34.5,0.0,254
2026-06-20T12:00:00+00:00,z3,12,1.2246467991473532e-16,-1.0,5,1,0,900,1200.0,0,0,37.0,34.5,0.0,464
2026-06-20T12:00:00+00:00,z4,12,1.2246467991473532e-16,-1.0,5,1,0,300,350.0,0,0,57.0,34.5,0.0,238
2026-06-20T13:00:00+00:00,z1,13,-0.2588190451025208,-0.9659258262890683,5,1,0,400,500.0,0,0,5.0,35.6,0.0,310
2026-06-20T13:00:00+00:00,z2,13,-0.2588190451025208,-0.9659258262890683,5,1,0,600,450.0,0,0,26.0,35.6,0.0,257
2026-06-20T13:00:00+00:00,z3,13,-0.2588190451025208,-0.9659258262890683,5,1,0,900,1200.0,0,0,36.0,35.6,0.0,367
2026-06-20T13:00:00+00:00,z4,13,-0.2588190451025208,-0.9659258262890683,5,1,0,300,350.0,0,0,56.0,35.6,0.0,248
2026-06-20T14:00:00+00:00,z1,14,-0.4999999999999997,-0.8660254037844388,5,1,0,400,500.0,0,0,4.0,34.8,0.0,332
2026-06-20T14:00:00+00:00,z2,14,-0.4999999999999997,-0.8660254037844388,5,1,0,600,450.0,0,0,25.0,34.8,0.0,308
2026-06-20T14:00:00+00:00,z3,14,-0.4999999999999997,-0.8660254037844388,5,1,0,900,1200.0,0,0,35.0,34.8,0.0,367
2026-06-20T14:00:00+00:00,z4,14,-0.4999999999999997,-0.8660254037844388,5,1,0,300,350.0,0,0,55.0,34.8,0.0,220
2026-06-20T15:00:00+00:00,z1,15,-0.7071067811865471,-0.7071067811865479,5,1,0,400,500.0,0,0,3.0,36.5,0.0,317
2026-06-20T15:00:00+00:00,z2,15,-0.7071067811865471,-0.7071067811865479,5,1,0,600,450.0,0,0,24.0,36.5,0.0,297
2026-06-20T15:00:00+00:00,z3,15,-0.7071067811865471,-0.7071067811865479,5,1,0,900,1200.0,0,0,34.0,36.5,0.0,347
2026-06-20T15:00:00+00:00,z4,15,-0.7071067811865471,-0.7071067811865479,5,1,0,300,350.0,0,0,54.0,36.5,0.0,76
2026-06-20T16:00:00+00:00,z1,16,-0.8660254037844385,-0.5000000000000004,5,1,0,400,500.0,0,0,2.0,34.8,0.0,303
2026-06-20T16:00:00+00:00,z2,16,-0.8660254037844385,-0.5000000000000004,5,1,0,600,450.0,0,0,23.0,34.8,0.0,299
2026-06-20T16:00:00+00:00,z3,16,-0.8660254037844385,-0.5000000000000004,5,1,0,900,1200.0,0,0,33.0,34.8,0.0,735
2026-06-20T16:00:00+00:00,z4,16,-0.8660254037844385,-0.5000000000000004,5,1,0,300,350.0,0,0,53.0,34.8,0.0,69
2026-06-20T17:00:00+00:00,z1,17,-0.9659258262890683,-0.25881904510252063,5,1,0,400,500.0,0,0,1.0,36.7,0.0,390
2026-06-20T17:00:00+00:00,z2,17,-0.9659258262890683,-0.25881904510252063,5,1,0,600,450.0,0,0,22.0,36.7,0.0,297
2026-06-20T17:00:00+00:00,z3,17,-0.9659258262890683,-0.25881904510252063,5,1,0,900,1200.0,0,0,32.0,36.7,0.0,772
2026-06-20T17:00:00+00:00,z4,17,-0.9659258262890683,-0.25881904510252063,5,1,0,300,350.0,0,0,52.0,36.7,0.0,57
2026-06-20T18:00:00+00:00,z1,18,-1.0,-1.8369701987210297e-16,5,1,0,400,500.0,515,1,47.0,34.8,0.0,456
2026-06-20T18:00:00+00:00,z2,18,-1.0,-1.8369701987210297e-16,5,1,0,600,450.0,0,0,21.0,34.8,0.0,321
2026-06-20T18:00:00+00:00,z3,18,-1.0,-1.8369701987210297e-16,5,1,0,900,1200.0,0,0,31.0,34.8,0.0,829
2026-06-20T18:00:00+00:00,z4,18,-1.0,-1.8369701987210297e-16,5,1,0,300,350.0,0,0,51.0,34.8,0.0,75
2026-06-20T19:00:00+00:00,z1,19,-0.9659258262890684,0.2588190451025203,5,1,0,400,500.0,515,1,46.0,31.8,0.0,449
2026-06-20T19:00:00+00:00,z2,19,-0.9659258262890684,0.2588190451025203,5,1,0,600,450.0,0,0,20.0,31.8,0.0,273
2026-06-20T19:00:00+00:00,z3,19,-0.9659258262890684,0.2588190451025203,5,1,0,900,1200.0,0,0,30.0,31.8,0.0,860
2026-06-20T19:00:00+00:00,z4,19,-0.9659258262890684,0.2588190451025203,5,1,0,300,350.0,0,0,50.0,31.8,0.0,243
2026-06-20T20:00:00+00:00,z1,20,-0.8660254037844386,0.5000000000000001,5,1,0,400,500.0,515,1,45.0,29.5,14.3,153
2026-06-20T20:00:00+00:00,z2,20,-0.8660254037844386,0.5000000000000001,5,1,0,600,450.0,0,0,19.0,29.5,14.3,203
2026-06-20T20:00:00+00:00,z3,20,-0.8660254037844386,0.5000000000000001,5,1,0,900,1200.0,0,0,29.0,29.5,14.3,405
2026-06-20T20:00:00+00:00,z4,20,-0.8660254037844386,0.5000000000000001,5,1,0,300,350.0,0,0,49.0,29.5,14.3,192
2026-06-20T21:00:00+00:00,z1,21,-0.7071067811865477,0.7071067811865474,5,1,0,400,500.0,515,1,44.0,26.9,0.0,266
2026-06-20T21:00:00+00:00,z2,21,-0.7071067811865477,0.7071067811865474,5,1,0,600,450.0,0,0,18.0,26.9,0.0,243
2026-06-20T21:00:00+00:00,z3,21,-0.7071067811865477,0.7071067811865474,5,1,0,900,1200.0,0,0,28.0,26.9,0.0,821
2026-06-20T21:00:00+00:00,z4,21,-0.7071067811865477,0.7071067811865474,5,1,0,300,350.0,0,0,48.0,26.9,0.0,260
2026-06-20T22:00:00+00:00,z1,22,-0.5000000000000004,0.8660254037844384,5,1,0,400,500.0,515,1,43.0,24.8,0.0,288
2026-06-20T22:00:00+00:00,z2,22,-0.5000000000000004,0.8660254037844384,5,1,0,600,450.0,0,0,17.0,24.8,0.0,99
2026-06-20T22:00:00+00:00,z3,22,-0.5000000000000004,0.8660254037844384,5,1,0,900,1200.0,0,0,27.0,24.8,0.0,671
2026-06-20T22:00:00+00:00,z4,22,-0.5000000000000004,0.8660254037844384,5,1,0,300,350.0,0,0,47.0,24.8,0.0,10
2026-06-20T23:00:00+00:00,z1,23,-0.25881904510252157,0.9659258262890681,5,1,0,400,500.0,0,0,42.0,25.3,0.0,91
2026-06-20T23:00:00+00:00,z2,23,-0.25881904510252157,0.9659258262890681,5,1,0,600,450.0,0,0,16.0,25.3,0.0,79
2026-06-20T23:00:00+00:00,z3,23,-0.25881904510252157,0.9659258262890681,5,1,0,900,1200.0,0,0,26.0,25.3,0.0,85
2026-06-20T23:00:00+00:00,z4,23,-0.25881904510252157,0.9659258262890681,5,1,0,300,350.0,0,0,46.0,25.3,0.0,11
2026-06-21T00:00:00+00:00,z1,0,0.0,1.0,6,1,0,400,500.0,0,0,41.0,22.7,0.0,0
2026-06-21T00:00:00+00:00,z2,0,0.0,1.0,6,1,0,600,450.0,0,0,15.0,22.7,0.0,103
2026-06-21T00:00:00+00:00,z3,0,0.0,1.0,6,1,0,900,1200.0,0,0,25.0,22.7,0.0,61
2026-06-21T00:00:00+00:00,z4,0,0.0,1.0,6,1,0,300,350.0,0,0,45.0,22.7,0.0,17
2026-06-21T01:00:00+00:00,z1,1,0.25881904510252074,0.9659258262890683,6,1,0,400,500.0,0,0,40.0,21.0,0.0,41
2026-06-21T01:00:00+00:00,z2,1,0.25881904510252074,0.9659258262890683,6,1,0,600,450.0,0,0,14.0,21.0,0.0,0
2026-06-21T01:00:00+00:00,z3,1,0.25881904510252074,0.9659258262890683,6,1,0,900,1200.0,0,0,24.0,21.0,0.0,0
2026-06-21T01:00:00+00:00,z4,1,0.25881904510252074,0.9659258262890683,6,1,0,300,350.0,0,0,44.0,21.0,0.0,10
2026-06-21T02:00:00+00:00,z1,2,0.49999999999999994,0.8660254037844387,6,1,0,400,500.0,0,0,39.0,20.1,0.0,32
2026-06-21T02:00:00+00:00,z2,2,0.49999999999999994,0.8660254037844387,6,1,0,600,450.0,0,0,13.0,20.1,0.0,55
2026-06-21T02:00:00+00:00,z3,2,0.49999999999999994,0.8660254037844387,6,1,0,900,1200.0,0,0,23.0,20.1,0.0,0
2026-06-21T02:00:00+00:00,z4,2,0.49999999999999994,0.8660254037844387,6,1,0,300,350.0,0,0,43.0,20.1,0.0,19
2026-06-21T03:00:00+00:00,z1,3,0.7071067811865476,0.7071067811865476,6,1,0,400,500.0,0,0,38.0,18.8,0.0,4
2026-06-21T03:00:00+00:00,z2,3,0.7071067811865476,0.7071067811865476,6,1,0,600,450.0,0,0,12.0,18.8,0.0,22
2026-06-21T03:00:00+00:00,z3,3,0.7071067811865476,0.7071067811865476,6,1,0,900,1200.0,0,0,22.0,18.8,0.0,94
2026-06-21T03:00:00+00:00,z4,3,0.7071067811865476,0.7071067811865476,6,1,0,300,350.0,0,0,42.0,18.8,0.0,1
2026-06-21T04:00:00+00:00,z1,4,0.8660254037844386,0.5000000000000001,6,1,0,400,500.0,0,0,37.0,19.4,0.0,14
2026-06-21T04:00:00+00:00,z2,4,0.8660254037844386,0.5000000000000001,6,1,0,600,450.0,0,0,11.0,19.4,0.0,27
2026-06-21T04:00:00+00:00,z3,4,0.8660254037844386,0.5000000000000001,6,1,0,900,1200.0,0,0,21.0,19.4,0.0,72
2026-06-21T04:00:00+00:00,z4,4,0.8660254037844386,0.5000000000000001,6,1,0,300,350.0,0,0,41.0,19.4,0.0,8
2026-06-21T05:00:00+00:00,z1,5,0.9659258262890683,0.25881904510252074,6,1,0,400,500.0,0,0,36.0,20.7,0.0,20
2026-06-21T05:00:00+00:00,z2,5,0.9659258262890683,0.25881904510252074,6,1,0,600,450.0,0,0,10.0,20.7,0.0,9
2026-06-21T05:00:00+00:00,z3,5,0.9659258262890683,0.25881904510252074,6,1,0,900,1200.0,0,0,20.0,20.7,0.0,43
2026-06-21T05:00:00+00:00,z4,5,0.9659258262890683,0.25881904510252074,6,1,0,300,350.0,0,0,40.0,20.7,0.0,9
2026-06-21T06:00:00+00:00,z1,6,1.0,6.123233995736766e-17,6,1,0,400,500.0,0,0,35.0,20.3,0.0,27
2026-06-21T06:00:00+00:00,z2,6,1.0,6.123233995736766e-17,6,1,0,600,450.0,0,0,9.0,20.3,0.0,83
2026-06-21T06:00:00+00:00,z3,6,1.0,6.123233995736766e-17,6,1,0,900,1200.0,0,0,19.0,20.3,0.0,100
2026-06-21T06:00:00+00:00,z4,6,1.0,6.123233995736766e-17,6,1,0,300,350.0,0,0,39.0,20.3,0.0,15
2026-06-21T07:00:00+00:00,z1,7,0.9659258262890683,-0.25881904510252063,6,1,0,400,500.0,0,0,34.0,22.5,0.0,34
2026-06-21T07:00:00+00:00,z2,7,0.9659258262890683,-0.25881904510252063,6,1,0,600,450.0,0,0,8.0,22.5,0.0,89
2026-06-21T07:00:00+00:00,z3,7,0.9659258262890683,-0.25881904510252063,6,1,0,900,1200.0,0,0,18.0,22.5,0.0,42
2026-06-21T07:00:00+00:00,z4,7,0.9659258262890683,-0.25881904510252063,6,1,0,300,350.0,0,0,38.0,22.5,0.0,26
2026-06-21T08:00:00+00:00,z1,8,0.8660254037844387,-0.4999999999999998,6,1,0,400,500.0,0,0,33.0,26.6,18.0,0
2026-06-21T08:00:00+00:00,z2,8,0.8660254037844387,-0.4999999999999998,6,1,0,600,450.0,0,0,7.0,26.6,18.0,56
2026-06-21T08:00:00+00:00,z3,8,0.8660254037844387,-0.4999999999999998,6,1,0,900,1200.0,0,0,17.0,26.6,18.0,33
2026-06-21T08:00:00+00:00,z4,8,0.8660254037844387,-0.4999999999999998,6,1,0,300,350.0,0,0,37.0,26.6,18.0,24
2026-06-21T09:00:00+00:00,z1,9,0.7071067811865476,-0.7071067811865475,6,1,0,400,500.0,0,0,32.0,29.3,0.0,234
2026-06-21T09:00:00+00:00,z2,9,0.7071067811865476,-0.7071067811865475,6,1,0,600,450.0,0,0,6.0,29.3,0.0,146
2026-06-21T09:00:00+00:00,z3,9,0.7071067811865476,-0.7071067811865475,6,1,0,900,1200.0,0,0,16.0,29.3,0.0,119
2026-06-21T09:00:00+00:00,z4,9,0.7071067811865476,-0.7071067811865475,6,1,0,300,350.0,0,0,36.0,29.3,0.0,17
2026-06-21T10:00:00+00:00,z1,10,0.49999999999999994,-0.8660254037844387,6,1,0,400,500.0,0,0,31.0,29.8,0.0,278
2026-06-21T10:00:00+00:00,z2,10,0.49999999999999994,-0.8660254037844387,6,1,0,600,450.0,0,0,5.0,29.8,0.0,95
2026-06-21T10:00:00+00:00,z3,10,0.49999999999999994,-0.8660254037844387,6,1,0,900,1200.0,0,0,15.0,29.8,0.0,104
2026-06-21T10:00:00+00:00,z4,10,0.49999999999999994,-0.8660254037844387,6,1,0,300,350.0,0,0,35.0,29.8,0.0,21
2026-06-21T11:00:00+00:00,z1,11,0.258819045102521,-0.9659258262890682,6,1,0,400,500.0,0,0,30.0,30.3,0.0,302
2026-06-21T11:00:00+00:00,z2,11,0.258819045102521,-0.9659258262890682,6,1,0,600,450.0,0,0,4.0,30.3,0.0,92
2026-06-21T11:00:00+00:00,z3,11,0.258819045102521,-0.9659258262890682,6,1,0,900,1200.0,0,0,14.0,30.3,0.0,420
2026-06-21T11:00:00+00:00,z4,11,0.258819045102521,-0.9659258262890682,6,1,0,300,350.0,0,0,34.0,30.3,0.0,14
2026-06-21T12:00:00+00:00,z1,12,1.2246467991473532e-16,-1.0,6,1,0,400,500.0,0,0,29.0,32.1,0.0,306
2026-06-21T12:00:00+00:00,z2,12,1.2246467991473532e-16,-1.0,6,1,0,600,450.0,0,0,3.0,32.1,0.0,260
2026-06-21T12:00:00+00:00,z3,12,1.2246467991473532e-16,-1.0,6,1,0,900,1200.0,0,0,13.0,32.1,0.0,455
2026-06-21T12:00:00+00:00,z4,12,1.2246467991473532e-16,-1.0,6,1,0,300,350.0,0,0,33.0,32.1,0.0,199
2026-06-21T13:00:00+00:00,z1,13,-0.2588190451025208,-0.9659258262890683,6,1,0,400,500.0,0,0,28.0,33.5,0.0,325
2026-06-21T13:00:00+00:00,z2,13,-0.2588190451025208,-0.9659258262890683,6,1,0,600,450.0,0,0,2.0,33.5,0.0,264
2026-06-21T13:00:00+00:00,z3,13,-0.2588190451025208,-0.9659258262890683,6,1,0,900,1200.0,0,0,12.0,33.5,0.0,427
2026-06-21T13:00:00+00:00,z4,13,-0.2588190451025208,-0.9659258262890683,6,1,0,300,350.0,0,0,32.0,33.5,0.0,252
2026-06-21T14:00:00+00:00,z1,14,-0.4999999999999997,-0.8660254037844388,6,1,0,400,500.0,0,0,27.0,34.3,0.0,333
2026-06-21T14:00:00+00:00,z2,14,-0.4999999999999997,-0.8660254037844388,6,1,0,600,450.0,0,0,1.0,34.3,0.0,396
2026-06-21T14:00:00+00:00,z3,14,-0.4999999999999997,-0.8660254037844388,6,1,0,900,1200.0,0,0,11.0,34.3,0.0,352
2026-06-21T14:00:00+00:00,z4,14,-0.4999999999999997,-0.8660254037844388,6,1,0,300,350.0,0,0,31.0,34.3,0.0,229
2026-06-21T15:00:00+00:00,z1,15,-0.7071067811865471,-0.7071067811865479,6,1,0,400,500.0,0,0,26.0,36.1,17.0,163
2026-06-21T15:00:00+00:00,z2,15,-0.7071067811865471,-0.7071067811865479,6,1,0,600,450.0,1270,1,99.0,36.1,17.0,528
2026-06-21T15:00:00+00:00,z3,15,-0.7071067811865471,-0.7071067811865479,6,1,0,900,1200.0,0,0,10.0,36.1,17.0,203
2026-06-21T15:00:00+00:00,z4,15,-0.7071067811865471,-0.7071067811865479,6,1,0,300,350.0,0,0,30.0,36.1,17.0,66
2026-06-21T16:00:00+00:00,z1,16,-0.8660254037844385,-0.5000000000000004,6,1,0,400,500.0,0,0,25.0,36.2,0.0,320
2026-06-21T16:00:00+00:00,z2,16,-0.8660254037844385,-0.5000000000000004,6,1,0,600,450.0,1270,1,99.0,36.2,0.0,753
2026-06-21T16:00:00+00:00,z3,16,-0.8660254037844385,-0.5000000000000004,6,1,0,900,1200.0,0,0,9.0,36.2,0.0,740
2026-06-21T16:00:00+00:00,z4,16,-0.8660254037844385,-0.5000000000000004,6,1,0,300,350.0,0,0,29.0,36.2,0.0,75
2026-06-21T17:00:00+00:00,z1,17,-0.9659258262890683,-0.25881904510252063,6,1,0,400,500.0,0,0,24.0,35.7,0.0,288
2026-06-21T17:00:00+00:00,z2,17,-0.9659258262890683,-0.25881904510252063,6,1,0,600,450.0,1270,1,99.0,35.7,0.0,751
2026-06-21T17:00:00+00:00,z3,17,-0.9659258262890683,-0.25881904510252063,6,1,0,900,1200.0,0,0,8.0,35.7,0.0,796
2026-06-21T17:00:00+00:00,z4,17,-0.9659258262890683,-0.25881904510252063,6,1,0,300,350.0,0,0,28.0,35.7,0.0,69
2026-06-21T18:00:00+00:00,z1,18,-1.0,-1.8369701987210297e-16,6,1,0,400,500.0,0,0,23.0,32.1,0.0,293
2026-06-21T18:00:00+00:00,z2,18,-1.0,-1.8369701987210297e-16,6,1,0,600,450.0,1270,1,99.0,32.1,0.0,749
2026-06-21T18:00:00+00:00,z3,18,-1.0,-1.8369701987210297e-16,6,1,0,900,1200.0,0,0,7.0,32.1,0.0,823
2026-06-21T18:00:00+00:00,z4,18,-1.0,-1.8369701987210297e-16,6,1,0,300,350.0,0,0,27.0,32.1,0.0,84
2026-06-21T19:00:00+00:00,z1,19,-0.9659258262890684,0.2588190451025203,6,1,0,400,500.0,0,0,22.0,31.5,0.0,260
2026-06-21T19:00:00+00:00,z2,19,-0.9659258262890684,0.2588190451025203,6,1,0,600,450.0,1270,1,99.0,31.5,0.0,707
2026-06-21T19:00:00+00:00,z3,19,-0.9659258262890684,0.2588190451025203,6,1,0,900,1200.0,0,0,6.0,31.5,0.0,824
2026-06-21T19:00:00+00:00,z4,19,-0.9659258262890684,0.2588190451025203,6,1,0,300,350.0,0,0,26.0,31.5,0.0,233
2026-06-21T20:00:00+00:00,z1,20,-0.8660254037844386,0.5000000000000001,6,1,0,400,500.0,0,0,21.0,29.3,0.0,92
2026-06-21T20:00:00+00:00,z2,20,-0.8660254037844386,0.5000000000000001,6,1,0,600,450.0,0,0,99.0,29.3,0.0,258
2026-06-21T20:00:00+00:00,z3,20,-0.8660254037844386,0.5000000000000001,6,1,0,900,1200.0,0,0,5.0,29.3,0.0,792
2026-06-21T20:00:00+00:00,z4,20,-0.8660254037844386,0.5000000000000001,6,1,0,300,350.0,0,0,25.0,29.3,0.0,267
2026-06-21T21:00:00+00:00,z1,21,-0.7071067811865477,0.7071067811865474,6,1,0,400,500.0,0,0,20.0,27.1,14.7,32
2026-06-21T21:00:00+00:00,z2,21,-0.7071067811865477,0.7071067811865474,6,1,0,600,450.0,0,0,99.0,27.1,14.7,184
2026-06-21T21:00:00+00:00,z3,21,-0.7071067811865477,0.7071067811865474,6,1,0,900,1200.0,0,0,4.0,27.1,14.7,426
2026-06-21T21:00:00+00:00,z4,21,-0.7071067811865477,0.7071067811865474,6,1,0,300,350.0,0,0,24.0,27.1,14.7,173
2026-06-21T22:00:00+00:00,z1,22,-0.5000000000000004,0.8660254037844384,6,1,0,400,500.0,0,0,19.0,26.3,0.0,108
2026-06-21T22:00:00+00:00,z2,22,-0.5000000000000004,0.8660254037844384,6,1,0,600,450.0,0,0,99.0,26.3,0.0,107
2026-06-21T22:00:00+00:00,z3,22,-0.5000000000000004,0.8660254037844384,6,1,0,900,1200.0,0,0,3.0,26.3,0.0,677
2026-06-21T22:00:00+00:00,z4,22,-0.5000000000000004,0.8660254037844384,6,1,0,300,350.0,0,0,23.0,26.3,0.0,8
2026-06-21T23:00:00+00:00,z1,23,-0.25881904510252157,0.9659258262890681,6,1,0,400,500.0,0,0,18.0,25.1,0.0,91
2026-06-21T23:00:00+00:00,z2,23,-0.25881904510252157,0.9659258262890681,6,1,0,600,450.0,0,0,99.0,25.1,0.0,73
2026-06-21T23:00:00+00:00,z3,23,-0.25881904510252157,0.9659258262890681,6,1,0,900,1200.0,0,0,2.0,25.1,0.0,112
2026-06-21T23:00:00+00:00,z4,23,-0.25881904510252157,0.9659258262890681,6,1,0,300,350.0,0,0,22.0,25.1,0.0,13
2026-06-22T00:00:00+00:00,z1,0,0.0,1.0,0,0,0,400,500.0,0,0,17.0,23.7,0.0,17
2026-06-22T00:00:00+00:00,z2,0,0.0,1.0,0,0,0,600,450.0,0,0,98.0,23.7,0.0,54
2026-06-22T00:00:00+00:00,z3,0,0.0,1.0,0,0,0,900,1200.0,0,0,1.0,23.7,0.0,189
2026-06-22T00:00:00+00:00,z4,0,0.0,1.0,0,0,0,300,350.0,0,0,21.0,23.7,0.0,4
2026-06-22T01:00:00+00:00,z1,1,0.25881904510252074,0.9659258262890683,0,0,0,400,500.0,0,0,16.0,20.3,0.0,15
2026-06-22T01:00:00+00:00,z2,1,0.25881904510252074,0.9659258262890683,0,0,0,600,450.0,0,0,97.0,20.3,0.0,30
2026-06-22T01:00:00+00:00,z3,1,0.25881904510252074,0.9659258262890683,0,0,0,900,1200.0,1291,1,27.0,20.3,0.0,515
2026-06-22T01:00:00+00:00,z4,1,0.25881904510252074,0.9659258262890683,0,0,0,300,350.0,0,0,20.0,20.3,0.0,0
2026-06-22T02:00:00+00:00,z1,2,0.49999999999999994,0.8660254037844387,0,0,0,400,500.0,0,0,15.0,21.9,0.0,0
2026-06-22T02:00:00+00:00,z2,2,0.49999999999999994,0.8660254037844387,0,0,0,600,450.0,0,0,96.0,21.9,0.0,17
2026-06-22T02:00:00+00:00,z3,2,0.49999999999999994,0.8660254037844387,0,0,0,900,1200.0,1291,1,26.0,21.9,0.0,532
2026-06-22T02:00:00+00:00,z4,2,0.49999999999999994,0.8660254037844387,0,0,0,300,350.0,0,0,19.0,21.9,0.0,22
2026-06-22T03:00:00+00:00,z1,3,0.7071067811865476,0.7071067811865476,0,0,0,400,500.0,0,0,14.0,20.1,0.0,22
2026-06-22T03:00:00+00:00,z2,3,0.7071067811865476,0.7071067811865476,0,0,0,600,450.0,0,0,95.0,20.1,0.0,20
2026-06-22T03:00:00+00:00,z3,3,0.7071067811865476,0.7071067811865476,0,0,0,900,1200.0,0,0,25.0,20.1,0.0,43
2026-06-22T03:00:00+00:00,z4,3,0.7071067811865476,0.7071067811865476,0,0,0,300,350.0,0,0,18.0,20.1,0.0,5
2026-06-22T04:00:00+00:00,z1,4,0.8660254037844386,0.5000000000000001,0,0,0,400,500.0,0,0,13.0,20.5,0.0,22
2026-06-22T04:00:00+00:00,z2,4,0.8660254037844386,0.5000000000000001,0,0,0,600,450.0,0,0,94.0,20.5,0.0,35
2026-06-22T04:00:00+00:00,z3,4,0.8660254037844386,0.5000000000000001,0,0,0,900,1200.0,0,0,24.0,20.5,0.0,72
2026-06-22T04:00:00+00:00,z4,4,0.8660254037844386,0.5000000000000001,0,0,0,300,350.0,0,0,17.0,20.5,0.0,38
2026-06-22T05:00:00+00:00,z1,5,0.9659258262890683,0.25881904510252074,0,0,0,400,500.0,0,0,12.0,19.1,8.0,9
2026-06-22T05:00:00+00:00,z2,5,0.9659258262890683,0.25881904510252074,0,0,0,600,450.0,0,0,93.0,19.1,8.0,1
2026-06-22T05:00:00+00:00,z3,5,0.9659258262890683,0.25881904510252074,0,0,0,900,1200.0,0,0,23.0,19.1,8.0,21
2026-06-22T05:00:00+00:00,z4,5,0.9659258262890683,0.25881904510252074,0,0,0,300,350.0,0,0,16.0,19.1,8.0,0
2026-06-22T06:00:00+00:00,z1,6,1.0,6.123233995736766e-17,0,0,0,400,500.0,0,0,11.0,22.9,0.0,12
2026-06-22T06:00:00+00:00,z2,6,1.0,6.123233995736766e-17,0,0,0,600,450.0,0,0,92.0,22.9,0.0,83
2026-06-22T06:00:00+00:00,z3,6,1.0,6.123233995736766e-17,0,0,0,900,1200.0,0,0,22.0,22.9,0.0,58
2026-06-22T06:00:00+00:00,z4,6,1.0,6.123233995736766e-17,0,0,0,300,350.0,0,0,15.0,22.9,0.0,16
2026-06-22T07:00:00+00:00,z1,7,0.9659258262890683,-0.25881904510252063,0,0,0,400,500.0,0,0,10.0,23.7,0.0,10
2026-06-22T07:00:00+00:00,z2,7,0.9659258262890683,-0.25881904510252063,0,0,0,600,450.0,0,0,91.0,23.7,0.0,110
2026-06-22T07:00:00+00:00,z3,7,0.9659258262890683,-0.25881904510252063,0,0,0,900,1200.0,0,0,21.0,23.7,0.0,72
2026-06-22T07:00:00+00:00,z4,7,0.9659258262890683,-0.25881904510252063,0,0,0,300,350.0,0,0,14.0,23.7,0.0,15
2026-06-22T08:00:00+00:00,z1,8,0.8660254037844387,-0.4999999999999998,0,0,0,400,500.0,0,0,9.0,24.3,0.0,16
2026-06-22T08:00:00+00:00,z2,8,0.8660254037844387,-0.4999999999999998,0,0,0,600,450.0,0,0,90.0,24.3,0.0,423
2026-06-22T08:00:00+00:00,z3,8,0.8660254037844387,-0.4999999999999998,0,0,0,900,1200.0,0,0,20.0,24.3,0.0,94
2026-06-22T08:00:00+00:00,z4,8,0.8660254037844387,-0.4999999999999998,0,0,0,300,350.0,0,0,13.0,24.3,0.0,7
2026-06-22T09:00:00+00:00,z1,9,0.7071067811865476,-0.7071067811865475,0,0,0,400,500.0,0,0,8.0,28.5,0.0,192
2026-06-22T09:00:00+00:00,z2,9,0.7071067811865476,-0.7071067811865475,0,0,0,600,450.0,0,0,89.0,28.5,0.0,505
2026-06-22T09:00:00+00:00,z3,9,0.7071067811865476,-0.7071067811865475,0,0,0,900,1200.0,0,0,19.0,28.5,0.0,36
2026-06-22T09:00:00+00:00,z4,9,0.7071067811865476,-0.7071067811865475,0,0,0,300,350.0,0,0,12.0,28.5,0.0,8
2026-06-22T10:00:00+00:00,z1,10,0.49999999999999994,-0.8660254037844387,0,0,0,400,500.0,0,0,7.0,29.3,0.0,213
2026-06-22T10:00:00+00:00,z2,10,0.49999999999999994,-0.8660254037844387,0,0,0,600,450.0,0,0,88.0,29.3,0.0,436
2026-06-22T10:00:00+00:00,z3,10,0.49999999999999994,-0.8660254037844387,0,0,0,900,1200.0,0,0,18.0,29.3,0.0,79
2026-06-22T10:00:00+00:00,z4,10,0.49999999999999994,-0.8660254037844387,0,0,0,300,350.0,0,0,11.0,29.3,0.0,17
2026-06-22T11:00:00+00:00,z1,11,0.258819045102521,-0.9659258262890682,0,0,0,400,500.0,0,0,6.0,30.8,0.0,245
2026-06-22T11:00:00+00:00,z2,11,0.258819045102521,-0.9659258262890682,0,0,0,600,450.0,0,0,87.0,30.8,0.0,210
2026-06-22T11:00:00+00:00,z3,11,0.258819045102521,-0.9659258262890682,0,0,0,900,1200.0,0,0,17.0,30.8,0.0,83
2026-06-22T11:00:00+00:00,z4,11,0.258819045102521,-0.9659258262890682,0,0,0,300,350.0,0,0,10.0,30.8,0.0,14
2026-06-22T12:00:00+00:00,z1,12,1.2246467991473532e-16,-1.0,0,0,0,400,500.0,0,0,5.0,33.2,0.0,252
2026-06-22T12:00:00+00:00,z2,12,1.2246467991473532e-16,-1.0,0,0,0,600,450.0,0,0,86.0,33.2,0.0,220
2026-06-22T12:00:00+00:00,z3,12,1.2246467991473532e-16,-1.0,0,0,0,900,1200.0,0,0,16.0,33.2,0.0,175
2026-06-22T12:00:00+00:00,z4,12,1.2246467991473532e-16,-1.0,0,0,0,300,350.0,0,0,9.0,33.2,0.0,224
2026-06-22T13:00:00+00:00,z1,13,-0.2588190451025208,-0.9659258262890683,0,0,0,400,500.0,0,0,4.0,33.2,0.0,274
2026-06-22T13:00:00+00:00,z2,13,-0.2588190451025208,-0.9659258262890683,0,0,0,600,450.0,0,0,85.0,33.2,0.0,240
2026-06-22T13:00:00+00:00,z3,13,-0.2588190451025208,-0.9659258262890683,0,0,0,900,1200.0,0,0,15.0,33.2,0.0,282
2026-06-22T13:00:00+00:00,z4,13,-0.2588190451025208,-0.9659258262890683,0,0,0,300,350.0,0,0,8.0,33.2,0.0,266
2026-06-22T14:00:00+00:00,z1,14,-0.4999999999999997,-0.8660254037844388,0,0,0,400,500.0,0,0,3.0,34.0,12.0,144
2026-06-22T14:00:00+00:00,z2,14,-0.4999999999999997,-0.8660254037844388,0,0,0,600,450.0,0,0,84.0,34.0,12.0,159
2026-06-22T14:00:00+00:00,z3,14,-0.4999999999999997,-0.8660254037844388,0,0,0,900,1200.0,0,0,14.0,34.0,12.0,112
2026-06-22T14:00:00+00:00,z4,14,-0.4999999999999997,-0.8660254037844388,0,0,0,300,350.0,0,0,7.0,34.0,12.0,166
2026-06-22T15:00:00+00:00,z1,15,-0.7071067811865471,-0.7071067811865479,0,0,0,400,500.0,0,0,2.0,35.2,0.0,264
2026-06-22T15:00:00+00:00,z2,15,-0.7071067811865471,-0.7071067811865479,0,0,0,600,450.0,0,0,83.0,35.2,0.0,246
2026-06-22T15:00:00+00:00,z3,15,-0.7071067811865471,-0.7071067811865479,0,0,0,900,1200.0,0,0,13.0,35.2,0.0,187
2026-06-22T15:00:00+00:00,z4,15,-0.7071067811865471,-0.7071067811865479,0,0,0,300,350.0,0,0,6.0,35.2,0.0,73
2026-06-22T16:00:00+00:00,z1,16,-0.8660254037844385,-0.5000000000000004,0,0,0,400,500.0,0,0,1.0,36.5,0.0,349
2026-06-22T16:00:00+00:00,z2,16,-0.8660254037844385,-0.5000000000000004,0,0,0,600,450.0,0,0,82.0,36.5,0.0,248
2026-06-22T16:00:00+00:00,z3,16,-0.8660254037844385,-0.5000000000000004,0,0,0,900,1200.0,0,0,12.0,36.5,0.0,188
2026-06-22T16:00:00+00:00,z4,16,-0.8660254037844385,-0.5000000000000004,0,0,0,300,350.0,0,0,5.0,36.5,0.0,58
2026-06-22T17:00:00+00:00,z1,17,-0.9659258262890683,-0.25881904510252063,0,0,0,400,500.0,1330,1,6.0,35.8,0.0,549
2026-06-22T17:00:00+00:00,z2,17,-0.9659258262890683,-0.25881904510252063,0,0,0,600,450.0,0,0,81.0,35.8,0.0,428
2026-06-22T17:00:00+00:00,z3,17,-0.9659258262890683,-0.25881904510252063,0,0,0,900,1200.0,0,0,11.0,35.8,0.0,481
2026-06-22T17:00:00+00:00,z4,17,-0.9659258262890683,-0.25881904510252063,0,0,0,300,350.0,0,0,4.0,35.8,0.0,62
2026-06-22T18:00:00+00:00,z1,18,-1.0,-1.8369701987210297e-16,0,0,0,400,500.0,1330,1,5.0,34.8,0.0,533
2026-06-22T18:00:00+00:00,z2,18,-1.0,-1.8369701987210297e-16,0,0,0,600,450.0,0,0,80.0,34.8,0.0,554
2026-06-22T18:00:00+00:00,z3,18,-1.0,-1.8369701987210297e-16,0,0,0,900,1200.0,0,0,10.0,34.8,0.0,567
2026-06-22T18:00:00+00:00,z4,18,-1.0,-1.8369701987210297e-16,0,0,0,300,350.0,0,0,3.0,34.8,0.0,84
2026-06-22T19:00:00+00:00,z1,19,-0.9659258262890684,0.2588190451025203,0,0,0,400,500.0,1330,1,4.0,33.1,20.6,293
2026-06-22T19:00:00+00:00,z2,19,-0.9659258262890684,0.2588190451025203,0,0,0,600,450.0,0,0,79.0,33.1,20.6,375
2026-06-22T19:00:00+00:00,z3,19,-0.9659258262890684,0.2588190451025203,0,0,0,900,1200.0,0,0,9.0,33.1,20.6,350
2026-06-22T19:00:00+00:00,z4,19,-0.9659258262890684,0.2588190451025203,0,0,0,300,350.0,0,0,2.0,33.1,20.6,179
2026-06-22T20:00:00+00:00,z1,20,-0.8660254037844386,0.5000000000000001,0,0,0,400,500.0,1330,1,3.0,29.2,18.4,239
2026-06-22T20:00:00+00:00,z2,20,-0.8660254037844386,0.5000000000000001,0,0,0,600,450.0,0,0,78.0,29.2,18.4,318
2026-06-22T20:00:00+00:00,z3,20,-0.8660254037844386,0.5000000000000001,0,0,0,900,1200.0,0,0,8.0,29.2,18.4,265
2026-06-22T20:00:00+00:00,z4,20,-0.8660254037844386,0.5000000000000001,0,0,0,300,350.0,0,0,1.0,29.2,18.4,285
2026-06-22T21:00:00+00:00,z1,21,-0.7071067811865477,0.7071067811865474,0,0,0,400,500.0,1330,1,2.0,28.3,12.5,236
2026-06-22T21:00:00+00:00,z2,21,-0.7071067811865477,0.7071067811865474,0,0,0,600,450.0,0,0,77.0,28.3,12.5,51
2026-06-22T21:00:00+00:00,z3,21,-0.7071067811865477,0.7071067811865474,0,0,0,900,1200.0,0,0,7.0,28.3,12.5,249
2026-06-22T21:00:00+00:00,z4,21,-0.7071067811865477,0.7071067811865474,0,0,0,300,350.0,1325,1,7.0,28.3,12.5,370
2026-06-22T22:00:00+00:00,z1,22,-0.5000000000000004,0.8660254037844384,0,0,0,400,500.0,0,0,1.0,25.4,0.0,186
2026-06-22T22:00:00+00:00,z2,22,-0.5000000000000004,0.8660254037844384,0,0,0,600,450.0,0,0,76.0,25.4,0.0,120
2026-06-22T22:00:00+00:00,z3,22,-0.5000000000000004,0.8660254037844384,0,0,0,900,1200.0,0,0,6.0,25.4,0.0,48
2026-06-22T22:00:00+00:00,z4,22,-0.5000000000000004,0.8660254037844384,0,0,0,300,350.0,1325,1,6.0,25.4,0.0,261
2026-06-22T23:00:00+00:00,z1,23,-0.25881904510252157,0.9659258262890681,0,0,0,400,500.0,2456,2,94.0,24.3,0.0,416
2026-06-22T23:00:00+00:00,z2,23,-0.25881904510252157,0.9659258262890681,0,0,0,600,450.0,0,0,75.0,24.3,0.0,101
2026-06-22T23:00:00+00:00,z3,23,-0.25881904510252157,0.9659258262890681,0,0,0,900,1200.0,0,0,5.0,24.3,0.0,57
2026-06-22T23:00:00+00:00,z4,23,-0.25881904510252157,0.9659258262890681,0,0,0,300,350.0,1325,1,5.0,24.3,0.0,254
2026-06-23T00:00:00+00:00,z1,0,0.0,1.0,1,0,0,400,500.0,2456,2,93.0,21.4,15.2,187
2026-06-23T00:00:00+00:00,z2,0,0.0,1.0,1,0,0,600,450.0,0,0,74.0,21.4,15.2,49
2026-06-23T00:00:00+00:00,z3,0,0.0,1.0,1,0,0,900,1200.0,0,0,4.0,21.4,15.2,60
2026-06-23T00:00:00+00:00,z4,0,0.0,1.0,1,0,0,300,350.0,0,0,4.0,21.4,15.2,7
2026-06-23T01:00:00+00:00,z1,1,0.25881904510252074,0.9659258262890683,1,0,0,400,500.0,2456,2,92.0,22.0,0.0,331
2026-06-23T01:00:00+00:00,z2,1,0.25881904510252074,0.9659258262890683,1,0,0,600,450.0,0,0,73.0,22.0,0.0,0
2026-06-23T01:00:00+00:00,z3,1,0.25881904510252074,0.9659258262890683,1,0,0,900,1200.0,0,0,3.0,22.0,0.0,0
2026-06-23T01:00:00+00:00,z4,1,0.25881904510252074,0.9659258262890683,1,0,0,300,350.0,0,0,3.0,22.0,0.0,6
2026-06-23T02:00:00+00:00,z1,2,0.49999999999999994,0.8660254037844387,1,0,0,400,500.0,2456,2,91.0,20.2,0.0,359
2026-06-23T02:00:00+00:00,z2,2,0.49999999999999994,0.8660254037844387,1,0,0,600,450.0,0,0,72.0,20.2,0.0,43
2026-06-23T02:00:00+00:00,z3,2,0.49999999999999994,0.8660254037844387,1,0,0,900,1200.0,0,0,2.0,20.2,0.0,41
2026-06-23T02:00:00+00:00,z4,2,0.49999999999999994,0.8660254037844387,1,0,0,300,350.0,0,0,2.0,20.2,0.0,9
2026-06-23T03:00:00+00:00,z1,3,0.7071067811865476,0.7071067811865476,1,0,0,400,500.0,1355,1,90.0,21.7,0.0,333
2026-06-23T03:00:00+00:00,z2,3,0.7071067811865476,0.7071067811865476,1,0,0,600,450.0,0,0,71.0,21.7,0.0,28
2026-06-23T03:00:00+00:00,z3,3,0.7071067811865476,0.7071067811865476,1,0,0,900,1200.0,0,0,1.0,21.7,0.0,97
2026-06-23T03:00:00+00:00,z4,3,0.7071067811865476,0.7071067811865476,1,0,0,300,350.0,0,0,1.0,21.7,0.0,123
2026-06-23T04:00:00+00:00,z1,4,0.8660254037844386,0.5000000000000001,1,0,0,400,500.0,0,0,89.0,19.4,10.6,16
2026-06-23T04:00:00+00:00,z2,4,0.8660254037844386,0.5000000000000001,1,0,0,600,450.0,0,0,70.0,19.4,10.6,34
2026-06-23T04:00:00+00:00,z3,4,0.8660254037844386,0.5000000000000001,1,0,0,900,1200.0,946,1,99.0,19.4,10.6,207
2026-06-23T04:00:00+00:00,z4,4,0.8660254037844386,0.5000000000000001,1,0,0,300,350.0,1412,1,95.0,19.4,10.6,190
2026-06-23T05:00:00+00:00,z1,5,0.9659258262890683,0.25881904510252074,1,0,0,400,500.0,0,0,88.0,23.0,0.0,17
2026-06-23T05:00:00+00:00,z2,5,0.9659258262890683,0.25881904510252074,1,0,0,600,450.0,0,0,69.0,23.0,0.0,31
2026-06-23T05:00:00+00:00,z3,5,0.9659258262890683,0.25881904510252074,1,0,0,900,1200.0,946,1,99.0,23.0,0.0,347
2026-06-23T05:00:00+00:00,z4,5,0.9659258262890683,0.25881904510252074,1,0,0,300,350.0,1412,1,94.0,23.0,0.0,248
2026-06-23T06:00:00+00:00,z1,6,1.0,6.123233995736766e-17,1,0,0,400,500.0,0,0,87.0,21.7,0.0,21
2026-06-23T06:00:00+00:00,z2,6,1.0,6.123233995736766e-17,1,0,0,600,450.0,0,0,68.0,21.7,0.0,118
2026-06-23T06:00:00+00:00,z3,6,1.0,6.123233995736766e-17,1,0,0,900,1200.0,0,0,99.0,21.7,0.0,39
2026-06-23T06:00:00+00:00,z4,6,1.0,6.123233995736766e-17,1,0,0,300,350.0,0,0,93.0,21.7,0.0,2
2026-06-23T07:00:00+00:00,z1,7,0.9659258262890683,-0.25881904510252063,1,0,0,400,500.0,0,0,86.0,22.0,0.0,22
2026-06-23T07:00:00+00:00,z2,7,0.9659258262890683,-0.25881904510252063,1,0,0,600,450.0,0,0,67.0,22.0,0.0,91
2026-06-23T07:00:00+00:00,z3,7,0.9659258262890683,-0.25881904510252063,1,0,0,900,1200.0,0,0,99.0,22.0,0.0,77
2026-06-23T07:00:00+00:00,z4,7,0.9659258262890683,-0.25881904510252063,1,0,0,300,350.0,0,0,92.0,22.0,0.0,17
2026-06-23T08:00:00+00:00,z1,8,0.8660254037844387,-0.4999999999999998,1,0,0,400,500.0,0,0,85.0,26.2,0.0,17
2026-06-23T08:00:00+00:00,z2,8,0.8660254037844387,-0.4999999999999998,1,0,0,600,450.0,0,0,66.0,26.2,0.0,447
2026-06-23T08:00:00+00:00,z3,8,0.8660254037844387,-0.4999999999999998,1,0,0,900,1200.0,0,0,99.0,26.2,0.0,29
2026-06-23T08:00:00+00:00,z4,8,0.8660254037844387,-0.4999999999999998,1,0,0,300,350.0,0,0,91.0,26.2,0.0,8
2026-06-23T09:00:00+00:00,z1,9,0.7071067811865476,-0.7071067811865475,1,0,0,400,500.0,0,0,84.0,28.5,0.0,199
2026-06-23T09:00:00+00:00,z2,9,0.7071067811865476,-0.7071067811865475,1,0,0,600,450.0,0,0,65.0,28.5,0.0,480
2026-06-23T09:00:00+00:00,z3,9,0.7071067811865476,-0.7071067811865475,1,0,0,900,1200.0,0,0,99.0,28.5,0.0,67
2026-06-23T09:00:00+00:00,z4,9,0.7071067811865476,-0.7071067811865475,1,0,0,300,350.0,0,0,90.0,28.5,0.0,30
2026-06-23T10:00:00+00:00,z1,10,0.49999999999999994,-0.8660254037844387,1,0,0,400,500.0,0,0,83.0,30.4,0.0,219
2026-06-23T10:00:00+00:00,z2,10,0.49999999999999994,-0.8660254037844387,1,0,0,600,450.0,0,0,64.0,30.4,0.0,424
2026-06-23T10:00:00+00:00,z3,10,0.49999999999999994,-0.8660254037844387,1,0,0,900,1200.0,0,0,99.0,30.4,0.0,38
2026-06-23T10:00:00+00:00,z4,10,0.49999999999999994,-0.8660254037844387,1,0,0,300,350.0,0,0,89.0,30.4,0.0,9
2026-06-23T11:00:00+00:00,z1,11,0.258819045102521,-0.9659258262890682,1,0,0,400,500.0,0,0,82.0,33.1,0.0,231
2026-06-23T11:00:00+00:00,z2,11,0.258819045102521,-0.9659258262890682,1,0,0,600,450.0,0,0,63.0,33.1,0.0,228
2026-06-23T11:00:00+00:00,z3,11,0.258819045102521,-0.9659258262890682,1,0,0,900,1200.0,0,0,99.0,33.1,0.0,107
2026-06-23T11:00:00+00:00,z4,11,0.258819045102521,-0.9659258262890682,1,0,0,300,350.0,0,0,88.0,33.1,0.0,20
2026-06-23T12:00:00+00:00,z1,12,1.2246467991473532e-16,-1.0,1,0,0,400,500.0,0,0,81.0,34.7,0.0,235
2026-06-23T12:00:00+00:00,z2,12,1.2246467991473532e-16,-1.0,1,0,0,600,450.0,0,0,62.0,34.7,0.0,185
2026-06-23T12:00:00+00:00,z3,12,1.2246467991473532e-16,-1.0,1,0,0,900,1200.0,0,0,99.0,34.7,0.0,230
2026-06-23T12:00:00+00:00,z4,12,1.2246467991473532e-16,-1.0,1,0,0,300,350.0,0,0,87.0,34.7,0.0,235
2026-06-23T13:00:00+00:00,z1,13,-0.2588190451025208,-0.9659258262890683,1,0,0,400,500.0,0,0,80.0,33.9,0.0,276
2026-06-23T13:00:00+00:00,z2,13,-0.2588190451025208,-0.9659258262890683,1,0,0,600,450.0,0,0,61.0,33.9,0.0,212
2026-06-23T13:00:00+00:00,z3,13,-0.2588190451025208,-0.9659258262890683,1,0,0,900,1200.0,0,0,99.0,33.9,0.0,237
2026-06-23T13:00:00+00:00,z4,13,-0.2588190451025208,-0.9659258262890683,1,0,0,300,350.0,0,0,86.0,33.9,0.0,244
2026-06-23T14:00:00+00:00,z1,14,-0.4999999999999997,-0.8660254037844388,1,0,0,400,500.0,0,0,79.0,37.5,17.1,140
2026-06-23T14:00:00+00:00,z2,14,-0.4999999999999997,-0.8660254037844388,1,0,0,600,450.0,0,0,60.0,37.5,17.1,182
2026-06-23T14:00:00+00:00,z3,14,-0.4999999999999997,-0.8660254037844388,1,0,0,900,1200.0,0,0,99.0,37.5,17.1,162
2026-06-23T14:00:00+00:00,z4,14,-0.4999999999999997,-0.8660254037844388,1,0,0,300,350.0,0,0,85.0,37.5,17.1,168
2026-06-23T15:00:00+00:00,z1,15,-0.7071067811865471,-0.7071067811865479,1,0,0,400,500.0,0,0,78.0,34.4,0.0,253
2026-06-23T15:00:00+00:00,z2,15,-0.7071067811865471,-0.7071067811865479,1,0,0,600,450.0,0,0,59.0,34.4,0.0,197
2026-06-23T15:00:00+00:00,z3,15,-0.7071067811865471,-0.7071067811865479,1,0,0,900,1200.0,0,0,99.0,34.4,0.0,202
2026-06-23T15:00:00+00:00,z4,15,-0.7071067811865471,-0.7071067811865479,1,0,0,300,350.0,0,0,84.0,34.4,0.0,80
2026-06-23T16:00:00+00:00,z1,16,-0.8660254037844385,-0.5000000000000004,1,0,0,400,500.0,0,0,77.0,37.7,0.0,229
2026-06-23T16:00:00+00:00,z2,16,-0.8660254037844385,-0.5000000000000004,1,0,0,600,450.0,0,0,58.0,37.7,0.0,189
2026-06-23T16:00:00+00:00,z3,16,-0.8660254037844385,-0.5000000000000004,1,0,0,900,1200.0,0,0,99.0,37.7,0.0,318
2026-06-23T16:00:00+00:00,z4,16,-0.8660254037844385,-0.5000000000000004,1,0,0,300,350.0,0,0,83.0,37.7,0.0,82
2026-06-23T17:00:00+00:00,z1,17,-0.9659258262890683,-0.25881904510252063,1,0,0,400,500.0,0,0,76.0,35.0,0.0,233
2026-06-23T17:00:00+00:00,z2,17,-0.9659258262890683,-0.25881904510252063,1,0,0,600,450.0,0,0,57.0,35.0,0.0,444
2026-06-23T17:00:00+00:00,z3,17,-0.9659258262890683,-0.25881904510252063,1,0,0,900,1200.0,0,0,99.0,35.0,0.0,490
2026-06-23T17:00:00+00:00,z4,17,-0.9659258262890683,-0.25881904510252063,1,0,0,300,350.0,0,0,82.0,35.0,0.0,81
2026-06-23T18:00:00+00:00,z1,18,-1.0,-1.8369701987210297e-16,1,0,0,400,500.0,0,0,75.0,35.6,4.2,94
2026-06-23T18:00:00+00:00,z2,18,-1.0,-1.8369701987210297e-16,1,0,0,600,450.0,0,0,56.0,35.6,4.2,424
2026-06-23T18:00:00+00:00,z3,18,-1.0,-1.8369701987210297e-16,1,0,0,900,1200.0,0,0,99.0,35.6,4.2,269
2026-06-23T18:00:00+00:00,z4,18,-1.0,-1.8369701987210297e-16,1,0,0,300,350.0,0,0,81.0,35.6,4.2,45
2026-06-23T19:00:00+00:00,z1,19,-0.9659258262890684,0.2588190451025203,1,0,0,400,500.0,0,0,74.0,33.3,15.1,105
2026-06-23T19:00:00+00:00,z2,19,-0.9659258262890684,0.2588190451025203,1,0,0,600,450.0,0,0,55.0,33.3,15.1,407
2026-06-23T19:00:00+00:00,z3,19,-0.9659258262890684,0.2588190451025203,1,0,0,900,1200.0,0,0,99.0,33.3,15.1,279
2026-06-23T19:00:00+00:00,z4,19,-0.9659258262890684,0.2588190451025203,1,0,0,300,350.0,0,0,80.0,33.3,15.1,184
2026-06-23T20:00:00+00:00,z1,20,-0.8660254037844386,0.5000000000000001,1,0,0,400,500.0,0,0,73.0,29.8,0.0,124
2026-06-23T20:00:00+00:00,z2,20,-0.8660254037844386,0.5000000000000001,1,0,0,600,450.0,0,0,54.0,29.8,0.0,425
2026-06-23T20:00:00+00:00,z3,20,-0.8660254037844386,0.5000000000000001,1,0,0,900,1200.0,0,0,98.0,29.8,0.0,564
2026-06-23T20:00:00+00:00,z4,20,-0.8660254037844386,0.5000000000000001,1,0,0,300,350.0,0,0,79.0,29.8,0.0,264
2026-06-23T21:00:00+00:00,z1,21,-0.7071067811865477,0.7071067811865474,1,0,0,400,500.0,0,0,72.0,26.9,0.0,105
2026-06-23T21:00:00+00:00,z2,21,-0.7071067811865477,0.7071067811865474,1,0,0,600,450.0,0,0,53.0,26.9,0.0,90
2026-06-23T21:00:00+00:00,z3,21,-0.7071067811865477,0.7071067811865474,1,0,0,900,1200.0,0,0,97.0,26.9,0.0,478
2026-06-23T21:00:00+00:00,z4,21,-0.7071067811865477,0.7071067811865474,1,0,0,300,350.0,0,0,78.0,26.9,0.0,244
2026-06-23T22:00:00+00:00,z1,22,-0.5000000000000004,0.8660254037844384,1,0,0,400,500.0,0,0,71.0,25.2,0.0,122
2026-06-23T22:00:00+00:00,z2,22,-0.5000000000000004,0.8660254037844384,1,0,0,600,450.0,0,0,52.0,25.2,0.0,87
2026-06-23T22:00:00+00:00,z3,22,-0.5000000000000004,0.8660254037844384,1,0,0,900,1200.0,0,0,96.0,25.2,0.0,91
2026-06-23T22:00:00+00:00,z4,22,-0.5000000000000004,0.8660254037844384,1,0,0,300,350.0,0,0,77.0,25.2,0.0,3
2026-06-23T23:00:00+00:00,z1,23,-0.25881904510252157,0.9659258262890681,1,0,0,400,500.0,0,0,70.0,24.8,0.0,89
2026-06-23T23:00:00+00:00,z2,23,-0.25881904510252157,0.9659258262890681,1,0,0,600,450.0,0,0,51.0,24.8,0.0,99
2026-06-23T23:00:00+00:00,z3,23,-0.25881904510252157,0.9659258262890681,1,0,0,900,1200.0,0,0,95.0,24.8,0.0,112
2026-06-23T23:00:00+00:00,z4,23,-0.25881904510252157,0.9659258262890681,1,0,0,300,350.0,0,0,76.0,24.8,0.0,18
2026-06-24T00:00:00+00:00,z1,0,0.0,1.0,2,0,0,400,500.0,0,0,69.0,21.6,0.0,16
2026-06-24T00:00:00+00:00,z2,0,0.0,1.0,2,0,0,600,450.0,0,0,50.0,21.6,0.0,90
2026-06-24T00:00:00+00:00,z3,0,0.0,1.0,2,0,0,900,1200.0,0,0,94.0,21.6,0.0,38
2026-06-24T00:00:00+00:00,z4,0,0.0,1.0,2,0,0,300,350.0,0,0,75.0,21.6,0.0,20
2026-06-24T01:00:00+00:00,z1,1,0.25881904510252074,0.9659258262890683,2,0,0,400,500.0,0,0,68.0,19.4,0.0,28
2026-06-24T01:00:00+00:00,z2,1,0.25881904510252074,0.9659258262890683,2,0,0,600,450.0,0,0,49.0,19.4,0.0,14
2026-06-24T01:00:00+00:00,z3,1,0.25881904510252074,0.9659258262890683,2,0,0,900,1200.0,0,0,93.0,19.4,0.0,10
2026-06-24T01:00:00+00:00,z4,1,0.25881904510252074,0.9659258262890683,2,0,0,300,350.0,0,0,74.0,19.4,0.0,10
2026-06-24T02:00:00+00:00,z1,2,0.49999999999999994,0.8660254037844387,2,0,0,400,500.0,0,0,67.0,20.1,0.0,9
2026-06-24T02:00:00+00:00,z2,2,0.49999999999999994,0.8660254037844387,2,0,0,600,450.0,0,0,48.0,20.1,0.0,28
2026-06-24T02:00:00+00:00,z3,2,0.49999999999999994,0.8660254037844387,2,0,0,900,1200.0,0,0,92.0,20.1,0.0,80
2026-06-24T02:00:00+00:00,z4,2,0.49999999999999994,0.8660254037844387,2,0,0,300,350.0,0,0,73.0,20.1,0.0,7
2026-06-24T03:00:00+00:00,z1,3,0.7071067811865476,0.7071067811865476,2,0,0,400,500.0,0,0,66.0,19.1,5.6,5
2026-06-24T03:00:00+00:00,z2,3,0.7071067811865476,0.7071067811865476,2,0,0,600,450.0,0,0,47.0,19.1,5.6,9
2026-06-24T03:00:00+00:00,z3,3,0.7071067811865476,0.7071067811865476,2,0,0,900,1200.0,0,0,91.0,19.1,5.6,40
2026-06-24T03:00:00+00:00,z4,3,0.7071067811865476,0.7071067811865476,2,0,0,300,350.0,0,0,72.0,19.1,5.6,3
2026-06-24T04:00:00+00:00,z1,4,0.8660254037844386,0.5000000000000001,2,0,0,400,500.0,0,0,65.0,21.6,0.0,1
2026-06-24T04:00:00+00:00,z2,4,0.8660254037844386,0.5000000000000001,2,0,0,600,450.0,0,0,46.0,21.6,0.0,40
2026-06-24T04:00:00+00:00,z3,4,0.8660254037844386,0.5000000000000001,2,0,0,900,1200.0,0,0,90.0,21.6,0.0,66
2026-06-24T04:00:00+00:00,z4,4,0.8660254037844386,0.5000000000000001,2,0,0,300,350.0,0,0,71.0,21.6,0.0,5
2026-06-24T05:00:00+00:00,z1,5,0.9659258262890683,0.25881904510252074,2,0,0,400,500.0,0,0,64.0,21.8,0.0,0
2026-06-24T05:00:00+00:00,z2,5,0.9659258262890683,0.25881904510252074,2,0,0,600,450.0,0,0,45.0,21.8,0.0,31
2026-06-24T05:00:00+00:00,z3,5,0.9659258262890683,0.25881904510252074,2,0,0,900,1200.0,0,0,89.0,21.8,0.0,10
2026-06-24T05:00:00+00:00,z4,5,0.9659258262890683,0.25881904510252074,2,0,0,300,350.0,0,0,70.0,21.8,0.0,17
2026-06-24T06:00:00+00:00,z1,6,1.0,6.123233995736766e-17,2,0,0,400,500.0,0,0,63.0,23.3,0.0,0
2026-06-24T06:00:00+00:00,z2,6,1.0,6.123233995736766e-17,2,0,0,600,450.0,0,0,44.0,23.3,0.0,106
2026-06-24T06:00:00+00:00,z3,6,1.0,6.123233995736766e-17,2,0,0,900,1200.0,0,0,88.0,23.3,0.0,39
2026-06-24T06:00:00+00:00,z4,6,1.0,6.123233995736766e-17,2,0,0,300,350.0,0,0,69.0,23.3,0.0,22
2026-06-24T07:00:00+00:00,z1,7,0.9659258262890683,-0.25881904510252063,2,0,0,400,500.0,0,0,62.0,23.8,0.0,20
2026-06-24T07:00:00+00:00,z2,7,0.9659258262890683,-0.25881904510252063,2,0,0,600,450.0,0,0,43.0,23.8,0.0,73
2026-06-24T07:00:00+00:00,z3,7,0.9659258262890683,-0.25881904510252063,2,0,0,900,1200.0,0,0,87.0,23.8,0.0,61
2026-06-24T07:00:00+00:00,z4,7,0.9659258262890683,-0.25881904510252063,2,0,0,300,350.0,0,0,68.0,23.8,0.0,21
2026-06-24T08:00:00+00:00,z1,8,0.8660254037844387,-0.4999999999999998,2,0,0,400,500.0,0,0,61.0,24.5,21.1,12
2026-06-24T08:00:00+00:00,z2,8,0.8660254037844387,-0.4999999999999998,2,0,0,600,450.0,0,0,42.0,24.5,21.1,326
2026-06-24T08:00:00+00:00,z3,8,0.8660254037844387,-0.4999999999999998,2,0,0,900,1200.0,0,0,86.0,24.5,21.1,93
2026-06-24T08:00:00+00:00,z4,8,0.8660254037844387,-0.4999999999999998,2,0,0,300,350.0,0,0,67.0,24.5,21.1,0
2026-06-24T09:00:00+00:00,z1,9,0.7071067811865476,-0.7071067811865475,2,0,0,400,500.0,0,0,60.0,29.9,0.0,219
2026-06-24T09:00:00+00:00,z2,9,0.7071067811865476,-0.7071067811865475,2,0,0,600,450.0,0,0,41.0,29.9,0.0,512
2026-06-24T09:00:00+00:00,z3,9,0.7071067811865476,-0.7071067811865475,2,0,0,900,1200.0,0,0,85.0,29.9,0.0,48
2026-06-24T09:00:00+00:00,z4,9,0.7071067811865476,-0.7071067811865475,2,0,0,300,350.0,0,0,66.0,29.9,0.0,3
2026-06-24T10:00:00+00:00,z1,10,0.49999999999999994,-0.8660254037844387,2,0,0,400,500.0,0,0,59.0,31.4,0.0,216
2026-06-24T10:00:00+00:00,z2,10,0.49999999999999994,-0.8660254037844387,2,0,0,600,450.0,0,0,40.0,31.4,0.0,437
2026-06-24T10:00:00+00:00,z3,10,0.49999999999999994,-0.8660254037844387,2,0,0,900,1200.0,0,0,84.0,31.4,0.0,69
2026-06-24T10:00:00+00:00,z4,10,0.49999999999999994,-0.8660254037844387,2,0,0,300,350.0,0,0,65.0,31.4,0.0,29
2026-06-24T11:00:00+00:00,z1,11,0.258819045102521,-0.9659258262890682,2,0,0,400,500.0,0,0,58.0,32.5,0.0,218
2026-06-24T11:00:00+00:00,z2,11,0.258819045102521,-0.9659258262890682,2,0,0,600,450.0,0,0,39.0,32.5,0.0,215
2026-06-24T11:00:00+00:00,z3,11,0.258819045102521,-0.9659258262890682,2,0,0,900,1200.0,0,0,83.0,32.5,0.0,38
2026-06-24T11:00:00+00:00,z4,11,0.258819045102521,-0.9659258262890682,2,0,0,300,350.0,0,0,64.0,32.5,0.0,18
2026-06-24T12:00:00+00:00,z1,12,1.2246467991473532e-16,-1.0,2,0,0,400,500.0,0,0,57.0,32.7,0.0,259
2026-06-24T12:00:00+00:00,z2,12,1.2246467991473532e-16,-1.0,2,0,0,600,450.0,0,0,38.0,32.7,0.0,174
2026-06-24T12:00:00+00:00,z3,12,1.2246467991473532e-16,-1.0,2,0,0,900,1200.0,0,0,82.0,32.7,0.0,115
2026-06-24T12:00:00+00:00,z4,12,1.2246467991473532e-16,-1.0,2,0,0,300,350.0,0,0,63.0,32.7,0.0,227
2026-06-24T13:00:00+00:00,z1,13,-0.2588190451025208,-0.9659258262890683,2,0,0,400,500.0,0,0,56.0,36.5,0.0,262
2026-06-24T13:00:00+00:00,z2,13,-0.2588190451025208,-0.9659258262890683,2,0,0,600,450.0,0,0,37.0,36.5,0.0,195
2026-06-24T13:00:00+00:00,z3,13,-0.2588190451025208,-0.9659258262890683,2,0,0,900,1200.0,0,0,81.0,36.5,0.0,295
2026-06-24T13:00:00+00:00,z4,13,-0.2588190451025208,-0.9659258262890683,2,0,0,300,350.0,0,0,62.0,36.5,0.0,245
2026-06-24T14:00:00+00:00,z1,14,-0.4999999999999997,-0.8660254037844388,2,0,0,400,500.0,0,0,55.0,37.0,0.0,268
2026-06-24T14:00:00+00:00,z2,14,-0.4999999999999997,-0.8660254037844388,2,0,0,600,450.0,0,0,36.0,37.0,0.0,204
2026-06-24T14:00:00+00:00,z3,14,-0.4999999999999997,-0.8660254037844388,2,0,0,900,1200.0,0,0,80.0,37.0,0.0,173
2026-06-24T14:00:00+00:00,z4,14,-0.4999999999999997,-0.8660254037844388,2,0,0,300,350.0,0,0,61.0,37.0,0.0,228
2026-06-24T15:00:00+00:00,z1,15,-0.7071067811865471,-0.7071067811865479,2,0,0,400,500.0,0,0,54.0,34.7,0.0,251
2026-06-24T15:00:00+00:00,z2,15,-0.7071067811865471,-0.7071067811865479,2,0,0,600,450.0,0,0,35.0,34.7,0.0,228
2026-06-24T15:00:00+00:00,z3,15,-0.7071067811865471,-0.7071067811865479,2,0,0,900,1200.0,0,0,79.0,34.7,0.0,225
2026-06-24T15:00:00+00:00,z4,15,-0.7071067811865471,-0.7071067811865479,2,0,0,300,350.0,0,0,60.0,34.7,0.0,56
2026-06-24T16:00:00+00:00,z1,16,-0.8660254037844385,-0.5000000000000004,2,0,0,400,500.0,0,0,53.0,36.5,0.0,240
2026-06-24T16:00:00+00:00,z2,16,-0.8660254037844385,-0.5000000000000004,2,0,0,600,450.0,0,0,34.0,36.5,0.0,193
2026-06-24T16:00:00+00:00,z3,16,-0.8660254037844385,-0.5000000000000004,2,0,0,900,1200.0,0,0,78.0,36.5,0.0,167
2026-06-24T16:00:00+00:00,z4,16,-0.8660254037844385,-0.5000000000000004,2,0,0,300,350.0,0,0,59.0,36.5,0.0,57
2026-06-24T17:00:00+00:00,z1,17,-0.9659258262890683,-0.25881904510252063,2,0,0,400,500.0,0,0,52.0,36.5,16.2,138
2026-06-24T17:00:00+00:00,z2,17,-0.9659258262890683,-0.25881904510252063,2,0,0,600,450.0,0,0,33.0,36.5,16.2,317
2026-06-24T17:00:00+00:00,z3,17,-0.9659258262890683,-0.25881904510252063,2,0,0,900,1200.0,0,0,77.0,36.5,16.2,290
2026-06-24T17:00:00+00:00,z4,17,-0.9659258262890683,-0.25881904510252063,2,0,0,300,350.0,0,0,58.0,36.5,16.2,54
2026-06-24T18:00:00+00:00,z1,18,-1.0,-1.8369701987210297e-16,2,0,0,400,500.0,0,0,51.0,32.8,0.0,198
2026-06-24T18:00:00+00:00,z2,18,-1.0,-1.8369701987210297e-16,2,0,0,600,450.0,0,0,32.0,32.8,0.0,516
2026-06-24T18:00:00+00:00,z3,18,-1.0,-1.8369701987210297e-16,2,0,0,900,1200.0,0,0,76.0,32.8,0.0,591
2026-06-24T18:00:00+00:00,z4,18,-1.0,-1.8369701987210297e-16,2,0,0,300,350.0,0,0,57.0,32.8,0.0,64
2026-06-24T19:00:00+00:00,z1,19,-0.9659258262890684,0.2588190451025203,2,0,0,400,500.0,0,0,50.0,30.2,0.0,194
2026-06-24T19:00:00+00:00,z2,19,-0.9659258262890684,0.2588190451025203,2,0,0,600,450.0,0,0,31.0,30.2,0.0,536
2026-06-24T19:00:00+00:00,z3,19,-0.9659258262890684,0.2588190451025203,2,0,0,900,1200.0,0,0,75.0,30.2,0.0,606
2026-06-24T19:00:00+00:00,z4,19,-0.9659258262890684,0.2588190451025203,2,0,0,300,350.0,0,0,56.0,30.2,0.0,238
2026-06-24T20:00:00+00:00,z1,20,-0.8660254037844386,0.5000000000000001,2,0,0,400,500.0,0,0,49.0,28.6,0.0,93
2026-06-24T20:00:00+00:00,z2,20,-0.8660254037844386,0.5000000000000001,2,0,0,600,450.0,0,0,30.0,28.6,0.0,476
2026-06-24T20:00:00+00:00,z3,20,-0.8660254037844386,0.5000000000000001,2,0,0,900,1200.0,0,0,74.0,28.6,0.0,606
2026-06-24T20:00:00+00:00,z4,20,-0.8660254037844386,0.5000000000000001,2,0,0,300,350.0,0,0,55.0,28.6,0.0,279
2026-06-24T21:00:00+00:00,z1,21,-0.7071067811865477,0.7071067811865474,2,0,0,400,500.0,0,0,48.0,29.5,0.0,101
2026-06-24T21:00:00+00:00,z2,21,-0.7071067811865477,0.7071067811865474,2,0,0,600,450.0,0,0,29.0,29.5,0.0,75
2026-06-24T21:00:00+00:00,z3,21,-0.7071067811865477,0.7071067811865474,2,0,0,900,1200.0,0,0,73.0,29.5,0.0,473
2026-06-24T21:00:00+00:00,z4,21,-0.7071067811865477,0.7071067811865474,2,0,0,300,350.0,0,0,54.0,29.5,0.0,245
2026-06-24T22:00:00+00:00,z1,22,-0.5000000000000004,0.8660254037844384,2,0,0,400,500.0,0,0,47.0,26.5,0.0,105
2026-06-24T22:00:00+00:00,z2,22,-0.5000000000000004,0.8660254037844384,2,0,0,600,450.0,0,0,28.0,26.5,0.0,115
2026-06-24T22:00:00+00:00,z3,22,-0.5000000000000004,0.8660254037844384,2,0,0,900,1200.0,0,0,72.0,26.5,0.0,90
2026-06-24T22:00:00+00:00,z4,22,-0.5000000000000004,0.8660254037844384,2,0,0,300,350.0,0,0,53.0,26.5,0.0,1
2026-06-24T23:00:00+00:00,z1,23,-0.25881904510252157,0.9659258262890681,2,0,0,400,500.0,0,0,46.0,25.2,0.0,113
2026-06-24T23:00:00+00:00,z2,23,-0.25881904510252157,0.9659258262890681,2,0,0,600,450.0,0,0,27.0,25.2,0.0,72
2026-06-24T23:00:00+00:00,z3,23,-0.25881904510252157,0.9659258262890681,2,0,0,900,1200.0,0,0,71.0,25.2,0.0,62
2026-06-24T23:00:00+00:00,z4,23,-0.25881904510252157,0.9659258262890681,2,0,0,300,350.0,0,0,52.0,25.2,0.0,17
2026-06-25T00:00:00+00:00,z1,0,0.0,1.0,3,0,0,400,500.0,0,0,45.0,23.5,0.0,44
2026-06-25T00:00:00+00:00,z2,0,0.0,1.0,3,0,0,600,450.0,0,0,26.0,23.5,0.0,146
2026-06-25T00:00:00+00:00,z3,0,0.0,1.0,3,0,0,900,1200.0,0,0,70.0,23.5,0.0,88
2026-06-25T00:00:00+00:00,z4,0,0.0,1.0,3,0,0,300,350.0,0,0,51.0,23.5,0.0,13
2026-06-25T01:00:00+00:00,z1,1,0.25881904510252074,0.9659258262890683,3,0,0,400,500.0,0,0,44.0,21.2,0.0,25
2026-06-25T01:00:00+00:00,z2,1,0.25881904510252074,0.9659258262890683,3,0,0,600,450.0,0,0,25.0,21.2,0.0,37
2026-06-25T01:00:00+00:00,z3,1,0.25881904510252074,0.9659258262890683,3,0,0,900,1200.0,0,0,69.0,21.2,0.0,20
2026-06-25T01:00:00+00:00,z4,1,0.25881904510252074,0.9659258262890683,3,0,0,300,350.0,0,0,50.0,21.2,0.0,24
2026-06-25T02:00:00+00:00,z1,2,0.49999999999999994,0.8660254037844387,3,0,0,400,500.0,0,0,43.0,19.5,0.0,22
2026-06-25T02:00:00+00:00,z2,2,0.49999999999999994,0.8660254037844387,3,0,0,600,450.0,0,0,24.0,19.5,0.0,35
2026-06-25T02:00:00+00:00,z3,2,0.49999999999999994,0.8660254037844387,3,0,0,900,1200.0,0,0,68.0,19.5,0.0,38
2026-06-25T02:00:00+00:00,z4,2,0.49999999999999994,0.8660254037844387,3,0,0,300,350.0,0,0,49.0,19.5,0.0,19
2026-06-25T03:00:00+00:00,z1,3,0.7071067811865476,0.7071067811865476,3,0,0,400,500.0,0,0,42.0,20.1,0.0,30
2026-06-25T03:00:00+00:00,z2,3,0.7071067811865476,0.7071067811865476,3,0,0,600,450.0,0,0,23.0,20.1,0.0,18
2026-06-25T03:00:00+00:00,z3,3,0.7071067811865476,0.7071067811865476,3,0,0,900,1200.0,0,0,67.0,20.1,0.0,6
2026-06-25T03:00:00+00:00,z4,3,0.7071067811865476,0.7071067811865476,3,0,0,300,350.0,0,0,48.0,20.1,0.0,2
2026-06-25T04:00:00+00:00,z1,4,0.8660254037844386,0.5000000000000001,3,0,0,400,500.0,0,0,41.0,19.3,0.0,24
2026-06-25T04:00:00+00:00,z2,4,0.8660254037844386,0.5000000000000001,3,0,0,600,450.0,0,0,22.0,19.3,0.0,27
2026-06-25T04:00:00+00:00,z3,4,0.8660254037844386,0.5000000000000001,3,0,0,900,1200.0,0,0,66.0,19.3,0.0,57
2026-06-25T04:00:00+00:00,z4,4,0.8660254037844386,0.5000000000000001,3,0,0,300,350.0,0,0,47.0,19.3,0.0,23
2026-06-25T05:00:00+00:00,z1,5,0.9659258262890683,0.25881904510252074,3,0,0,400,500.0,0,0,40.0,22.5,0.0,12
2026-06-25T05:00:00+00:00,z2,5,0.9659258262890683,0.25881904510252074,3,0,0,600,450.0,0,0,21.0,22.5,0.0,39
2026-06-25T05:00:00+00:00,z3,5,0.9659258262890683,0.25881904510252074,3,0,0,900,1200.0,0,0,65.0,22.5,0.0,11
2026-06-25T05:00:00+00:00,z4,5,0.9659258262890683,0.25881904510252074,3,0,0,300,350.0,0,0,46.0,22.5,0.0,4
2026-06-25T06:00:00+00:00,z1,6,1.0,6.123233995736766e-17,3,0,0,400,500.0,0,0,39.0,22.7,0.0,28
2026-06-25T06:00:00+00:00,z2,6,1.0,6.123233995736766e-17,3,0,0,600,450.0,0,0,20.0,22.7,0.0,105
2026-06-25T06:00:00+00:00,z3,6,1.0,6.123233995736766e-17,3,0,0,900,1200.0,0,0,64.0,22.7,0.0,64
2026-06-25T06:00:00+00:00,z4,6,1.0,6.123233995736766e-17,3,0,0,300,350.0,0,0,45.0,22.7,0.0,14
2026-06-25T07:00:00+00:00,z1,7,0.9659258262890683,-0.25881904510252063,3,0,0,400,500.0,0,0,38.0,24.8,0.0,2
2026-06-25T07:00:00+00:00,z2,7,0.9659258262890683,-0.25881904510252063,3,0,0,600,450.0,0,0,19.0,24.8,0.0,84
2026-06-25T07:00:00+00:00,z3,7,0.9659258262890683,-0.25881904510252063,3,0,0,900,1200.0,0,0,63.0,24.8,0.0,96
2026-06-25T07:00:00+00:00,z4,7,0.9659258262890683,-0.25881904510252063,3,0,0,300,350.0,0,0,44.0,24.8,0.0,20
2026-06-25T08:00:00+00:00,z1,8,0.8660254037844387,-0.4999999999999998,3,0,0,400,500.0,0,0,37.0,24.0,0.0,26
2026-06-25T08:00:00+00:00,z2,8,0.8660254037844387,-0.4999999999999998,3,0,0,600,450.0,0,0,18.0,24.0,0.0,421
2026-06-25T08:00:00+00:00,z3,8,0.8660254037844387,-0.4999999999999998,3,0,0,900,1200.0,0,0,62.0,24.0,0.0,72
2026-06-25T08:00:00+00:00,z4,8,0.8660254037844387,-0.4999999999999998,3,0,0,300,350.0,0,0,43.0,24.0,0.0,9
2026-06-25T09:00:00+00:00,z1,9,0.7071067811865476,-0.7071067811865475,3,0,0,400,500.0,0,0,36.0,29.8,0.0,208
2026-06-25T09:00:00+00:00,z2,9,0.7071067811865476,-0.7071067811865475,3,0,0,600,450.0,0,0,17.0,29.8,0.0,518
2026-06-25T09:00:00+00:00,z3,9,0.7071067811865476,-0.7071067811865475,3,0,0,900,1200.0,0,0,61.0,29.8,0.0,85
2026-06-25T09:00:00+00:00,z4,9,0.7071067811865476,-0.7071067811865475,3,0,0,300,350.0,0,0,42.0,29.8,0.0,10
2026-06-25T10:00:00+00:00,z1,10,0.49999999999999994,-0.8660254037844387,3,0,0,400,500.0,0,0,35.0,30.3,0.0,193
2026-06-25T10:00:00+00:00,z2,10,0.49999999999999994,-0.8660254037844387,3,0,0,600,450.0,0,0,16.0,30.3,0.0,440
2026-06-25T10:00:00+00:00,z3,10,0.49999999999999994,-0.8660254037844387,3,0,0,900,1200.0,0,0,60.0,30.3,0.0,59
2026-06-25T10:00:00+00:00,z4,10,0.49999999999999994,-0.8660254037844387,3,0,0,300,350.0,0,0,41.0,30.3,0.0,7
2026-06-25T11:00:00+00:00,z1,11,0.258819045102521,-0.9659258262890682,3,0,0,400,500.0,0,0,34.0,34.0,0.0,244
2026-06-25T11:00:00+00:00,z2,11,0.258819045102521,-0.9659258262890682,3,0,0,600,450.0,0,0,15.0,34.0,0.0,202
2026-06-25T11:00:00+00:00,z3,11,0.258819045102521,-0.9659258262890682,3,0,0,900,1200.0,0,0,59.0,34.0,0.0,101
2026-06-25T11:00:00+00:00,z4,11,0.258819045102521,-0.9659258262890682,3,0,0,300,350.0,0,0,40.0,34.0,0.0,21
2026-06-25T12:00:00+00:00,z1,12,1.2246467991473532e-16,-1.0,3,0,0,400,500.0,0,0,33.0,32.9,0.0,257
2026-06-25T12:00:00+00:00,z2,12,1.2246467991473532e-16,-1.0,3,0,0,600,450.0,0,0,14.0,32.9,0.0,161
2026-06-25T12:00:00+00:00,z3,12,1.2246467991473532e-16,-1.0,3,0,0,900,1200.0,0,0,58.0,32.9,0.0,234
2026-06-25T12:00:00+00:00,z4,12,1.2246467991473532e-16,-1.0,3,0,0,300,350.0,0,0,39.0,32.9,0.0,227
2026-06-25T13:00:00+00:00,z1,13,-0.2588190451025208,-0.9659258262890683,3,0,0,400,500.0,0,0,32.0,33.8,0.0,253
2026-06-25T13:00:00+00:00,z2,13,-0.2588190451025208,-0.9659258262890683,3,0,0,600,450.0,0,0,13.0,33.8,0.0,183
2026-06-25T13:00:00+00:00,z3,13,-0.2588190451025208,-0.9659258262890683,3,0,0,900,1200.0,0,0,57.0,33.8,0.0,215
2026-06-25T13:00:00+00:00,z4,13,-0.2588190451025208,-0.9659258262890683,3,0,0,300,350.0,0,0,38.0,33.8,0.0,259
2026-06-25T14:00:00+00:00,z1,14,-0.4999999999999997,-0.8660254037844388,3,0,0,400,500.0,0,0,31.0,34.5,0.0,248
2026-06-25T14:00:00+00:00,z2,14,-0.4999999999999997,-0.8660254037844388,3,0,0,600,450.0,0,0,12.0,34.5,0.0,199
2026-06-25T14:00:00+00:00,z3,14,-0.4999999999999997,-0.8660254037844388,3,0,0,900,1200.0,0,0,56.0,34.5,0.0,222
2026-06-25T14:00:00+00:00,z4,14,-0.4999999999999997,-0.8660254037844388,3,0,0,300,350.0,0,0,37.0,34.5,0.0,235
2026-06-25T15:00:00+00:00,z1,15,-0.7071067811865471,-0.7071067811865479,3,0,0,400,500.0,0,0,30.0,37.4,0.0,250
2026-06-25T15:00:00+00:00,z2,15,-0.7071067811865471,-0.7071067811865479,3,0,0,600,450.0,0,0,11.0,37.4,0.0,209
2026-06-25T15:00:00+00:00,z3,15,-0.7071067811865471,-0.7071067811865479,3,0,0,900,1200.0,0,0,55.0,37.4,0.0,218
2026-06-25T15:00:00+00:00,z4,15,-0.7071067811865471,-0.7071067811865479,3,0,0,300,350.0,0,0,36.0,37.4,0.0,67
2026-06-25T16:00:00+00:00,z1,16,-0.8660254037844385,-0.5000000000000004,3,0,0,400,500.0,0,0,29.0,36.8,0.0,235
2026-06-25T16:00:00+00:00,z2,16,-0.8660254037844385,-0.5000000000000004,3,0,0,600,450.0,0,0,10.0,36.8,0.0,254
2026-06-25T16:00:00+00:00,z3,16,-0.8660254037844385,-0.5000000000000004,3,0,0,900,1200.0,0,0,54.0,36.8,0.0,262
2026-06-25T16:00:00+00:00,z4,16,-0.8660254037844385,-0.5000000000000004,3,0,0,300,350.0,0,0,35.0,36.8,0.0,64
2026-06-25T17:00:00+00:00,z1,17,-0.9659258262890683,-0.25881904510252063,3,0,0,400,500.0,0,0,28.0,36.7,0.0,237
2026-06-25T17:00:00+00:00,z2,17,-0.9659258262890683,-0.25881904510252063,3,0,0,600,450.0,0,0,9.0,36.7,0.0,459
2026-06-25T17:00:00+00:00,z3,17,-0.9659258262890683,-0.25881904510252063,3,0,0,900,1200.0,0,0,53.0,36.7,0.0,525
2026-06-25T17:00:00+00:00,z4,17,-0.9659258262890683,-0.25881904510252063,3,0,0,300,350.0,0,0,34.0,36.7,0.0,75
2026-06-25T18:00:00+00:00,z1,18,-1.0,-1.8369701987210297e-16,3,0,0,400,500.0,0,0,27.0,32.9,0.0,214
2026-06-25T18:00:00+00:00,z2,18,-1.0,-1.8369701987210297e-16,3,0,0,600,450.0,0,0,8.0,32.9,0.0,504
2026-06-25T18:00:00+00:00,z3,18,-1.0,-1.8369701987210297e-16,3,0,0,900,1200.0,0,0,52.0,32.9,0.0,547
2026-06-25T18:00:00+00:00,z4,18,-1.0,-1.8369701987210297e-16,3,0,0,300,350.0,0,0,33.0,32.9,0.0,66
2026-06-25T19:00:00+00:00,z1,19,-0.9659258262890684,0.2588190451025203,3,0,0,400,500.0,0,0,26.0,33.8,0.0,188
2026-06-25T19:00:00+00:00,z2,19,-0.9659258262890684,0.2588190451025203,3,0,0,600,450.0,0,0,7.0,33.8,0.0,511
2026-06-25T19:00:00+00:00,z3,19,-0.9659258262890684,0.2588190451025203,3,0,0,900,1200.0,0,0,51.0,33.8,0.0,594
2026-06-25T19:00:00+00:00,z4,19,-0.9659258262890684,0.2588190451025203,3,0,0,300,350.0,0,0,32.0,33.8,0.0,240
2026-06-25T20:00:00+00:00,z1,20,-0.8660254037844386,0.5000000000000001,3,0,0,400,500.0,0,0,25.0,31.9,0.0,100
2026-06-25T20:00:00+00:00,z2,20,-0.8660254037844386,0.5000000000000001,3,0,0,600,450.0,0,0,6.0,31.9,0.0,436
2026-06-25T20:00:00+00:00,z3,20,-0.8660254037844386,0.5000000000000001,3,0,0,900,1200.0,0,0,50.0,31.9,0.0,552
2026-06-25T20:00:00+00:00,z4,20,-0.8660254037844386,0.5000000000000001,3,0,0,300,350.0,0,0,31.0,31.9,0.0,262
2026-06-25T21:00:00+00:00,z1,21,-0.7071067811865477,0.7071067811865474,3,0,0,400,500.0,0,0,24.0,26.7,0.0,111
2026-06-25T21:00:00+00:00,z2,21,-0.7071067811865477,0.7071067811865474,3,0,0,600,450.0,0,0,5.0,26.7,0.0,109
2026-06-25T21:00:00+00:00,z3,21,-0.7071067811865477,0.7071067811865474,3,0,0,900,1200.0,0,0,49.0,26.7,0.0,445
2026-06-25T21:00:00+00:00,z4,21,-0.7071067811865477,0.7071067811865474,3,0,0,300,350.0,0,0,30.0,26.7,0.0,232
2026-06-25T22:00:00+00:00,z1,22,-0.5000000000000004,0.8660254037844384,3,0,0,400,500.0,0,0,23.0,26.7,0.0,82
2026-06-25T22:00:00+00:00,z2,22,-0.5000000000000004,0.8660254037844384,3,0,0,600,450.0,0,0,4.0,26.7,0.0,78
2026-06-25T22:00:00+00:00,z3,22,-0.5000000000000004,0.8660254037844384,3,0,0,900,1200.0,0,0,48.0,26.7,0.0,70
2026-06-25T22:00:00+00:00,z4,22,-0.5000000000000004,0.8660254037844384,3,0,0,300,350.0,0,0,29.0,26.7,0.0,2
2026-06-25T23:00:00+00:00,z1,23,-0.25881904510252157,0.9659258262890681,3,0,0,400,500.0,0,0,22.0,25.1,0.0,89
2026-06-25T23:00:00+00:00,z2,23,-0.25881904510252157,0.9659258262890681,3,0,0,600,450.0,0,0,3.0,25.1,0.0,72
2026-06-25T23:00:00+00:00,z3,23,-0.25881904510252157,0.9659258262890681,3,0,0,900,1200.0,0,0,47.0,25.1,0.0,78
2026-06-25T23:00:00+00:00,z4,23,-0.25881904510252157,0.9659258262890681,3,0,0,300,350.0,0,0,28.0,25.1,0.0,16
2026-06-26T00:00:00+00:00,z1,0,0.0,1.0,4,0,0,400,500.0,0,0,21.0,22.7,0.0,11
2026-06-26T00:00:00+00:00,z2,0,0.0,1.0,4,0,0,600,450.0,0,0,2.0,22.7,0.0,93
2026-06-26T00:00:00+00:00,z3,0,0.0,1.0,4,0,0,900,1200.0,0,0,46.0,22.7,0.0,57
2026-06-26T00:00:00+00:00,z4,0,0.0,1.0,4,0,0,300,350.0,0,0,27.0,22.7,0.0,13
2026-06-26T01:00:00+00:00,z1,1,0.25881904510252074,0.9659258262890683,4,0,0,400,500.0,0,0,20.0,20.3,0.0,30
2026-06-26T01:00:00+00:00,z2,1,0.25881904510252074,0.9659258262890683,4,0,0,600,450.0,0,0,1.0,20.3,0.0,149
2026-06-26T01:00:00+00:00,z3,1,0.25881904510252074,0.9659258262890683,4,0,0,900,1200.0,0,0,45.0,20.3,0.0,9
2026-06-26T01:00:00+00:00,z4,1,0.25881904510252074,0.9659258262890683,4,0,0,300,350.0,0,0,26.0,20.3,0.0,22
2026-06-26T02:00:00+00:00,z1,2,0.49999999999999994,0.8660254037844387,4,0,0,400,500.0,0,0,19.0,19.8,0.0,29
2026-06-26T02:00:00+00:00,z2,2,0.49999999999999994,0.8660254037844387,4,0,0,600,450.0,1427,1,34.0,19.8,0.0,472
2026-06-26T02:00:00+00:00,z3,2,0.49999999999999994,0.8660254037844387,4,0,0,900,1200.0,0,0,44.0,19.8,0.0,56
2026-06-26T02:00:00+00:00,z4,2,0.49999999999999994,0.8660254037844387,4,0,0,300,350.0,0,0,25.0,19.8,0.0,28
2026-06-26T03:00:00+00:00,z1,3,0.7071067811865476,0.7071067811865476,4,0,0,400,500.0,0,0,18.0,21.9,0.0,1
2026-06-26T03:00:00+00:00,z2,3,0.7071067811865476,0.7071067811865476,4,0,0,600,450.0,1427,1,33.0,21.9,0.0,492
2026-06-26T03:00:00+00:00,z3,3,0.7071067811865476,0.7071067811865476,4,0,0,900,1200.0,0,0,43.0,21.9,0.0,49
2026-06-26T03:00:00+00:00,z4,3,0.7071067811865476,0.7071067811865476,4,0,0,300,350.0,0,0,24.0,21.9,0.0,15
2026-06-26T04:00:00+00:00,z1,4,0.8660254037844386,0.5000000000000001,4,0,0,400,500.0,0,0,17.0,19.2,0.0,17
2026-06-26T04:00:00+00:00,z2,4,0.8660254037844386,0.5000000000000001,4,0,0,600,450.0,1427,1,32.0,19.2,0.0,514
2026-06-26T04:00:00+00:00,z3,4,0.8660254037844386,0.5000000000000001,4,0,0,900,1200.0,0,0,42.0,19.2,0.0,31
2026-06-26T04:00:00+00:00,z4,4,0.8660254037844386,0.5000000000000001,4,0,0,300,350.0,0,0,23.0,19.2,0.0,0
2026-06-26T05:00:00+00:00,z1,5,0.9659258262890683,0.25881904510252074,4,0,0,400,500.0,0,0,16.0,21.6,0.0,26
2026-06-26T05:00:00+00:00,z2,5,0.9659258262890683,0.25881904510252074,4,0,0,600,450.0,1427,1,31.0,21.6,0.0,518
2026-06-26T05:00:00+00:00,z3,5,0.9659258262890683,0.25881904510252074,4,0,0,900,1200.0,0,0,41.0,21.6,0.0,19
2026-06-26T05:00:00+00:00,z4,5,0.9659258262890683,0.25881904510252074,4,0,0,300,350.0,0,0,22.0,21.6,0.0,6
2026-06-26T06:00:00+00:00,z1,6,1.0,6.123233995736766e-17,4,0,0,400,500.0,0,0,15.0,21.4,2.0,0
2026-06-26T06:00:00+00:00,z2,6,1.0,6.123233995736766e-17,4,0,0,600,450.0,1427,1,30.0,21.4,2.0,437
2026-06-26T06:00:00+00:00,z3,6,1.0,6.123233995736766e-17,4,0,0,900,1200.0,0,0,40.0,21.4,2.0,55
2026-06-26T06:00:00+00:00,z4,6,1.0,6.123233995736766e-17,4,0,0,300,350.0,0,0,21.0,21.4,2.0,11
2026-06-26T07:00:00+00:00,z1,7,0.9659258262890683,-0.25881904510252063,4,0,0,400,500.0,0,0,14.0,23.5,0.0,33
2026-06-26T07:00:00+00:00,z2,7,0.9659258262890683,-0.25881904510252063,4,0,0,600,450.0,0,0,29.0,23.5,0.0,84
2026-06-26T07:00:00+00:00,z3,7,0.9659258262890683,-0.25881904510252063,4,0,0,900,1200.0,0,0,39.0,23.5,0.0,87
2026-06-26T07:00:00+00:00,z4,7,0.9659258262890683,-0.25881904510252063,4,0,0,300,350.0,0,0,20.0,23.5,0.0,6
2026-06-26T08:00:00+00:00,z1,8,0.8660254037844387,-0.4999999999999998,4,0,0,400,500.0,0,0,13.0,27.8,0.0,20
2026-06-26T08:00:00+00:00,z2,8,0.8660254037844387,-0.4999999999999998,4,0,0,600,450.0,0,0,28.0,27.8,0.0,417
2026-06-26T08:00:00+00:00,z3,8,0.8660254037844387,-0.4999999999999998,4,0,0,900,1200.0,0,0,38.0,27.8,0.0,78
2026-06-26T08:00:00+00:00,z4,8,0.8660254037844387,-0.4999999999999998,4,0,0,300,350.0,0,0,19.0,27.8,0.0,12
2026-06-26T09:00:00+00:00,z1,9,0.7071067811865476,-0.7071067811865475,4,0,0,400,500.0,0,0,12.0,28.0,0.0,198
2026-06-26T09:00:00+00:00,z2,9,0.7071067811865476,-0.7071067811865475,4,0,0,600,450.0,0,0,27.0,28.0,0.0,525
2026-06-26T09:00:00+00:00,z3,9,0.7071067811865476,-0.7071067811865475,4,0,0,900,1200.0,0,0,37.0,28.0,0.0,60
2026-06-26T09:00:00+00:00,z4,9,0.7071067811865476,-0.7071067811865475,4,0,0,300,350.0,0,0,18.0,28.0,0.0,1
2026-06-26T10:00:00+00:00,z1,10,0.49999999999999994,-0.8660254037844387,4,0,0,400,500.0,0,0,11.0,30.3,13.0,141
2026-06-26T10:00:00+00:00,z2,10,0.49999999999999994,-0.8660254037844387,4,0,0,600,450.0,0,0,26.0,30.3,13.0,340
2026-06-26T10:00:00+00:00,z3,10,0.49999999999999994,-0.8660254037844387,4,0,0,900,1200.0,0,0,36.0,30.3,13.0,5
2026-06-26T10:00:00+00:00,z4,10,0.49999999999999994,-0.8660254037844387,4,0,0,300,350.0,0,0,17.0,30.3,13.0,17
2026-06-26T11:00:00+00:00,z1,11,0.258819045102521,-0.9659258262890682,4,0,0,400,500.0,0,0,10.0,33.5,0.0,229
2026-06-26T11:00:00+00:00,z2,11,0.258819045102521,-0.9659258262890682,4,0,0,600,450.0,0,0,25.0,33.5,0.0,226
2026-06-26T11:00:00+00:00,z3,11,0.258819045102521,-0.9659258262890682,4,0,0,900,1200.0,0,0,35.0,33.5,0.0,80
2026-06-26T11:00:00+00:00,z4,11,0.258819045102521,-0.9659258262890682,4,0,0,300,350.0,0,0,16.0,33.5,0.0,13
2026-06-26T12:00:00+00:00,z1,12,1.2246467991473532e-16,-1.0,4,0,0,400,500.0,0,0,9.0,32.3,21.5,127
2026-06-26T12:00:00+00:00,z2,12,1.2246467991473532e-16,-1.0,4,0,0,600,450.0,0,0,24.0,32.3,21.5,136
2026-06-26T12:00:00+00:00,z3,12,1.2246467991473532e-16,-1.0,4,0,0,900,1200.0,0,0,34.0,32.3,21.5,90
2026-06-26T12:00:00+00:00,z4,12,1.2246467991473532e-16,-1.0,4,0,0,300,350.0,0,0,15.0,32.3,21.5,161
2026-06-26T13:00:00+00:00,z1,13,-0.2588190451025208,-0.9659258262890683,4,0,0,400,500.0,0,0,8.0,36.7,5.9,141
2026-06-26T13:00:00+00:00,z2,13,-0.2588190451025208,-0.9659258262890683,4,0,0,600,450.0,0,0,23.0,36.7,5.9,139
2026-06-26T13:00:00+00:00,z3,13,-0.2588190451025208,-0.9659258262890683,4,0,0,900,1200.0,0,0,33.0,36.7,5.9,154
2026-06-26T13:00:00+00:00,z4,13,-0.2588190451025208,-0.9659258262890683,4,0,0,300,350.0,0,0,14.0,36.7,5.9,205
2026-06-26T14:00:00+00:00,z1,14,-0.4999999999999997,-0.8660254037844388,4,0,0,400,500.0,0,0,7.0,35.9,0.0,253
2026-06-26T14:00:00+00:00,z2,14,-0.4999999999999997,-0.8660254037844388,4,0,0,600,450.0,0,0,22.0,35.9,0.0,190
2026-06-26T14:00:00+00:00,z3,14,-0.4999999999999997,-0.8660254037844388,4,0,0,900,1200.0,0,0,32.0,35.9,0.0,247
2026-06-26T14:00:00+00:00,z4,14,-0.4999999999999997,-0.8660254037844388,4,0,0,300,350.0,0,0,13.0,35.9,0.0,229
2026-06-26T15:00:00+00:00,z1,15,-0.7071067811865471,-0.7071067811865479,4,0,0,400,500.0,0,0,6.0,36.5,0.0,258
2026-06-26T15:00:00+00:00,z2,15,-0.7071067811865471,-0.7071067811865479,4,0,0,600,450.0,0,0,21.0,36.5,0.0,195
2026-06-26T15:00:00+00:00,z3,15,-0.7071067811865471,-0.7071067811865479,4,0,0,900,1200.0,0,0,31.0,36.5,0.0,278
2026-06-26T15:00:00+00:00,z4,15,-0.7071067811865471,-0.7071067811865479,4,0,0,300,350.0,0,0,12.0,36.5,0.0,53
2026-06-26T16:00:00+00:00,z1,16,-0.8660254037844385,-0.5000000000000004,4,0,0,400,500.0,0,0,5.0,37.3,0.0,259
2026-06-26T16:00:00+00:00,z2,16,-0.8660254037844385,-0.5000000000000004,4,0,0,600,450.0,0,0,20.0,37.3,0.0,202
2026-06-26T16:00:00+00:00,z3,16,-0.8660254037844385,-0.5000000000000004,4,0,0,900,1200.0,0,0,30.0,37.3,0.0,178
2026-06-26T16:00:00+00:00,z4,16,-0.8660254037844385,-0.5000000000000004,4,0,0,300,350.0,0,0,11.0,37.3,0.0,65
2026-06-26T17:00:00+00:00,z1,17,-0.9659258262890683,-0.25881904510252063,4,0,0,400,500.0,0,0,4.0,35.7,0.0,243
2026-06-26T17:00:00+00:00,z2,17,-0.9659258262890683,-0.25881904510252063,4,0,0,600,450.0,0,0,19.0,35.7,0.0,446
2026-06-26T17:00:00+00:00,z3,17,-0.9659258262890683,-0.25881904510252063,4,0,0,900,1200.0,0,0,29.0,35.7,0.0,524
2026-06-26T17:00:00+00:00,z4,17,-0.9659258262890683,-0.25881904510252063,4,0,0,300,350.0,0,0,10.0,35.7,0.0,99
2026-06-26T18:00:00+00:00,z1,18,-1.0,-1.8369701987210297e-16,4,0,0,400,500.0,0,0,3.0,32.7,0.0,209
2026-06-26T18:00:00+00:00,z2,18,-1.0,-1.8369701987210297e-16,4,0,0,600,450.0,0,0,18.0,32.7,0.0,503
2026-06-26T18:00:00+00:00,z3,18,-1.0,-1.8369701987210297e-16,4,0,0,900,1200.0,0,0,28.0,32.7,0.0,567
2026-06-26T18:00:00+00:00,z4,18,-1.0,-1.8369701987210297e-16,4,0,0,300,350.0,0,0,9.0,32.7,0.0,72
2026-06-26T19:00:00+00:00,z1,19,-0.9659258262890684,0.2588190451025203,4,0,0,400,500.0,0,0,2.0,30.2,0.0,197
2026-06-26T19:00:00+00:00,z2,19,-0.9659258262890684,0.2588190451025203,4,0,0,600,450.0,0,0,17.0,30.2,0.0,554
2026-06-26T19:00:00+00:00,z3,19,-0.9659258262890684,0.2588190451025203,4,0,0,900,1200.0,0,0,27.0,30.2,0.0,549
2026-06-26T19:00:00+00:00,z4,19,-0.9659258262890684,0.2588190451025203,4,0,0,300,350.0,0,0,8.0,30.2,0.0,246
2026-06-26T20:00:00+00:00,z1,20,-0.8660254037844386,0.5000000000000001,4,0,0,400,500.0,0,0,1.0,31.4,0.0,193
2026-06-26T20:00:00+00:00,z2,20,-0.8660254037844386,0.5000000000000001,4,0,0,600,450.0,0,0,16.0,31.4,0.0,481
2026-06-26T20:00:00+00:00,z3,20,-0.8660254037844386,0.5000000000000001,4,0,0,900,1200.0,0,0,26.0,31.4,0.0,612
2026-06-26T20:00:00+00:00,z4,20,-0.8660254037844386,0.5000000000000001,4,0,0,300,350.0,0,0,7.0,31.4,0.0,263
2026-06-26T21:00:00+00:00,z1,21,-0.7071067811865477,0.7071067811865474,4,0,0,400,500.0,708,1,99.0,27.4,0.0,341
2026-06-26T21:00:00+00:00,z2,21,-0.7071067811865477,0.7071067811865474,4,0,0,600,450.0,0,0,15.0,27.4,0.0,105
2026-06-26T21:00:00+00:00,z3,21,-0.7071067811865477,0.7071067811865474,4,0,0,900,1200.0,0,0,25.0,27.4,0.0,485
2026-06-26T21:00:00+00:00,z4,21,-0.7071067811865477,0.7071067811865474,4,0,0,300,350.0,0,0,6.0,27.4,0.0,240
2026-06-26T22:00:00+00:00,z1,22,-0.5000000000000004,0.8660254037844384,4,0,0,400,500.0,708,1,99.0,25.1,0.0,348
2026-06-26T22:00:00+00:00,z2,22,-0.5000000000000004,0.8660254037844384,4,0,0,600,450.0,0,0,14.0,25.1,0.0,55
2026-06-26T22:00:00+00:00,z3,22,-0.5000000000000004,0.8660254037844384,4,0,0,900,1200.0,0,0,24.0,25.1,0.0,72
2026-06-26T22:00:00+00:00,z4,22,-0.5000000000000004,0.8660254037844384,4,0,0,300,350.0,0,0,5.0,25.1,0.0,9
2026-06-26T23:00:00+00:00,z1,23,-0.25881904510252157,0.9659258262890681,4,0,0,400,500.0,708,1,99.0,24.4,0.0,342
2026-06-26T23:00:00+00:00,z2,23,-0.25881904510252157,0.9659258262890681,4,0,0,600,450.0,0,0,13.0,24.4,0.0,116
2026-06-26T23:00:00+00:00,z3,23,-0.25881904510252157,0.9659258262890681,4,0,0,900,1200.0,0,0,23.0,24.4,0.0,38
2026-06-26T23:00:00+00:00,z4,23,-0.25881904510252157,0.9659258262890681,4,0,0,300,350.0,0,0,4.0,24.4,0.0,22
2026-06-27T00:00:00+00:00,z1,0,0.0,1.0,5,1,0,400,500.0,708,1,99.0,20.4,0.0,264
2026-06-27T00:00:00+00:00,z2,0,0.0,1.0,5,1,0,600,450.0,0,0,12.0,20.4,0.0,85
2026-06-27T00:00:00+00:00,z3,0,0.0,1.0,5,1,0,900,1200.0,0,0,22.0,20.4,0.0,111
2026-06-27T00:00:00+00:00,z4,0,0.0,1.0,5,1,0,300,350.0,0,0,3.0,20.4,0.0,18
2026-06-27T01:00:00+00:00,z1,1,0.25881904510252074,0.9659258262890683,5,1,0,400,500.0,0,0,99.0,20.2,21.4,13
2026-06-27T01:00:00+00:00,z2,1,0.25881904510252074,0.9659258262890683,5,1,0,600,450.0,0,0,11.0,20.2,21.4,32
2026-06-27T01:00:00+00:00,z3,1,0.25881904510252074,0.9659258262890683,5,1,0,900,1200.0,0,0,21.0,20.2,21.4,8
2026-06-27T01:00:00+00:00,z4,1,0.25881904510252074,0.9659258262890683,5,1,0,300,350.0,0,0,2.0,20.2,21.4,3
2026-06-27T02:00:00+00:00,z1,2,0.49999999999999994,0.8660254037844387,5,1,0,400,500.0,0,0,99.0,18.6,0.0,0
2026-06-27T02:00:00+00:00,z2,2,0.49999999999999994,0.8660254037844387,5,1,0,600,450.0,0,0,10.0,18.6,0.0,13
2026-06-27T02:00:00+00:00,z3,2,0.49999999999999994,0.8660254037844387,5,1,0,900,1200.0,0,0,20.0,18.6,0.0,108
2026-06-27T02:00:00+00:00,z4,2,0.49999999999999994,0.8660254037844387,5,1,0,300,350.0,0,0,1.0,18.6,0.0,121
2026-06-27T03:00:00+00:00,z1,3,0.7071067811865476,0.7071067811865476,5,1,0,400,500.0,0,0,99.0,19.1,0.0,0
2026-06-27T03:00:00+00:00,z2,3,0.7071067811865476,0.7071067811865476,5,1,0,600,450.0,0,0,9.0,19.1,0.0,0
2026-06-27T03:00:00+00:00,z3,3,0.7071067811865476,0.7071067811865476,5,1,0,900,1200.0,0,0,19.0,19.1,0.0,33
2026-06-27T03:00:00+00:00,z4,3,0.7071067811865476,0.7071067811865476,5,1,0,300,350.0,512,1,44.0,19.1,0.0,197
2026-06-27T04:00:00+00:00,z1,4,0.8660254037844386,0.5000000000000001,5,1,0,400,500.0,0,0,99.0,20.9,9.9,15
2026-06-27T04:00:00+00:00,z2,4,0.8660254037844386,0.5000000000000001,5,1,0,600,450.0,0,0,8.0,20.9,9.9,18
2026-06-27T04:00:00+00:00,z3,4,0.8660254037844386,0.5000000000000001,5,1,0,900,1200.0,0,0,18.0,20.9,9.9,15
2026-06-27T04:00:00+00:00,z4,4,0.8660254037844386,0.5000000000000001,5,1,0,300,350.0,512,1,43.0,20.9,9.9,146
2026-06-27T05:00:00+00:00,z1,5,0.9659258262890683,0.25881904510252074,5,1,0,400,500.0,0,0,99.0,22.4,0.0,14
2026-06-27T05:00:00+00:00,z2,5,0.9659258262890683,0.25881904510252074,5,1,0,600,450.0,0,0,7.0,22.4,0.0,0
2026-06-27T05:00:00+00:00,z3,5,0.9659258262890683,0.25881904510252074,5,1,0,900,1200.0,0,0,17.0,22.4,0.0,35
2026-06-27T05:00:00+00:00,z4,5,0.9659258262890683,0.25881904510252074,5,1,0,300,350.0,512,1,42.0,22.4,0.0,182
2026-06-27T06:00:00+00:00,z1,6,1.0,6.123233995736766e-17,5,1,0,400,500.0,0,0,99.0,23.9,0.0,22
2026-06-27T06:00:00+00:00,z2,6,1.0,6.123233995736766e-17,5,1,0,600,450.0,0,0,6.0,23.9,0.0,144
2026-06-27T06:00:00+00:00,z3,6,1.0,6.123233995736766e-17,5,1,0,900,1200.0,0,0,16.0,23.9,0.0,100
2026-06-27T06:00:00+00:00,z4,6,1.0,6.123233995736766e-17,5,1,0,300,350.0,0,0,41.0,23.9,0.0,12
2026-06-27T07:00:00+00:00,z1,7,0.9659258262890683,-0.25881904510252063,5,1,0,400,500.0,0,0,99.0,22.3,0.0,31
2026-06-27T07:00:00+00:00,z2,7,0.9659258262890683,-0.25881904510252063,5,1,0,600,450.0,0,0,5.0,22.3,0.0,99
2026-06-27T07:00:00+00:00,z3,7,0.9659258262890683,-0.25881904510252063,5,1,0,900,1200.0,0,0,15.0,22.3,0.0,101
2026-06-27T07:00:00+00:00,z4,7,0.9659258262890683,-0.25881904510252063,5,1,0,300,350.0,0,0,40.0,22.3,0.0,20
2026-06-27T08:00:00+00:00,z1,8,0.8660254037844387,-0.4999999999999998,5,1,0,400,500.0,0,0,99.0,26.8,0.0,45
2026-06-27T08:00:00+00:00,z2,8,0.8660254037844387,-0.4999999999999998,5,1,0,600,450.0,0,0,4.0,26.8,0.0,70
2026-06-27T08:00:00+00:00,z3,8,0.8660254037844387,-0.4999999999999998,5,1,0,900,1200.0,0,0,14.0,26.8,0.0,103
2026-06-27T08:00:00+00:00,z4,8,0.8660254037844387,-0.4999999999999998,5,1,0,300,350.0,0,0,39.0,26.8,0.0,7
2026-06-27T09:00:00+00:00,z1,9,0.7071067811865476,-0.7071067811865475,5,1,0,400,500.0,0,0,99.0,29.6,0.0,267
2026-06-27T09:00:00+00:00,z2,9,0.7071067811865476,-0.7071067811865475,5,1,0,600,450.0,0,0,3.0,29.6,0.0,73
2026-06-27T09:00:00+00:00,z3,9,0.7071067811865476,-0.7071067811865475,5,1,0,900,1200.0,0,0,13.0,29.6,0.0,79
2026-06-27T09:00:00+00:00,z4,9,0.7071067811865476,-0.7071067811865475,5,1,0,300,350.0,0,0,38.0,29.6,0.0,12
2026-06-27T10:00:00+00:00,z1,10,0.49999999999999994,-0.8660254037844387,5,1,0,400,500.0,0,0,99.0,30.8,0.0,290
2026-06-27T10:00:00+00:00,z2,10,0.49999999999999994,-0.8660254037844387,5,1,0,600,450.0,0,0,2.0,30.8,0.0,107
2026-06-27T10:00:00+00:00,z3,10,0.49999999999999994,-0.8660254037844387,5,1,0,900,1200.0,0,0,12.0,30.8,0.0,56
2026-06-27T10:00:00+00:00,z4,10,0.49999999999999994,-0.8660254037844387,5,1,0,300,350.0,0,0,37.0,30.8,0.0,15
2026-06-27T11:00:00+00:00,z1,11,0.258819045102521,-0.9659258262890682,5,1,0,400,500.0,0,0,99.0,30.5,0.0,287
2026-06-27T11:00:00+00:00,z2,11,0.258819045102521,-0.9659258262890682,5,1,0,600,450.0,0,0,1.0,30.5,0.0,167
2026-06-27T11:00:00+00:00,z3,11,0.258819045102521,-0.9659258262890682,5,1,0,900,1200.0,0,0,11.0,30.5,0.0,370
2026-06-27T11:00:00+00:00,z4,11,0.258819045102521,-0.9659258262890682,5,1,0,300,350.0,0,0,36.0,30.5,0.0,12
2026-06-27T12:00:00+00:00,z1,12,1.2246467991473532e-16,-1.0,5,1,0,400,500.0,0,0,99.0,35.6,0.0,338
2026-06-27T12:00:00+00:00,z2,12,1.2246467991473532e-16,-1.0,5,1,0,600,450.0,1268,1,7.0,35.6,0.0,692
2026-06-27T12:00:00+00:00,z3,12,1.2246467991473532e-16,-1.0,5,1,0,900,1200.0,0,0,10.0,35.6,0.0,396
2026-06-27T12:00:00+00:00,z4,12,1.2246467991473532e-16,-1.0,5,1,0,300,350.0,0,0,35.0,35.6,0.0,220
2026-06-27T13:00:00+00:00,z1,13,-0.2588190451025208,-0.9659258262890683,5,1,0,400,500.0,0,0,99.0,33.4,0.0,329
2026-06-27T13:00:00+00:00,z2,13,-0.2588190451025208,-0.9659258262890683,5,1,0,600,450.0,1268,1,6.0,33.4,0.0,742
2026-06-27T13:00:00+00:00,z3,13,-0.2588190451025208,-0.9659258262890683,5,1,0,900,1200.0,0,0,9.0,33.4,0.0,406
2026-06-27T13:00:00+00:00,z4,13,-0.2588190451025208,-0.9659258262890683,5,1,0,300,350.0,0,0,34.0,33.4,0.0,238
2026-06-27T14:00:00+00:00,z1,14,-0.4999999999999997,-0.8660254037844388,5,1,0,400,500.0,0,0,99.0,35.5,0.0,342
2026-06-27T14:00:00+00:00,z2,14,-0.4999999999999997,-0.8660254037844388,5,1,0,600,450.0,1268,1,5.0,35.5,0.0,729
2026-06-27T14:00:00+00:00,z3,14,-0.4999999999999997,-0.8660254037844388,5,1,0,900,1200.0,0,0,8.0,35.5,0.0,393
2026-06-27T14:00:00+00:00,z4,14,-0.4999999999999997,-0.8660254037844388,5,1,0,300,350.0,0,0,33.0,35.5,0.0,230
2026-06-27T15:00:00+00:00,z1,15,-0.7071067811865471,-0.7071067811865479,5,1,0,400,500.0,0,0,99.0,37.3,0.0,285
2026-06-27T15:00:00+00:00,z2,15,-0.7071067811865471,-0.7071067811865479,5,1,0,600,450.0,1268,1,4.0,37.3,0.0,736
2026-06-27T15:00:00+00:00,z3,15,-0.7071067811865471,-0.7071067811865479,5,1,0,900,1200.0,0,0,7.0,37.3,0.0,451
2026-06-27T15:00:00+00:00,z4,15,-0.7071067811865471,-0.7071067811865479,5,1,0,300,350.0,0,0,32.0,37.3,0.0,90
2026-06-27T16:00:00+00:00,z1,16,-0.8660254037844385,-0.5000000000000004,5,1,0,400,500.0,0,0,99.0,34.0,0.0,296
2026-06-27T16:00:00+00:00,z2,16,-0.8660254037844385,-0.5000000000000004,5,1,0,600,450.0,1268,1,3.0,34.0,0.0,744
2026-06-27T16:00:00+00:00,z3,16,-0.8660254037844385,-0.5000000000000004,5,1,0,900,1200.0,0,0,6.0,34.0,0.0,695
2026-06-27T16:00:00+00:00,z4,16,-0.8660254037844385,-0.5000000000000004,5,1,0,300,350.0,0,0,31.0,34.0,0.0,72
2026-06-27T17:00:00+00:00,z1,17,-0.9659258262890683,-0.25881904510252063,5,1,0,400,500.0,0,0,99.0,34.2,0.0,285
2026-06-27T17:00:00+00:00,z2,17,-0.9659258262890683,-0.25881904510252063,5,1,0,600,450.0,0,0,2.0,34.2,0.0,292
2026-06-27T17:00:00+00:00,z3,17,-0.9659258262890683,-0.25881904510252063,5,1,0,900,1200.0,0,0,5.0,34.2,0.0,747
2026-06-27T17:00:00+00:00,z4,17,-0.9659258262890683,-0.25881904510252063,5,1,0,300,350.0,0,0,30.0,34.2,0.0,77
2026-06-27T18:00:00+00:00,z1,18,-1.0,-1.8369701987210297e-16,5,1,0,400,500.0,0,0,99.0,35.2,0.0,289
2026-06-27T18:00:00+00:00,z2,18,-1.0,-1.8369701987210297e-16,5,1,0,600,450.0,0,0,1.0,35.2,0.0,388
2026-06-27T18:00:00+00:00,z3,18,-1.0,-1.8369701987210297e-16,5,1,0,900,1200.0,0,0,4.0,35.2,0.0,815
2026-06-27T18:00:00+00:00,z4,18,-1.0,-1.8369701987210297e-16,5,1,0,300,350.0,0,0,29.0,35.2,0.0,62
2026-06-27T19:00:00+00:00,z1,19,-0.9659258262890684,0.2588190451025203,5,1,0,400,500.0,0,0,99.0,32.1,0.0,256
2026-06-27T19:00:00+00:00,z2,19,-0.9659258262890684,0.2588190451025203,5,1,0,600,450.0,562,1,54.0,32.1,0.0,474
2026-06-27T19:00:00+00:00,z3,19,-0.9659258262890684,0.2588190451025203,5,1,0,900,1200.0,0,0,3.0,32.1,0.0,899
2026-06-27T19:00:00+00:00,z4,19,-0.9659258262890684,0.2588190451025203,5,1,0,300,350.0,0,0,28.0,32.1,0.0,230
2026-06-27T20:00:00+00:00,z1,20,-0.8660254037844386,0.5000000000000001,5,1,0,400,500.0,0,0,99.0,29.7,0.0,118
2026-06-27T20:00:00+00:00,z2,20,-0.8660254037844386,0.5000000000000001,5,1,0,600,450.0,562,1,53.0,29.7,0.0,475
2026-06-27T20:00:00+00:00,z3,20,-0.8660254037844386,0.5000000000000001,5,1,0,900,1200.0,0,0,2.0,29.7,0.0,821
2026-06-27T20:00:00+00:00,z4,20,-0.8660254037844386,0.5000000000000001,5,1,0,300,350.0,0,0,27.0,29.7,0.0,286
2026-06-27T21:00:00+00:00,z1,21,-0.7071067811865477,0.7071067811865474,5,1,0,400,500.0,0,0,99.0,28.4,0.0,104
2026-06-27T21:00:00+00:00,z2,21,-0.7071067811865477,0.7071067811865474,5,1,0,600,450.0,562,1,52.0,28.4,0.0,444
2026-06-27T21:00:00+00:00,z3,21,-0.7071067811865477,0.7071067811865474,5,1,0,900,1200.0,0,0,1.0,28.4,0.0,873
2026-06-27T21:00:00+00:00,z4,21,-0.7071067811865477,0.7071067811865474,5,1,0,300,350.0,0,0,26.0,28.4,0.0,251
2026-06-27T22:00:00+00:00,z1,22,-0.5000000000000004,0.8660254037844384,5,1,0,400,500.0,0,0,99.0,27.7,0.0,113
2026-06-27T22:00:00+00:00,z2,22,-0.5000000000000004,0.8660254037844384,5,1,0,600,450.0,0,0,51.0,27.7,0.0,79
2026-06-27T22:00:00+00:00,z3,22,-0.5000000000000004,0.8660254037844384,5,1,0,900,1200.0,1438,1,10.0,27.7,0.0,1188
2026-06-27T22:00:00+00:00,z4,22,-0.5000000000000004,0.8660254037844384,5,1,0,300,350.0,0,0,25.0,27.7,0.0,13
2026-06-27T23:00:00+00:00,z1,23,-0.25881904510252157,0.9659258262890681,5,1,0,400,500.0,0,0,99.0,24.3,8.6,45
2026-06-27T23:00:00+00:00,z2,23,-0.25881904510252157,0.9659258262890681,5,1,0,600,450.0,0,0,50.0,24.3,8.6,66
2026-06-27T23:00:00+00:00,z3,23,-0.25881904510252157,0.9659258262890681,5,1,0,900,1200.0,1438,1,9.0,24.3,8.6,360
2026-06-27T23:00:00+00:00,z4,23,-0.25881904510252157,0.9659258262890681,5,1,0,300,350.0,0,0,24.0,24.3,8.6,7
2026-06-28T00:00:00+00:00,z1,0,0.0,1.0,6,1,0,400,500.0,0,0,99.0,22.5,0.0,19
2026-06-28T00:00:00+00:00,z2,0,0.0,1.0,6,1,0,600,450.0,0,0,49.0,22.5,0.0,91
2026-06-28T00:00:00+00:00,z3,0,0.0,1.0,6,1,0,900,1200.0,1438,1,8.0,22.5,0.0,616
2026-06-28T00:00:00+00:00,z4,0,0.0,1.0,6,1,0,300,350.0,0,0,23.0,22.5,0.0,0
2026-06-28T01:00:00+00:00,z1,1,0.25881904510252074,0.9659258262890683,6,1,0,400,500.0,0,0,99.0,20.7,0.0,7
2026-06-28T01:00:00+00:00,z2,1,0.25881904510252074,0.9659258262890683,6,1,0,600,450.0,0,0,48.0,20.7,0.0,27
2026-06-28T01:00:00+00:00,z3,1,0.25881904510252074,0.9659258262890683,6,1,0,900,1200.0,1438,1,7.0,20.7,0.0,555
2026-06-28T01:00:00+00:00,z4,1,0.25881904510252074,0.9659258262890683,6,1,0,300,350.0,0,0,22.0,20.7,0.0,4
2026-06-28T02:00:00+00:00,z1,2,0.49999999999999994,0.8660254037844387,6,1,0,400,500.0,0,0,99.0,18.8,0.0,0
2026-06-28T02:00:00+00:00,z2,2,0.49999999999999994,0.8660254037844387,6,1,0,600,450.0,0,0,47.0,18.8,0.0,24
2026-06-28T02:00:00+00:00,z3,2,0.49999999999999994,0.8660254037844387,6,1,0,900,1200.0,0,0,6.0,18.8,0.0,25
2026-06-28T02:00:00+00:00,z4,2,0.49999999999999994,0.8660254037844387,6,1,0,300,350.0,0,0,21.0,18.8,0.0,0
2026-06-28T03:00:00+00:00,z1,3,0.7071067811865476,0.7071067811865476,6,1,0,400,500.0,0,0,99.0,19.0,0.0,12
2026-06-28T03:00:00+00:00,z2,3,0.7071067811865476,0.7071067811865476,6,1,0,600,450.0,0,0,46.0,19.0,0.0,25
2026-06-28T03:00:00+00:00,z3,3,0.7071067811865476,0.7071067811865476,6,1,0,900,1200.0,0,0,5.0,19.0,0.0,2
2026-06-28T03:00:00+00:00,z4,3,0.7071067811865476,0.7071067811865476,6,1,0,300,350.0,0,0,20.0,19.0,0.0,0
2026-06-28T04:00:00+00:00,z1,4,0.8660254037844386,0.5000000000000001,6,1,0,400,500.0,0,0,99.0,19.5,0.0,25
2026-06-28T04:00:00+00:00,z2,4,0.8660254037844386,0.5000000000000001,6,1,0,600,450.0,0,0,45.0,19.5,0.0,47
2026-06-28T04:00:00+00:00,z3,4,0.8660254037844386,0.5000000000000001,6,1,0,900,1200.0,0,0,4.0,19.5,0.0,38
2026-06-28T04:00:00+00:00,z4,4,0.8660254037844386,0.5000000000000001,6,1,0,300,350.0,0,0,19.0,19.5,0.0,4
2026-06-28T05:00:00+00:00,z1,5,0.9659258262890683,0.25881904510252074,6,1,0,400,500.0,0,0,99.0,19.6,0.0,11
2026-06-28T05:00:00+00:00,z2,5,0.9659258262890683,0.25881904510252074,6,1,0,600,450.0,0,0,44.0,19.6,0.0,27
2026-06-28T05:00:00+00:00,z3,5,0.9659258262890683,0.25881904510252074,6,1,0,900,1200.0,0,0,3.0,19.6,0.0,41
2026-06-28T05:00:00+00:00,z4,5,0.9659258262890683,0.25881904510252074,6,1,0,300,350.0,0,0,18.0,19.6,0.0,16
2026-06-28T06:00:00+00:00,z1,6,1.0,6.123233995736766e-17,6,1,0,400,500.0,0,0,99.0,22.9,0.0,11
2026-06-28T06:00:00+00:00,z2,6,1.0,6.123233995736766e-17,6,1,0,600,450.0,0,0,43.0,22.9,0.0,91
2026-06-28T06:00:00+00:00,z3,6,1.0,6.123233995736766e-17,6,1,0,900,1200.0,0,0,2.0,22.9,0.0,102
2026-06-28T06:00:00+00:00,z4,6,1.0,6.123233995736766e-17,6,1,0,300,350.0,0,0,17.0,22.9,0.0,28
2026-06-28T07:00:00+00:00,z1,7,0.9659258262890683,-0.25881904510252063,6,1,0,400,500.0,0,0,99.0,22.8,0.0,28
2026-06-28T07:00:00+00:00,z2,7,0.9659258262890683,-0.25881904510252063,6,1,0,600,450.0,0,0,42.0,22.8,0.0,104
2026-06-28T07:00:00+00:00,z3,7,0.9659258262890683,-0.25881904510252063,6,1,0,900,1200.0,0,0,1.0,22.8,0.0,192
2026-06-28T07:00:00+00:00,z4,7,0.9659258262890683,-0.25881904510252063,6,1,0,300,350.0,0,0,16.0,22.8,0.0,28
2026-06-28T08:00:00+00:00,z1,8,0.8660254037844387,-0.4999999999999998,6,1,0,400,500.0,0,0,99.0,26.9,0.0,25
2026-06-28T08:00:00+00:00,z2,8,0.8660254037844387,-0.4999999999999998,6,1,0,600,450.0,0,0,41.0,26.9,0.0,75
2026-06-28T08:00:00+00:00,z3,8,0.8660254037844387,-0.4999999999999998,6,1,0,900,1200.0,1452,1,15.0,26.9,0.0,636
2026-06-28T08:00:00+00:00,z4,8,0.8660254037844387,-0.4999999999999998,6,1,0,300,350.0,0,0,15.0,26.9,0.0,21
2026-06-28T09:00:00+00:00,z1,9,0.7071067811865476,-0.7071067811865475,6,1,0,400,500.0,0,0,99.0,29.5,0.0,255
2026-06-28T09:00:00+00:00,z2,9,0.7071067811865476,-0.7071067811865475,6,1,0,600,450.0,0,0,40.0,29.5,0.0,81
2026-06-28T09:00:00+00:00,z3,9,0.7071067811865476,-0.7071067811865475,6,1,0,900,1200.0,1452,1,14.0,29.5,0.0,606
2026-06-28T09:00:00+00:00,z4,9,0.7071067811865476,-0.7071067811865475,6,1,0,300,350.0,0,0,14.0,29.5,0.0,19
2026-06-28T10:00:00+00:00,z1,10,0.49999999999999994,-0.8660254037844387,6,1,0,400,500.0,0,0,99.0,30.1,0.0,281
2026-06-28T10:00:00+00:00,z2,10,0.49999999999999994,-0.8660254037844387,6,1,0,600,450.0,0,0,39.0,30.1,0.0,96
2026-06-28T10:00:00+00:00,z3,10,0.49999999999999994,-0.8660254037844387,6,1,0,900,1200.0,1452,1,13.0,30.1,0.0,644
2026-06-28T10:00:00+00:00,z4,10,0.49999999999999994,-0.8660254037844387,6,1,0,300,350.0,0,0,13.0,30.1,0.0,25
2026-06-28T11:00:00+00:00,z1,11,0.258819045102521,-0.9659258262890682,6,1,0,400,500.0,0,0,99.0,31.2,0.0,298
2026-06-28T11:00:00+00:00,z2,11,0.258819045102521,-0.9659258262890682,6,1,0,600,450.0,0,0,38.0,31.2,0.0,107
2026-06-28T11:00:00+00:00,z3,11,0.258819045102521,-0.9659258262890682,6,1,0,900,1200.0,1452,1,12.0,31.2,0.0,853
2026-06-28T11:00:00+00:00,z4,11,0.258819045102521,-0.9659258262890682,6,1,0,300,350.0,0,0,12.0,31.2,0.0,19
2026-06-28T12:00:00+00:00,z1,12,1.2246467991473532e-16,-1.0,6,1,0,400,500.0,0,0,99.0,35.1,0.0,330
2026-06-28T12:00:00+00:00,z2,12,1.2246467991473532e-16,-1.0,6,1,0,600,450.0,0,0,37.0,35.1,0.0,236
2026-06-28T12:00:00+00:00,z3,12,1.2246467991473532e-16,-1.0,6,1,0,900,1200.0,1452,1,11.0,35.1,0.0,848
2026-06-28T12:00:00+00:00,z4,12,1.2246467991473532e-16,-1.0,6,1,0,300,350.0,0,0,11.0,35.1,0.0,219
2026-06-28T13:00:00+00:00,z1,13,-0.2588190451025208,-0.9659258262890683,6,1,0,400,500.0,0,0,99.0,33.7,0.0,304
2026-06-28T13:00:00+00:00,z2,13,-0.2588190451025208,-0.9659258262890683,6,1,0,600,450.0,0,0,36.0,33.7,0.0,246
2026-06-28T13:00:00+00:00,z3,13,-0.2588190451025208,-0.9659258262890683,6,1,0,900,1200.0,0,0,10.0,33.7,0.0,425
2026-06-28T13:00:00+00:00,z4,13,-0.2588190451025208,-0.9659258262890683,6,1,0,300,350.0,0,0,10.0,33.7,0.0,242
2026-06-28T14:00:00+00:00,z1,14,-0.4999999999999997,-0.8660254037844388,6,1,0,400,500.0,0,0,99.0,34.7,0.0,320
2026-06-28T14:00:00+00:00,z2,14,-0.4999999999999997,-0.8660254037844388,6,1,0,600,450.0,0,0,35.0,34.7,0.0,295
2026-06-28T14:00:00+00:00,z3,14,-0.4999999999999997,-0.8660254037844388,6,1,0,900,1200.0,0,0,9.0,34.7,0.0,418
2026-06-28T14:00:00+00:00,z4,14,-0.4999999999999997,-0.8660254037844388,6,1,0,300,350.0,0,0,9.0,34.7,0.0,239
2026-06-28T15:00:00+00:00,z1,15,-0.7071067811865471,-0.7071067811865479,6,1,0,400,500.0,0,0,99.0,36.8,0.0,323
2026-06-28T15:00:00+00:00,z2,15,-0.7071067811865471,-0.7071067811865479,6,1,0,600,450.0,0,0,34.0,36.8,0.0,311
2026-06-28T15:00:00+00:00,z3,15,-0.7071067811865471,-0.7071067811865479,6,1,0,900,1200.0,0,0,8.0,36.8,0.0,416
2026-06-28T15:00:00+00:00,z4,15,-0.7071067811865471,-0.7071067811865479,6,1,0,300,350.0,0,0,8.0,36.8,0.0,80
2026-06-28T16:00:00+00:00,z1,16,-0.8660254037844385,-0.5000000000000004,6,1,0,400,500.0,0,0,99.0,36.3,0.0,295
2026-06-28T16:00:00+00:00,z2,16,-0.8660254037844385,-0.5000000000000004,6,1,0,600,450.0,0,0,33.0,36.3,0.0,315
2026-06-28T16:00:00+00:00,z3,16,-0.8660254037844385,-0.5000000000000004,6,1,0,900,1200.0,0,0,7.0,36.3,0.0,725
2026-06-28T16:00:00+00:00,z4,16,-0.8660254037844385,-0.5000000000000004,6,1,0,300,350.0,0,0,7.0,36.3,0.0,66
2026-06-28T17:00:00+00:00,z1,17,-0.9659258262890683,-0.25881904510252063,6,1,0,400,500.0,0,0,99.0,34.4,0.0,281
2026-06-28T17:00:00+00:00,z2,17,-0.9659258262890683,-0.25881904510252063,6,1,0,600,450.0,0,0,32.0,34.4,0.0,283
2026-06-28T17:00:00+00:00,z3,17,-0.9659258262890683,-0.25881904510252063,6,1,0,900,1200.0,0,0,6.0,34.4,0.0,790
2026-06-28T17:00:00+00:00,z4,17,-0.9659258262890683,-0.25881904510252063,6,1,0,300,350.0,0,0,6.0,34.4,0.0,56
2026-06-28T18:00:00+00:00,z1,18,-1.0,-1.8369701987210297e-16,6,1,0,400,500.0,0,0,99.0,35.1,0.0,284
2026-06-28T18:00:00+00:00,z2,18,-1.0,-1.8369701987210297e-16,6,1,0,600,450.0,0,0,31.0,35.1,0.0,267
2026-06-28T18:00:00+00:00,z3,18,-1.0,-1.8369701987210297e-16,6,1,0,900,1200.0,0,0,5.0,35.1,0.0,836
2026-06-28T18:00:00+00:00,z4,18,-1.0,-1.8369701987210297e-16,6,1,0,300,350.0,0,0,5.0,35.1,0.0,57
2026-06-28T19:00:00+00:00,z1,19,-0.9659258262890684,0.2588190451025203,6,1,0,400,500.0,0,0,99.0,30.7,0.0,267
2026-06-28T19:00:00+00:00,z2,19,-0.9659258262890684,0.2588190451025203,6,1,0,600,450.0,0,0,30.0,30.7,0.0,290
2026-06-28T19:00:00+00:00,z3,19,-0.9659258262890684,0.2588190451025203,6,1,0,900,1200.0,0,0,4.0,30.7,0.0,809
2026-06-28T19:00:00+00:00,z4,19,-0.9659258262890684,0.2588190451025203,6,1,0,300,350.0,0,0,4.0,30.7,0.0,245
2026-06-28T20:00:00+00:00,z1,20,-0.8660254037844386,0.5000000000000001,6,1,0,400,500.0,0,0,99.0,31.1,0.0,103
2026-06-28T20:00:00+00:00,z2,20,-0.8660254037844386,0.5000000000000001,6,1,0,600,450.0,0,0,29.0,31.1,0.0,251
2026-06-28T20:00:00+00:00,z3,20,-0.8660254037844386,0.5000000000000001,6,1,0,900,1200.0,0,0,3.0,31.1,0.0,786
2026-06-28T20:00:00+00:00,z4,20,-0.8660254037844386,0.5000000000000001,6,1,0,300,350.0,0,0,3.0,31.1,0.0,252
2026-06-28T21:00:00+00:00,z1,21,-0.7071067811865477,0.7071067811865474,6,1,0,400,500.0,0,0,99.0,27.1,0.0,104
2026-06-28T21:00:00+00:00,z2,21,-0.7071067811865477,0.7071067811865474,6,1,0,600,450.0,0,0,28.0,27.1,0.0,212
2026-06-28T21:00:00+00:00,z3,21,-0.7071067811865477,0.7071067811865474,6,1,0,900,1200.0,0,0,2.0,27.1,0.0,777
2026-06-28T21:00:00+00:00,z4,21,-0.7071067811865477,0.7071067811865474,6,1,0,300,350.0,0,0,2.0,27.1,0.0,238
2026-06-28T22:00:00+00:00,z1,22,-0.5000000000000004,0.8660254037844384,6,1,0,400,500.0,0,0,99.0,24.6,0.0,108
2026-06-28T22:00:00+00:00,z2,22,-0.5000000000000004,0.8660254037844384,6,1,0,600,450.0,0,0,27.0,24.6,0.0,85
2026-06-28T22:00:00+00:00,z3,22,-0.5000000000000004,0.8660254037844384,6,1,0,900,1200.0,0,0,1.0,24.6,0.0,811
2026-06-28T22:00:00+00:00,z4,22,-0.5000000000000004,0.8660254037844384,6,1,0,300,350.0,0,0,1.0,24.6,0.0,122
2026-06-28T23:00:00+00:00,z1,23,-0.25881904510252157,0.9659258262890681,6,1,0,400,500.0,0,0,99.0,25.9,0.0,104
2026-06-28T23:00:00+00:00,z2,23,-0.25881904510252157,0.9659258262890681,6,1,0,600,450.0,0,0,26.0,25.9,0.0,96
2026-06-28T23:00:00+00:00,z3,23,-0.25881904510252157,0.9659258262890681,6,1,0,900,1200.0,1200,1,99.0,25.9,0.0,523
2026-06-28T23:00:00+00:00,z4,23,-0.25881904510252157,0.9659258262890681,6,1,0,300,350.0,1348,1,15.0,25.9,0.0,241
2026-06-29T00:00:00+00:00,z1,0,0.0,1.0,0,0,0,400,500.0,0,0,99.0,22.9,0.0,29
2026-06-29T00:00:00+00:00,z2,0,0.0,1.0,0,0,0,600,450.0,0,0,25.0,22.9,0.0,101
2026-06-29T00:00:00+00:00,z3,0,0.0,1.0,0,0,0,900,1200.0,1200,1,99.0,22.9,0.0,465
2026-06-29T00:00:00+00:00,z4,0,0.0,1.0,0,0,0,300,350.0,1348,1,14.0,22.9,0.0,253
2026-06-29T01:00:00+00:00,z1,1,0.25881904510252074,0.9659258262890683,0,0,0,400,500.0,0,0,99.0,20.1,0.0,8
2026-06-29T01:00:00+00:00,z2,1,0.25881904510252074,0.9659258262890683,0,0,0,600,450.0,0,0,24.0,20.1,0.0,24
2026-06-29T01:00:00+00:00,z3,1,0.25881904510252074,0.9659258262890683,0,0,0,900,1200.0,0,0,99.0,20.1,0.0,48
2026-06-29T01:00:00+00:00,z4,1,0.25881904510252074,0.9659258262890683,0,0,0,300,350.0,1348,1,13.0,20.1,0.0,259
2026-06-29T02:00:00+00:00,z1,2,0.49999999999999994,0.8660254037844387,0,0,0,400,500.0,0,0,99.0,21.9,0.0,28
2026-06-29T02:00:00+00:00,z2,2,0.49999999999999994,0.8660254037844387,0,0,0,600,450.0,0,0,23.0,21.9,0.0,0
2026-06-29T02:00:00+00:00,z3,2,0.49999999999999994,0.8660254037844387,0,0,0,900,1200.0,0,0,99.0,21.9,0.0,42
2026-06-29T02:00:00+00:00,z4,2,0.49999999999999994,0.8660254037844387,0,0,0,300,350.0,1348,1,12.0,21.9,0.0,265
2026-06-29T03:00:00+00:00,z1,3,0.7071067811865476,0.7071067811865476,0,0,0,400,500.0,0,0,99.0,19.2,0.0,20
2026-06-29T03:00:00+00:00,z2,3,0.7071067811865476,0.7071067811865476,0,0,0,600,450.0,0,0,22.0,19.2,0.0,39
2026-06-29T03:00:00+00:00,z3,3,0.7071067811865476,0.7071067811865476,0,0,0,900,1200.0,0,0,99.0,19.2,0.0,82
2026-06-29T03:00:00+00:00,z4,3,0.7071067811865476,0.7071067811865476,0,0,0,300,350.0,1348,1,11.0,19.2,0.0,258
2026-06-29T04:00:00+00:00,z1,4,0.8660254037844386,0.5000000000000001,0,0,0,400,500.0,0,0,99.0,19.3,0.0,19
2026-06-29T04:00:00+00:00,z2,4,0.8660254037844386,0.5000000000000001,0,0,0,600,450.0,0,0,21.0,19.3,0.0,46
2026-06-29T04:00:00+00:00,z3,4,0.8660254037844386,0.5000000000000001,0,0,0,900,1200.0,0,0,99.0,19.3,0.0,33
2026-06-29T04:00:00+00:00,z4,4,0.8660254037844386,0.5000000000000001,0,0,0,300,350.0,0,0,10.0,19.3,0.0,7
2026-06-29T05:00:00+00:00,z1,5,0.9659258262890683,0.25881904510252074,0,0,0,400,500.0,0,0,99.0,21.1,0.0,14
2026-06-29T05:00:00+00:00,z2,5,0.9659258262890683,0.25881904510252074,0,0,0,600,450.0,0,0,20.0,21.1,0.0,47
2026-06-29T05:00:00+00:00,z3,5,0.9659258262890683,0.25881904510252074,0,0,0,900,1200.0,0,0,99.0,21.1,0.0,13
2026-06-29T05:00:00+00:00,z4,5,0.9659258262890683,0.25881904510252074,0,0,0,300,350.0,0,0,9.0,21.1,0.0,25
2026-06-29T06:00:00+00:00,z1,6,1.0,6.123233995736766e-17,0,0,0,400,500.0,0,0,99.0,21.5,3.5,17
2026-06-29T06:00:00+00:00,z2,6,1.0,6.123233995736766e-17,0,0,0,600,450.0,0,0,19.0,21.5,3.5,42
2026-06-29T06:00:00+00:00,z3,6,1.0,6.123233995736766e-17,0,0,0,900,1200.0,0,0,99.0,21.5,3.5,50
2026-06-29T06:00:00+00:00,z4,6,1.0,6.123233995736766e-17,0,0,0,300,350.0,0,0,8.0,21.5,3.5,0
2026-06-29T07:00:00+00:00,z1,7,0.9659258262890683,-0.25881904510252063,0,0,0,400,500.0,0,0,99.0,26.0,0.0,28
2026-06-29T07:00:00+00:00,z2,7,0.9659258262890683,-0.25881904510252063,0,0,0,600,450.0,0,0,18.0,26.0,0.0,106
2026-06-29T07:00:00+00:00,z3,7,0.9659258262890683,-0.25881904510252063,0,0,0,900,1200.0,0,0,99.0,26.0,0.0,56
2026-06-29T07:00:00+00:00,z4,7,0.9659258262890683,-0.25881904510252063,0,0,0,300,350.0,0,0,7.0,26.0,0.0,16
2026-06-29T08:00:00+00:00,z1,8,0.8660254037844387,-0.4999999999999998,0,0,0,400,500.0,0,0,99.0,27.4,0.0,43
2026-06-29T08:00:00+00:00,z2,8,0.8660254037844387,-0.4999999999999998,0,0,0,600,450.0,0,0,17.0,27.4,0.0,411
2026-06-29T08:00:00+00:00,z3,8,0.8660254037844387,-0.4999999999999998,0,0,0,900,1200.0,0,0,99.0,27.4,0.0,43
2026-06-29T08:00:00+00:00,z4,8,0.8660254037844387,-0.4999999999999998,0,0,0,300,350.0,0,0,6.0,27.4,0.0,28
2026-06-29T09:00:00+00:00,z1,9,0.7071067811865476,-0.7071067811865475,0,0,0,400,500.0,0,0,99.0,28.8,0.0,224
2026-06-29T09:00:00+00:00,z2,9,0.7071067811865476,-0.7071067811865475,0,0,0,600,450.0,0,0,16.0,28.8,0.0,510
2026-06-29T09:00:00+00:00,z3,9,0.7071067811865476,-0.7071067811865475,0,0,0,900,1200.0,0,0,99.0,28.8,0.0,99
2026-06-29T09:00:00+00:00,z4,9,0.7071067811865476,-0.7071067811865475,0,0,0,300,350.0,0,0,5.0,28.8,0.0,27
2026-06-29T10:00:00+00:00,z1,10,0.49999999999999994,-0.8660254037844387,0,0,0,400,500.0,0,0,99.0,29.3,0.0,210
2026-06-29T10:00:00+00:00,z2,10,0.49999999999999994,-0.8660254037844387,0,0,0,600,450.0,0,0,15.0,29.3,0.0,411
2026-06-29T10:00:00+00:00,z3,10,0.49999999999999994,-0.8660254037844387,0,0,0,900,1200.0,0,0,99.0,29.3,0.0,105
2026-06-29T10:00:00+00:00,z4,10,0.49999999999999994,-0.8660254037844387,0,0,0,300,350.0,0,0,4.0,29.3,0.0,30
2026-06-29T11:00:00+00:00,z1,11,0.258819045102521,-0.9659258262890682,0,0,0,400,500.0,0,0,99.0,33.1,0.0,242
2026-06-29T11:00:00+00:00,z2,11,0.258819045102521,-0.9659258262890682,0,0,0,600,450.0,0,0,14.0,33.1,0.0,212
2026-06-29T11:00:00+00:00,z3,11,0.258819045102521,-0.9659258262890682,0,0,0,900,1200.0,0,0,99.0,33.1,0.0,126
2026-06-29T11:00:00+00:00,z4,11,0.258819045102521,-0.9659258262890682,0,0,0,300,350.0,0,0,3.0,33.1,0.0,10
2026-06-29T12:00:00+00:00,z1,12,1.2246467991473532e-16,-1.0,0,0,0,400,500.0,0,0,99.0,34.9,0.0,245
2026-06-29T12:00:00+00:00,z2,12,1.2246467991473532e-16,-1.0,0,0,0,600,450.0,0,0,13.0,34.9,0.0,226
2026-06-29T12:00:00+00:00,z3,12,1.2246467991473532e-16,-1.0,0,0,0,900,1200.0,0,0,99.0,34.9,0.0,283
2026-06-29T12:00:00+00:00,z4,12,1.2246467991473532e-16,-1.0,0,0,0,300,350.0,0,0,2.0,34.9,0.0,233
2026-06-29T13:00:00+00:00,z1,13,-0.2588190451025208,-0.9659258262890683,0,0,0,400,500.0,0,0,99.0,35.8,0.0,262
2026-06-29T13:00:00+00:00,z2,13,-0.2588190451025208,-0.9659258262890683,0,0,0,600,450.0,0,0,12.0,35.8,0.0,248
2026-06-29T13:00:00+00:00,z3,13,-0.2588190451025208,-0.9659258262890683,0,0,0,900,1200.0,0,0,99.0,35.8,0.0,205
2026-06-29T13:00:00+00:00,z4,13,-0.2588190451025208,-0.9659258262890683,0,0,0,300,350.0,0,0,1.0,35.8,0.0,360
2026-06-29T14:00:00+00:00,z1,14,-0.4999999999999997,-0.8660254037844388,0,0,0,400,500.0,0,0,99.0,35.4,0.0,230
2026-06-29T14:00:00+00:00,z2,14,-0.4999999999999997,-0.8660254037844388,0,0,0,600,450.0,0,0,11.0,35.4,0.0,177
2026-06-29T14:00:00+00:00,z3,14,-0.4999999999999997,-0.8660254037844388,0,0,0,900,1200.0,0,0,99.0,35.4,0.0,250
2026-06-29T14:00:00+00:00,z4,14,-0.4999999999999997,-0.8660254037844388,0,0,0,300,350.0,633,1,75.0,35.4,0.0,436
2026-06-29T15:00:00+00:00,z1,15,-0.7071067811865471,-0.7071067811865479,0,0,0,400,500.0,0,0,99.0,36.3,0.0,262
2026-06-29T15:00:00+00:00,z2,15,-0.7071067811865471,-0.7071067811865479,0,0,0,600,450.0,0,0,10.0,36.3,0.0,220
2026-06-29T15:00:00+00:00,z3,15,-0.7071067811865471,-0.7071067811865479,0,0,0,900,1200.0,0,0,99.0,36.3,0.0,247
2026-06-29T15:00:00+00:00,z4,15,-0.7071067811865471,-0.7071067811865479,0,0,0,300,350.0,633,1,74.0,36.3,0.0,309
2026-06-29T16:00:00+00:00,z1,16,-0.8660254037844385,-0.5000000000000004,0,0,0,400,500.0,0,0,99.0,36.9,0.0,243
2026-06-29T16:00:00+00:00,z2,16,-0.8660254037844385,-0.5000000000000004,0,0,0,600,450.0,0,0,9.0,36.9,0.0,218
2026-06-29T16:00:00+00:00,z3,16,-0.8660254037844385,-0.5000000000000004,0,0,0,900,1200.0,0,0,99.0,36.9,0.0,224
2026-06-29T16:00:00+00:00,z4,16,-0.8660254037844385,-0.5000000000000004,0,0,0,300,350.0,633,1,73.0,36.9,0.0,298
2026-06-29T17:00:00+00:00,z1,17,-0.9659258262890683,-0.25881904510252063,0,0,0,400,500.0,0,0,99.0,36.3,0.0,238
2026-06-29T17:00:00+00:00,z2,17,-0.9659258262890683,-0.25881904510252063,0,0,0,600,450.0,0,0,8.0,36.3,0.0,436
2026-06-29T17:00:00+00:00,z3,17,-0.9659258262890683,-0.25881904510252063,0,0,0,900,1200.0,0,0,99.0,36.3,0.0,464
2026-06-29T17:00:00+00:00,z4,17,-0.9659258262890683,-0.25881904510252063,0,0,0,300,350.0,633,1,72.0,36.3,0.0,292
2026-06-29T18:00:00+00:00,z1,18,-1.0,-1.8369701987210297e-16,0,0,0,400,500.0,0,0,98.0,32.0,0.0,226
2026-06-29T18:00:00+00:00,z2,18,-1.0,-1.8369701987210297e-16,0,0,0,600,450.0,0,0,7.0,32.0,0.0,513
2026-06-29T18:00:00+00:00,z3,18,-1.0,-1.8369701987210297e-16,0,0,0,900,1200.0,0,0,99.0,32.0,0.0,583
2026-06-29T18:00:00+00:00,z4,18,-1.0,-1.8369701987210297e-16,0,0,0,300,350.0,0,0,71.0,32.0,0.0,61
2026-06-29T19:00:00+00:00,z1,19,-0.9659258262890684,0.2588190451025203,0,0,0,400,500.0,0,0,97.0,33.2,0.0,203
2026-06-29T19:00:00+00:00,z2,19,-0.9659258262890684,0.2588190451025203,0,0,0,600,450.0,0,0,6.0,33.2,0.0,543
2026-06-29T19:00:00+00:00,z3,19,-0.9659258262890684,0.2588190451025203,0,0,0,900,1200.0,0,0,99.0,33.2,0.0,584
2026-06-29T19:00:00+00:00,z4,19,-0.9659258262890684,0.2588190451025203,0,0,0,300,350.0,0,0,70.0,33.2,0.0,244
2026-06-29T20:00:00+00:00,z1,20,-0.8660254037844386,0.5000000000000001,0,0,0,400,500.0,0,0,96.0,28.8,0.0,94
2026-06-29T20:00:00+00:00,z2,20,-0.8660254037844386,0.5000000000000001,0,0,0,600,450.0,0,0,5.0,28.8,0.0,446
2026-06-29T20:00:00+00:00,z3,20,-0.8660254037844386,0.5000000000000001,0,0,0,900,1200.0,0,0,99.0,28.8,0.0,553
2026-06-29T20:00:00+00:00,z4,20,-0.8660254037844386,0.5000000000000001,0,0,0,300,350.0,0,0,69.0,28.8,0.0,263
2026-06-29T21:00:00+00:00,z1,21,-0.7071067811865477,0.7071067811865474,0,0,0,400,500.0,0,0,95.0,27.3,10.2,53
2026-06-29T21:00:00+00:00,z2,21,-0.7071067811865477,0.7071067811865474,0,0,0,600,450.0,0,0,4.0,27.3,10.2,40
2026-06-29T21:00:00+00:00,z3,21,-0.7071067811865477,0.7071067811865474,0,0,0,900,1200.0,0,0,99.0,27.3,10.2,259
2026-06-29T21:00:00+00:00,z4,21,-0.7071067811865477,0.7071067811865474,0,0,0,300,350.0,0,0,68.0,27.3,10.2,177
2026-06-29T22:00:00+00:00,z1,22,-0.5000000000000004,0.8660254037844384,0,0,0,400,500.0,0,0,94.0,26.9,0.0,97
2026-06-29T22:00:00+00:00,z2,22,-0.5000000000000004,0.8660254037844384,0,0,0,600,450.0,0,0,3.0,26.9,0.0,86
2026-06-29T22:00:00+00:00,z3,22,-0.5000000000000004,0.8660254037844384,0,0,0,900,1200.0,0,0,99.0,26.9,0.0,70
2026-06-29T22:00:00+00:00,z4,22,-0.5000000000000004,0.8660254037844384,0,0,0,300,350.0,0,0,67.0,26.9,0.0,19
2026-06-29T23:00:00+00:00,z1,23,-0.25881904510252157,0.9659258262890681,0,0,0,400,500.0,0,0,93.0,25.2,0.0,110
2026-06-29T23:00:00+00:00,z2,23,-0.25881904510252157,0.9659258262890681,0,0,0,600,450.0,0,0,2.0,25.2,0.0,78
2026-06-29T23:00:00+00:00,z3,23,-0.25881904510252157,0.9659258262890681,0,0,0,900,1200.0,0,0,99.0,25.2,0.0,40
2026-06-29T23:00:00+00:00,z4,23,-0.25881904510252157,0.9659258262890681,0,0,0,300,350.0,0,0,66.0,25.2,0.0,6
2026-06-30T00:00:00+00:00,z1,0,0.0,1.0,1,0,0,400,500.0,0,0,92.0,21.4,0.0,14
2026-06-30T00:00:00+00:00,z2,0,0.0,1.0,1,0,0,600,450.0,0,0,1.0,21.4,0.0,184
2026-06-30T00:00:00+00:00,z3,0,0.0,1.0,1,0,0,900,1200.0,0,0,99.0,21.4,0.0,51
2026-06-30T00:00:00+00:00,z4,0,0.0,1.0,1,0,0,300,350.0,0,0,65.0,21.4,0.0,3
2026-06-30T01:00:00+00:00,z1,1,0.25881904510252074,0.9659258262890683,1,0,0,400,500.0,0,0,91.0,22.5,0.0,13
2026-06-30T01:00:00+00:00,z2,1,0.25881904510252074,0.9659258262890683,1,0,0,600,450.0,837,1,13.0,22.5,0.0,319
2026-06-30T01:00:00+00:00,z3,1,0.25881904510252074,0.9659258262890683,1,0,0,900,1200.0,0,0,99.0,22.5,0.0,60
2026-06-30T01:00:00+00:00,z4,1,0.25881904510252074,0.9659258262890683,1,0,0,300,350.0,0,0,64.0,22.5,0.0,2
2026-06-30T02:00:00+00:00,z1,2,0.49999999999999994,0.8660254037844387,1,0,0,400,500.0,0,0,90.0,21.8,0.0,13
2026-06-30T02:00:00+00:00,z2,2,0.49999999999999994,0.8660254037844387,1,0,0,600,450.0,837,1,12.0,21.8,0.0,295
2026-06-30T02:00:00+00:00,z3,2,0.49999999999999994,0.8660254037844387,1,0,0,900,1200.0,0,0,99.0,21.8,0.0,25
2026-06-30T02:00:00+00:00,z4,2,0.49999999999999994,0.8660254037844387,1,0,0,300,350.0,0,0,63.0,21.8,0.0,0
2026-06-30T03:00:00+00:00,z1,3,0.7071067811865476,0.7071067811865476,1,0,0,400,500.0,0,0,89.0,21.4,0.0,17
2026-06-30T03:00:00+00:00,z2,3,0.7071067811865476,0.7071067811865476,1,0,0,600,450.0,0,0,11.0,21.4,0.0,0
2026-06-30T03:00:00+00:00,z3,3,0.7071067811865476,0.7071067811865476,1,0,0,900,1200.0,0,0,99.0,21.4,0.0,24
2026-06-30T03:00:00+00:00,z4,3,0.7071067811865476,0.7071067811865476,1,0,0,300,350.0,0,0,62.0,21.4,0.0,17
2026-06-30T04:00:00+00:00,z1,4,0.8660254037844386,0.5000000000000001,1,0,0,400,500.0,0,0,88.0,20.1,0.0,19
2026-06-30T04:00:00+00:00,z2,4,0.8660254037844386,0.5000000000000001,1,0,0,600,450.0,0,0,10.0,20.1,0.0,74
2026-06-30T04:00:00+00:00,z3,4,0.8660254037844386,0.5000000000000001,1,0,0,900,1200.0,0,0,99.0,20.1,0.0,41
2026-06-30T04:00:00+00:00,z4,4,0.8660254037844386,0.5000000000000001,1,0,0,300,350.0,0,0,61.0,20.1,0.0,3
2026-06-30T05:00:00+00:00,z1,5,0.9659258262890683,0.25881904510252074,1,0,0,400,500.0,0,0,87.0,19.8,0.0,7
2026-06-30T05:00:00+00:00,z2,5,0.9659258262890683,0.25881904510252074,1,0,0,600,450.0,0,0,9.0,19.8,0.0,0
2026-06-30T05:00:00+00:00,z3,5,0.9659258262890683,0.25881904510252074,1,0,0,900,1200.0,0,0,99.0,19.8,0.0,36
2026-06-30T05:00:00+00:00,z4,5,0.9659258262890683,0.25881904510252074,1,0,0,300,350.0,0,0,60.0,19.8,0.0,0
2026-06-30T06:00:00+00:00,z1,6,1.0,6.123233995736766e-17,1,0,0,400,500.0,0,0,86.0,23.4,0.0,31
2026-06-30T06:00:00+00:00,z2,6,1.0,6.123233995736766e-17,1,0,0,600,450.0,0,0,8.0,23.4,0.0,80
2026-06-30T06:00:00+00:00,z3,6,1.0,6.123233995736766e-17,1,0,0,900,1200.0,0,0,99.0,23.4,0.0,69
2026-06-30T06:00:00+00:00,z4,6,1.0,6.123233995736766e-17,1,0,0,300,350.0,0,0,59.0,23.4,0.0,9
2026-06-30T07:00:00+00:00,z1,7,0.9659258262890683,-0.25881904510252063,1,0,0,400,500.0,0,0,85.0,25.1,16.1,32
2026-06-30T07:00:00+00:00,z2,7,0.9659258262890683,-0.25881904510252063,1,0,0,600,450.0,0,0,7.0,25.1,16.1,62
2026-06-30T07:00:00+00:00,z3,7,0.9659258262890683,-0.25881904510252063,1,0,0,900,1200.0,0,0,98.0,25.1,16.1,89
2026-06-30T07:00:00+00:00,z4,7,0.9659258262890683,-0.25881904510252063,1,0,0,300,350.0,0,0,58.0,25.1,16.1,19
2026-06-30T08:00:00+00:00,z1,8,0.8660254037844387,-0.4999999999999998,1,0,0,400,500.0,0,0,84.0,26.5,0.0,26
2026-06-30T08:00:00+00:00,z2,8,0.8660254037844387,-0.4999999999999998,1,0,0,600,450.0,0,0,6.0,26.5,0.0,427
2026-06-30T08:00:00+00:00,z3,8,0.8660254037844387,-0.4999999999999998,1,0,0,900,1200.0,0,0,97.0,26.5,0.0,83
2026-06-30T08:00:00+00:00,z4,8,0.8660254037844387,-0.4999999999999998,1,0,0,300,350.0,0,0,57.0,26.5,0.0,0
2026-06-30T09:00:00+00:00,z1,9,0.7071067811865476,-0.7071067811865475,1,0,0,400,500.0,0,0,83.0,29.9,0.0,197
2026-06-30T09:00:00+00:00,z2,9,0.7071067811865476,-0.7071067811865475,1,0,0,600,450.0,0,0,5.0,29.9,0.0,525
2026-06-30T09:00:00+00:00,z3,9,0.7071067811865476,-0.7071067811865475,1,0,0,900,1200.0,0,0,96.0,29.9,0.0,71
2026-06-30T09:00:00+00:00,z4,9,0.7071067811865476,-0.7071067811865475,1,0,0,300,350.0,0,0,56.0,29.9,0.0,2
2026-06-30T10:00:00+00:00,z1,10,0.49999999999999994,-0.8660254037844387,1,0,0,400,500.0,0,0,82.0,28.2,0.0,218
2026-06-30T10:00:00+00:00,z2,10,0.49999999999999994,-0.8660254037844387,1,0,0,600,450.0,0,0,4.0,28.2,0.0,451
2026-06-30T10:00:00+00:00,z3,10,0.49999999999999994,-0.8660254037844387,1,0,0,900,1200.0,0,0,95.0,28.2,0.0,106
2026-06-30T10:00:00+00:00,z4,10,0.49999999999999994,-0.8660254037844387,1,0,0,300,350.0,0,0,55.0,28.2,0.0,14
2026-06-30T11:00:00+00:00,z1,11,0.258819045102521,-0.9659258262890682,1,0,0,400,500.0,0,0,81.0,31.5,9.4,141
2026-06-30T11:00:00+00:00,z2,11,0.258819045102521,-0.9659258262890682,1,0,0,600,450.0,0,0,3.0,31.5,9.4,166
2026-06-30T11:00:00+00:00,z3,11,0.258819045102521,-0.9659258262890682,1,0,0,900,1200.0,0,0,94.0,31.5,9.4,0
2026-06-30T11:00:00+00:00,z4,11,0.258819045102521,-0.9659258262890682,1,0,0,300,350.0,0,0,54.0,31.5,9.4,3
2026-06-30T12:00:00+00:00,z1,12,1.2246467991473532e-16,-1.0,1,0,0,400,500.0,0,0,80.0,32.4,0.0,267
2026-06-30T12:00:00+00:00,z2,12,1.2246467991473532e-16,-1.0,1,0,0,600,450.0,0,0,2.0,32.4,0.0,213
2026-06-30T12:00:00+00:00,z3,12,1.2246467991473532e-16,-1.0,1,0,0,900,1200.0,0,0,93.0,32.4,0.0,196
2026-06-30T12:00:00+00:00,z4,12,1.2246467991473532e-16,-1.0,1,0,0,300,350.0,0,0,53.0,32.4,0.0,222
2026-06-30T13:00:00+00:00,z1,13,-0.2588190451025208,-0.9659258262890683,1,0,0,400,500.0,0,0,79.0,35.7,0.0,280
2026-06-30T13:00:00+00:00,z2,13,-0.2588190451025208,-0.9659258262890683,1,0,0,600,450.0,0,0,1.0,35.7,0.0,317
2026-06-30T13:00:00+00:00,z3,13,-0.2588190451025208,-0.9659258262890683,1,0,0,900,1200.0,0,0,92.0,35.7,0.0,274
2026-06-30T13:00:00+00:00,z4,13,-0.2588190451025208,-0.9659258262890683,1,0,0,300,350.0,0,0,52.0,35.7,0.0,254
2026-06-30T14:00:00+00:00,z1,14,-0.4999999999999997,-0.8660254037844388,1,0,0,400,500.0,0,0,78.0,36.1,0.0,264
2026-06-30T14:00:00+00:00,z2,14,-0.4999999999999997,-0.8660254037844388,1,0,0,600,450.0,1146,1,58.0,36.1,0.0,603
2026-06-30T14:00:00+00:00,z3,14,-0.4999999999999997,-0.8660254037844388,1,0,0,900,1200.0,0,0,91.0,36.1,0.0,247
2026-06-30T14:00:00+00:00,z4,14,-0.4999999999999997,-0.8660254037844388,1,0,0,300,350.0,0,0,51.0,36.1,0.0,214
2026-06-30T15:00:00+00:00,z1,15,-0.7071067811865471,-0.7071067811865479,1,0,0,400,500.0,0,0,77.0,35.2,0.0,260
2026-06-30T15:00:00+00:00,z2,15,-0.7071067811865471,-0.7071067811865479,1,0,0,600,450.0,1146,1,57.0,35.2,0.0,597
2026-06-30T15:00:00+00:00,z3,15,-0.7071067811865471,-0.7071067811865479,1,0,0,900,1200.0,0,0,90.0,35.2,0.0,195
2026-06-30T15:00:00+00:00,z4,15,-0.7071067811865471,-0.7071067811865479,1,0,0,300,350.0,0,0,50.0,35.2,0.0,74
2026-06-30T16:00:00+00:00,z1,16,-0.8660254037844385,-0.5000000000000004,1,0,0,400,500.0,0,0,76.0,37.7,0.0,241
2026-06-30T16:00:00+00:00,z2,16,-0.8660254037844385,-0.5000000000000004,1,0,0,600,450.0,1146,1,56.0,37.7,0.0,625
2026-06-30T16:00:00+00:00,z3,16,-0.8660254037844385,-0.5000000000000004,1,0,0,900,1200.0,0,0,89.0,37.7,0.0,198
2026-06-30T16:00:00+00:00,z4,16,-0.8660254037844385,-0.5000000000000004,1,0,0,300,350.0,0,0,49.0,37.7,0.0,72
2026-06-30T17:00:00+00:00,z1,17,-0.9659258262890683,-0.25881904510252063,1,0,0,400,500.0,0,0,75.0,36.7,0.0,222
2026-06-30T17:00:00+00:00,z2,17,-0.9659258262890683,-0.25881904510252063,1,0,0,600,450.0,0,0,55.0,36.7,0.0,454
2026-06-30T17:00:00+00:00,z3,17,-0.9659258262890683,-0.25881904510252063,1,0,0,900,1200.0,0,0,88.0,36.7,0.0,528
2026-06-30T17:00:00+00:00,z4,17,-0.9659258262890683,-0.25881904510252063,1,0,0,300,350.0,0,0,48.0,36.7,0.0,65
2026-06-30T18:00:00+00:00,z1,18,-1.0,-1.8369701987210297e-16,1,0,0,400,500.0,0,0,74.0,32.6,0.0,210
2026-06-30T18:00:00+00:00,z2,18,-1.0,-1.8369701987210297e-16,1,0,0,600,450.0,0,0,54.0,32.6,0.0,524
2026-06-30T18:00:00+00:00,z3,18,-1.0,-1.8369701987210297e-16,1,0,0,900,1200.0,0,0,87.0,32.6,0.0,590
2026-06-30T18:00:00+00:00,z4,18,-1.0,-1.8369701987210297e-16,1,0,0,300,350.0,0,0,47.0,32.6,0.0,65
2026-06-30T19:00:00+00:00,z1,19,-0.9659258262890684,0.2588190451025203,1,0,0,400,500.0,0,0,73.0,32.9,0.0,194
2026-06-30T19:00:00+00:00,z2,19,-0.9659258262890684,0.2588190451025203,1,0,0,600,450.0,0,0,53.0,32.9,0.0,537
2026-06-30T19:00:00+00:00,z3,19,-0.9659258262890684,0.2588190451025203,1,0,0,900,1200.0,0,0,86.0,32.9,0.0,555
2026-06-30T19:00:00+00:00,z4,19,-0.9659258262890684,0.2588190451025203,1,0,0,300,350.0,0,0,46.0,32.9,0.0,246
2026-06-30T20:00:00+00:00,z1,20,-0.8660254037844386,0.5000000000000001,1,0,0,400,500.0,0,0,72.0,28.7,0.0,105
2026-06-30T20:00:00+00:00,z2,20,-0.8660254037844386,0.5000000000000001,1,0,0,600,450.0,0,0,52.0,28.7,0.0,444
2026-06-30T20:00:00+00:00,z3,20,-0.8660254037844386,0.5000000000000001,1,0,0,900,1200.0,0,0,85.0,28.7,0.0,536
2026-06-30T20:00:00+00:00,z4,20,-0.8660254037844386,0.5000000000000001,1,0,0,300,350.0,0,0,45.0,28.7,0.0,262
2026-06-30T21:00:00+00:00,z1,21,-0.7071067811865477,0.7071067811865474,1,0,0,400,500.0,0,0,71.0,28.6,22.2,61
2026-06-30T21:00:00+00:00,z2,21,-0.7071067811865477,0.7071067811865474,1,0,0,600,450.0,0,0,51.0,28.6,22.2,90
2026-06-30T21:00:00+00:00,z3,21,-0.7071067811865477,0.7071067811865474,1,0,0,900,1200.0,0,0,84.0,28.6,22.2,255
2026-06-30T21:00:00+00:00,z4,21,-0.7071067811865477,0.7071067811865474,1,0,0,300,350.0,0,0,44.0,28.6,22.2,184
2026-06-30T22:00:00+00:00,z1,22,-0.5000000000000004,0.8660254037844384,1,0,0,400,500.0,0,0,70.0,25.0,0.0,75
2026-06-30T22:00:00+00:00,z2,22,-0.5000000000000004,0.8660254037844384,1,0,0,600,450.0,0,0,50.0,25.0,0.0,79
2026-06-30T22:00:00+00:00,z3,22,-0.5000000000000004,0.8660254037844384,1,0,0,900,1200.0,0,0,83.0,25.0,0.0,71
2026-06-30T22:00:00+00:00,z4,22,-0.5000000000000004,0.8660254037844384,1,0,0,300,350.0,0,0,43.0,25.0,0.0,7
2026-06-30T23:00:00+00:00,z1,23,-0.25881904510252157,0.9659258262890681,1,0,0,400,500.0,0,0,69.0,22.2,0.0,89
2026-06-30T23:00:00+00:00,z2,23,-0.25881904510252157,0.9659258262890681,1,0,0,600,450.0,0,0,49.0,22.2,0.0,78
2026-06-30T23:00:00+00:00,z3,23,-0.25881904510252157,0.9659258262890681,1,0,0,900,1200.0,0,0,82.0,22.2,0.0,80
2026-06-30T23:00:00+00:00,z4,23,-0.25881904510252157,0.9659258262890681,1,0,0,300,350.0,0,0,42.0,22.2,0.0,13
2026-07-01T00:00:00+00:00,z1,0,0.0,1.0,2,0,0,400,500.0,0,0,68.0,23.0,0.0,0
2026-07-01T00:00:00+00:00,z2,0,0.0,1.0,2,0,0,600,450.0,0,0,48.0,23.0,0.0,52
2026-07-01T00:00:00+00:00,z3,0,0.0,1.0,2,0,0,900,1200.0,0,0,81.0,23.0,0.0,56
2026-07-01T00:00:00+00:00,z4,0,0.0,1.0,2,0,0,300,350.0,0,0,41.0,23.0,0.0,19
2026-07-01T01:00:00+00:00,z1,1,0.25881904510252074,0.9659258262890683,2,0,0,400,500.0,0,0,67.0,19.2,0.0,0
2026-07-01T01:00:00+00:00,z2,1,0.25881904510252074,0.9659258262890683,2,0,0,600,450.0,0,0,47.0,19.2,0.0,10
2026-07-01T01:00:00+00:00,z3,1,0.25881904510252074,0.9659258262890683,2,0,0,900,1200.0,0,0,80.0,19.2,0.0,19
2026-07-01T01:00:00+00:00,z4,1,0.25881904510252074,0.9659258262890683,2,0,0,300,350.0,0,0,40.0,19.2,0.0,23
2026-07-01T02:00:00+00:00,z1,2,0.49999999999999994,0.8660254037844387,2,0,0,400,500.0,0,0,66.0,18.9,0.0,11
2026-07-01T02:00:00+00:00,z2,2,0.49999999999999994,0.8660254037844387,2,0,0,600,450.0,0,0,46.0,18.9,0.0,24
2026-07-01T02:00:00+00:00,z3,2,0.49999999999999994,0.8660254037844387,2,0,0,900,1200.0,0,0,79.0,18.9,0.0,40
2026-07-01T02:00:00+00:00,z4,2,0.49999999999999994,0.8660254037844387,2,0,0,300,350.0,0,0,39.0,18.9,0.0,0
2026-07-01T03:00:00+00:00,z1,3,0.7071067811865476,0.7071067811865476,2,0,0,400,500.0,0,0,65.0,19.1,0.0,19
2026-07-01T03:00:00+00:00,z2,3,0.7071067811865476,0.7071067811865476,2,0,0,600,450.0,0,0,45.0,19.1,0.0,31
2026-07-01T03:00:00+00:00,z3,3,0.7071067811865476,0.7071067811865476,2,0,0,900,1200.0,0,0,78.0,19.1,0.0,35
2026-07-01T03:00:00+00:00,z4,3,0.7071067811865476,0.7071067811865476,2,0,0,300,350.0,0,0,38.0,19.1,0.0,48
2026-07-01T04:00:00+00:00,z1,4,0.8660254037844386,0.5000000000000001,2,0,0,400,500.0,0,0,64.0,18.7,4.4,0
2026-07-01T04:00:00+00:00,z2,4,0.8660254037844386,0.5000000000000001,2,0,0,600,450.0,0,0,44.0,18.7,4.4,43
2026-07-01T04:00:00+00:00,z3,4,0.8660254037844386,0.5000000000000001,2,0,0,900,1200.0,0,0,77.0,18.7,4.4,6
2026-07-01T04:00:00+00:00,z4,4,0.8660254037844386,0.5000000000000001,2,0,0,300,350.0,0,0,37.0,18.7,4.4,11
2026-07-01T05:00:00+00:00,z1,5,0.9659258262890683,0.25881904510252074,2,0,0,400,500.0,0,0,63.0,19.9,0.0,11
2026-07-01T05:00:00+00:00,z2,5,0.9659258262890683,0.25881904510252074,2,0,0,600,450.0,0,0,43.0,19.9,0.0,5
2026-07-01T05:00:00+00:00,z3,5,0.9659258262890683,0.25881904510252074,2,0,0,900,1200.0,0,0,76.0,19.9,0.0,16
2026-07-01T05:00:00+00:00,z4,5,0.9659258262890683,0.25881904510252074,2,0,0,300,350.0,0,0,36.0,19.9,0.0,11
2026-07-01T06:00:00+00:00,z1,6,1.0,6.123233995736766e-17,2,0,0,400,500.0,0,0,62.0,24.1,0.0,2
2026-07-01T06:00:00+00:00,z2,6,1.0,6.123233995736766e-17,2,0,0,600,450.0,0,0,42.0,24.1,0.0,104
2026-07-01T06:00:00+00:00,z3,6,1.0,6.123233995736766e-17,2,0,0,900,1200.0,0,0,75.0,24.1,0.0,61
2026-07-01T06:00:00+00:00,z4,6,1.0,6.123233995736766e-17,2,0,0,300,350.0,0,0,35.0,24.1,0.0,5
2026-07-01T07:00:00+00:00,z1,7,0.9659258262890683,-0.25881904510252063,2,0,0,400,500.0,0,0,61.0,22.0,0.0,15
2026-07-01T07:00:00+00:00,z2,7,0.9659258262890683,-0.25881904510252063,2,0,0,600,450.0,0,0,41.0,22.0,0.0,113
2026-07-01T07:00:00+00:00,z3,7,0.9659258262890683,-0.25881904510252063,2,0,0,900,1200.0,0,0,74.0,22.0,0.0,58
2026-07-01T07:00:00+00:00,z4,7,0.9659258262890683,-0.25881904510252063,2,0,0,300,350.0,0,0,34.0,22.0,0.0,18
2026-07-01T08:00:00+00:00,z1,8,0.8660254037844387,-0.4999999999999998,2,0,0,400,500.0,0,0,60.0,27.6,0.0,11
2026-07-01T08:00:00+00:00,z2,8,0.8660254037844387,-0.4999999999999998,2,0,0,600,450.0,0,0,40.0,27.6,0.0,434
2026-07-01T08:00:00+00:00,z3,8,0.8660254037844387,-0.4999999999999998,2,0,0,900,1200.0,0,0,73.0,27.6,0.0,91
2026-07-01T08:00:00+00:00,z4,8,0.8660254037844387,-0.4999999999999998,2,0,0,300,350.0,0,0,33.0,27.6,0.0,32
2026-07-01T09:00:00+00:00,z1,9,0.7071067811865476,-0.7071067811865475,2,0,0,400,500.0,0,0,59.0,28.7,0.0,198
2026-07-01T09:00:00+00:00,z2,9,0.7071067811865476,-0.7071067811865475,2,0,0,600,450.0,0,0,39.0,28.7,0.0,522
2026-07-01T09:00:00+00:00,z3,9,0.7071067811865476,-0.7071067811865475,2,0,0,900,1200.0,0,0,72.0,28.7,0.0,75
2026-07-01T09:00:00+00:00,z4,9,0.7071067811865476,-0.7071067811865475,2,0,0,300,350.0,0,0,32.0,28.7,0.0,27
2026-07-01T10:00:00+00:00,z1,10,0.49999999999999994,-0.8660254037844387,2,0,0,400,500.0,0,0,58.0,28.4,0.0,210
2026-07-01T10:00:00+00:00,z2,10,0.49999999999999994,-0.8660254037844387,2,0,0,600,450.0,0,0,38.0,28.4,0.0,433
2026-07-01T10:00:00+00:00,z3,10,0.49999999999999994,-0.8660254037844387,2,0,0,900,1200.0,0,0,71.0,28.4,0.0,67
2026-07-01T10:00:00+00:00,z4,10,0.49999999999999994,-0.8660254037844387,2,0,0,300,350.0,0,0,31.0,28.4,0.0,14
2026-07-01T11:00:00+00:00,z1,11,0.258819045102521,-0.9659258262890682,2,0,0,400,500.0,0,0,57.0,32.9,7.9,130
2026-07-01T11:00:00+00:00,z2,11,0.258819045102521,-0.9659258262890682,2,0,0,600,450.0,0,0,37.0,32.9,7.9,150
2026-07-01T11:00:00+00:00,z3,11,0.258819045102521,-0.9659258262890682,2,0,0,900,1200.0,0,0,70.0,32.9,7.9,36
2026-07-01T11:00:00+00:00,z4,11,0.258819045102521,-0.9659258262890682,2,0,0,300,350.0,0,0,30.0,32.9,7.9,13
2026-07-01T12:00:00+00:00,z1,12,1.2246467991473532e-16,-1.0,2,0,0,400,500.0,0,0,56.0,35.6,0.0,267
2026-07-01T12:00:00+00:00,z2,12,1.2246467991473532e-16,-1.0,2,0,0,600,450.0,0,0,36.0,35.6,0.0,226
2026-07-01T12:00:00+00:00,z3,12,1.2246467991473532e-16,-1.0,2,0,0,900,1200.0,0,0,69.0,35.6,0.0,212
2026-07-01T12:00:00+00:00,z4,12,1.2246467991473532e-16,-1.0,2,0,0,300,350.0,0,0,29.0,35.6,0.0,221
2026-07-01T13:00:00+00:00,z1,13,-0.2588190451025208,-0.9659258262890683,2,0,0,400,500.0,0,0,55.0,33.6,8.7,131
2026-07-01T13:00:00+00:00,z2,13,-0.2588190451025208,-0.9659258262890683,2,0,0,600,450.0,0,0,35.0,33.6,8.7,188
2026-07-01T13:00:00+00:00,z3,13,-0.2588190451025208,-0.9659258262890683,2,0,0,900,1200.0,0,0,68.0,33.6,8.7,138
2026-07-01T13:00:00+00:00,z4,13,-0.2588190451025208,-0.9659258262890683,2,0,0,300,350.0,0,0,28.0,33.6,8.7,205
2026-07-01T14:00:00+00:00,z1,14,-0.4999999999999997,-0.8660254037844388,2,0,0,400,500.0,0,0,54.0,36.7,19.4,136
2026-07-01T14:00:00+00:00,z2,14,-0.4999999999999997,-0.8660254037844388,2,0,0,600,450.0,0,0,34.0,36.7,19.4,133
2026-07-01T14:00:00+00:00,z3,14,-0.4999999999999997,-0.8660254037844388,2,0,0,900,1200.0,0,0,67.0,36.7,19.4,97
2026-07-01T14:00:00+00:00,z4,14,-0.4999999999999997,-0.8660254037844388,2,0,0,300,350.0,0,0,27.0,36.7,19.4,165
2026-07-01T15:00:00+00:00,z1,15,-0.7071067811865471,-0.7071067811865479,2,0,0,400,500.0,0,0,53.0,36.7,0.0,269
2026-07-01T15:00:00+00:00,z2,15,-0.7071067811865471,-0.7071067811865479,2,0,0,600,450.0,0,0,33.0,36.7,0.0,193
2026-07-01T15:00:00+00:00,z3,15,-0.7071067811865471,-0.7071067811865479,2,0,0,900,1200.0,0,0,66.0,36.7,0.0,237
2026-07-01T15:00:00+00:00,z4,15,-0.7071067811865471,-0.7071067811865479,2,0,0,300,350.0,0,0,26.0,36.7,0.0,73
2026-07-01T16:00:00+00:00,z1,16,-0.8660254037844385,-0.5000000000000004,2,0,0,400,500.0,0,0,52.0,37.2,20.7,141
2026-07-01T16:00:00+00:00,z2,16,-0.8660254037844385,-0.5000000000000004,2,0,0,600,450.0,0,0,32.0,37.2,20.7,123
2026-07-01T16:00:00+00:00,z3,16,-0.8660254037844385,-0.5000000000000004,2,0,0,900,1200.0,0,0,65.0,37.2,20.7,121
2026-07-01T16:00:00+00:00,z4,16,-0.8660254037844385,-0.5000000000000004,2,0,0,300,350.0,0,0,25.0,37.2,20.7,35
2026-07-01T17:00:00+00:00,z1,17,-0.9659258262890683,-0.25881904510252063,2,0,0,400,500.0,0,0,51.0,34.0,0.0,233
2026-07-01T17:00:00+00:00,z2,17,-0.9659258262890683,-0.25881904510252063,2,0,0,600,450.0,0,0,31.0,34.0,0.0,421
2026-07-01T17:00:00+00:00,z3,17,-0.9659258262890683,-0.25881904510252063,2,0,0,900,1200.0,0,0,64.0,34.0,0.0,528
2026-07-01T17:00:00+00:00,z4,17,-0.9659258262890683,-0.25881904510252063,2,0,0,300,350.0,0,0,24.0,34.0,0.0,87
2026-07-01T18:00:00+00:00,z1,18,-1.0,-1.8369701987210297e-16,2,0,0,400,500.0,0,0,50.0,34.9,0.0,224
2026-07-01T18:00:00+00:00,z2,18,-1.0,-1.8369701987210297e-16,2,0,0,600,450.0,0,0,30.0,34.9,0.0,555
2026-07-01T18:00:00+00:00,z3,18,-1.0,-1.8369701987210297e-16,2,0,0,900,1200.0,0,0,63.0,34.9,0.0,533
2026-07-01T18:00:00+00:00,z4,18,-1.0,-1.8369701987210297e-16,2,0,0,300,350.0,0,0,23.0,34.9,0.0,95
2026-07-01T19:00:00+00:00,z1,19,-0.9659258262890684,0.2588190451025203,2,0,0,400,500.0,0,0,49.0,30.5,0.0,211
2026-07-01T19:00:00+00:00,z2,19,-0.9659258262890684,0.2588190451025203,2,0,0,600,450.0,0,0,29.0,30.5,0.0,524
2026-07-01T19:00:00+00:00,z3,19,-0.9659258262890684,0.2588190451025203,2,0,0,900,1200.0,0,0,62.0,30.5,0.0,616
2026-07-01T19:00:00+00:00,z4,19,-0.9659258262890684,0.2588190451025203,2,0,0,300,350.0,0,0,22.0,30.5,0.0,230
2026-07-01T20:00:00+00:00,z1,20,-0.8660254037844386,0.5000000000000001,2,0,0,400,500.0,0,0,48.0,28.3,0.0,90
2026-07-01T20:00:00+00:00,z2,20,-0.8660254037844386,0.5000000000000001,2,0,0,600,450.0,0,0,28.0,28.3,0.0,439
2026-07-01T20:00:00+00:00,z3,20,-0.8660254037844386,0.5000000000000001,2,0,0,900,1200.0,0,0,61.0,28.3,0.0,544
2026-07-01T20:00:00+00:00,z4,20,-0.8660254037844386,0.5000000000000001,2,0,0,300,350.0,0,0,21.0,28.3,0.0,260
2026-07-01T21:00:00+00:00,z1,21,-0.7071067811865477,0.7071067811865474,2,0,0,400,500.0,0,0,47.0,26.6,0.0,115
2026-07-01T21:00:00+00:00,z2,21,-0.7071067811865477,0.7071067811865474,2,0,0,600,450.0,0,0,27.0,26.6,0.0,85
2026-07-01T21:00:00+00:00,z3,21,-0.7071067811865477,0.7071067811865474,2,0,0,900,1200.0,0,0,60.0,26.6,0.0,505
2026-07-01T21:00:00+00:00,z4,21,-0.7071067811865477,0.7071067811865474,2,0,0,300,350.0,0,0,20.0,26.6,0.0,235
2026-07-01T22:00:00+00:00,z1,22,-0.5000000000000004,0.8660254037844384,2,0,0,400,500.0,0,0,46.0,26.3,0.0,78
2026-07-01T22:00:00+00:00,z2,22,-0.5000000000000004,0.8660254037844384,2,0,0,600,450.0,0,0,26.0,26.3,0.0,95
2026-07-01T22:00:00+00:00,z3,22,-0.5000000000000004,0.8660254037844384,2,0,0,900,1200.0,0,0,59.0,26.3,0.0,20
2026-07-01T22:00:00+00:00,z4,22,-0.5000000000000004,0.8660254037844384,2,0,0,300,350.0,0,0,19.0,26.3,0.0,14
2026-07-01T23:00:00+00:00,z1,23,-0.25881904510252157,0.9659258262890681,2,0,0,400,500.0,0,0,45.0,24.7,0.0,84
2026-07-01T23:00:00+00:00,z2,23,-0.25881904510252157,0.9659258262890681,2,0,0,600,450.0,0,0,25.0,24.7,0.0,126
2026-07-01T23:00:00+00:00,z3,23,-0.25881904510252157,0.9659258262890681,2,0,0,900,1200.0,0,0,58.0,24.7,0.0,97
2026-07-01T23:00:00+00:00,z4,23,-0.25881904510252157,0.9659258262890681,2,0,0,300,350.0,0,0,18.0,24.7,0.0,16
2026-07-02T00:00:00+00:00,z1,0,0.0,1.0,3,0,0,400,500.0,0,0,44.0,21.9,0.0,35
2026-07-02T00:00:00+00:00,z2,0,0.0,1.0,3,0,0,600,450.0,0,0,24.0,21.9,0.0,75
2026-07-02T00:00:00+00:00,z3,0,0.0,1.0,3,0,0,900,1200.0,0,0,57.0,21.9,0.0,87
2026-07-02T00:00:00+00:00,z4,0,0.0,1.0,3,0,0,300,350.0,0,0,17.0,21.9,0.0,17
2026-07-02T01:00:00+00:00,z1,1,0.25881904510252074,0.9659258262890683,3,0,0,400,500.0,0,0,43.0,19.2,0.0,21
2026-07-02T01:00:00+00:00,z2,1,0.25881904510252074,0.9659258262890683,3,0,0,600,450.0,0,0,23.0,19.2,0.0,52
2026-07-02T01:00:00+00:00,z3,1,0.25881904510252074,0.9659258262890683,3,0,0,900,1200.0,0,0,56.0,19.2,0.0,41
2026-07-02T01:00:00+00:00,z4,1,0.25881904510252074,0.9659258262890683,3,0,0,300,350.0,0,0,16.0,19.2,0.0,17
2026-07-02T02:00:00+00:00,z1,2,0.49999999999999994,0.8660254037844387,3,0,0,400,500.0,0,0,42.0,18.7,0.0,0
2026-07-02T02:00:00+00:00,z2,2,0.49999999999999994,0.8660254037844387,3,0,0,600,450.0,0,0,22.0,18.7,0.0,0
2026-07-02T02:00:00+00:00,z3,2,0.49999999999999994,0.8660254037844387,3,0,0,900,1200.0,0,0,55.0,18.7,0.0,23
2026-07-02T02:00:00+00:00,z4,2,0.49999999999999994,0.8660254037844387,3,0,0,300,350.0,0,0,15.0,18.7,0.0,13
2026-07-02T03:00:00+00:00,z1,3,0.7071067811865476,0.7071067811865476,3,0,0,400,500.0,0,0,41.0,20.7,0.0,1
2026-07-02T03:00:00+00:00,z2,3,0.7071067811865476,0.7071067811865476,3,0,0,600,450.0,0,0,21.0,20.7,0.0,66
2026-07-02T03:00:00+00:00,z3,3,0.7071067811865476,0.7071067811865476,3,0,0,900,1200.0,0,0,54.0,20.7,0.0,85
2026-07-02T03:00:00+00:00,z4,3,0.7071067811865476,0.7071067811865476,3,0,0,300,350.0,0,0,14.0,20.7,0.0,17
2026-07-02T04:00:00+00:00,z1,4,0.8660254037844386,0.5000000000000001,3,0,0,400,500.0,0,0,40.0,19.6,0.0,17
2026-07-02T04:00:00+00:00,z2,4,0.8660254037844386,0.5000000000000001,3,0,0,600,450.0,0,0,20.0,19.6,0.0,10
2026-07-02T04:00:00+00:00,z3,4,0.8660254037844386,0.5000000000000001,3,0,0,900,1200.0,0,0,53.0,19.6,0.0,10
2026-07-02T04:00:00+00:00,z4,4,0.8660254037844386,0.5000000000000001,3,0,0,300,350.0,0,0,13.0,19.6,0.0,9
2026-07-02T05:00:00+00:00,z1,5,0.9659258262890683,0.25881904510252074,3,0,0,400,500.0,0,0,39.0,20.5,0.0,16
2026-07-02T05:00:00+00:00,z2,5,0.9659258262890683,0.25881904510252074,3,0,0,600,450.0,0,0,19.0,20.5,0.0,5
2026-07-02T05:00:00+00:00,z3,5,0.9659258262890683,0.25881904510252074,3,0,0,900,1200.0,0,0,52.0,20.5,0.0,42
2026-07-02T05:00:00+00:00,z4,5,0.9659258262890683,0.25881904510252074,3,0,0,300,350.0,0,0,12.0,20.5,0.0,13
2026-07-02T06:00:00+00:00,z1,6,1.0,6.123233995736766e-17,3,0,0,400,500.0,0,0,38.0,20.6,0.0,0
2026-07-02T06:00:00+00:00,z2,6,1.0,6.123233995736766e-17,3,0,0,600,450.0,0,0,18.0,20.6,0.0,75
2026-07-02T06:00:00+00:00,z3,6,1.0,6.123233995736766e-17,3,0,0,900,1200.0,0,0,51.0,20.6,0.0,61
2026-07-02T06:00:00+00:00,z4,6,1.0,6.123233995736766e-17,3,0,0,300,350.0,0,0,11.0,20.6,0.0,32
2026-07-02T07:00:00+00:00,z1,7,0.9659258262890683,-0.25881904510252063,3,0,0,400,500.0,0,0,37.0,22.6,0.0,27
2026-07-02T07:00:00+00:00,z2,7,0.9659258262890683,-0.25881904510252063,3,0,0,600,450.0,0,0,17.0,22.6,0.0,66
2026-07-02T07:00:00+00:00,z3,7,0.9659258262890683,-0.25881904510252063,3,0,0,900,1200.0,0,0,50.0,22.6,0.0,85
2026-07-02T07:00:00+00:00,z4,7,0.9659258262890683,-0.25881904510252063,3,0,0,300,350.0,0,0,10.0,22.6,0.0,1
2026-07-02T08:00:00+00:00,z1,8,0.8660254037844387,-0.4999999999999998,3,0,0,400,500.0,0,0,36.0,27.3,0.0,33
2026-07-02T08:00:00+00:00,z2,8,0.8660254037844387,-0.4999999999999998,3,0,0,600,450.0,0,0,16.0,27.3,0.0,412
2026-07-02T08:00:00+00:00,z3,8,0.8660254037844387,-0.4999999999999998,3,0,0,900,1200.0,0,0,49.0,27.3,0.0,69
2026-07-02T08:00:00+00:00,z4,8,0.8660254037844387,-0.4999999999999998,3,0,0,300,350.0,0,0,9.0,27.3,0.0,27
2026-07-02T09:00:00+00:00,z1,9,0.7071067811865476,-0.7071067811865475,3,0,0,400,500.0,0,0,35.0,26.3,0.0,185
2026-07-02T09:00:00+00:00,z2,9,0.7071067811865476,-0.7071067811865475,3,0,0,600,450.0,0,0,15.0,26.3,0.0,485
2026-07-02T09:00:00+00:00,z3,9,0.7071067811865476,-0.7071067811865475,3,0,0,900,1200.0,0,0,48.0,26.3,0.0,56
2026-07-02T09:00:00+00:00,z4,9,0.7071067811865476,-0.7071067811865475,3,0,0,300,350.0,0,0,8.0,26.3,0.0,24
2026-07-02T10:00:00+00:00,z1,10,0.49999999999999994,-0.8660254037844387,3,0,0,400,500.0,0,0,34.0,29.0,0.0,200
2026-07-02T10:00:00+00:00,z2,10,0.49999999999999994,-0.8660254037844387,3,0,0,600,450.0,0,0,14.0,29.0,0.0,369
2026-07-02T10:00:00+00:00,z3,10,0.49999999999999994,-0.8660254037844387,3,0,0,900,1200.0,0,0,47.0,29.0,0.0,60
2026-07-02T10:00:00+00:00,z4,10,0.49999999999999994,-0.8660254037844387,3,0,0,300,350.0,0,0,7.0,29.0,0.0,20
2026-07-02T11:00:00+00:00,z1,11,0.258819045102521,-0.9659258262890682,3,0,0,400,500.0,0,0,33.0,30.2,0.0,250
2026-07-02T11:00:00+00:00,z2,11,0.258819045102521,-0.9659258262890682,3,0,0,600,450.0,0,0,13.0,30.2,0.0,210
2026-07-02T11:00:00+00:00,z3,11,0.258819045102521,-0.9659258262890682,3,0,0,900,1200.0,0,0,46.0,30.2,0.0,61
2026-07-02T11:00:00+00:00,z4,11,0.258819045102521,-0.9659258262890682,3,0,0,300,350.0,0,0,6.0,30.2,0.0,25
2026-07-02T12:00:00+00:00,z1,12,1.2246467991473532e-16,-1.0,3,0,0,400,500.0,0,0,32.0,33.3,0.0,226
2026-07-02T12:00:00+00:00,z2,12,1.2246467991473532e-16,-1.0,3,0,0,600,450.0,0,0,12.0,33.3,0.0,201
2026-07-02T12:00:00+00:00,z3,12,1.2246467991473532e-16,-1.0,3,0,0,900,1200.0,0,0,45.0,33.3,0.0,257
2026-07-02T12:00:00+00:00,z4,12,1.2246467991473532e-16,-1.0,3,0,0,300,350.0,0,0,5.0,33.3,0.0,229
2026-07-02T13:00:00+00:00,z1,13,-0.2588190451025208,-0.9659258262890683,3,0,0,400,500.0,0,0,31.0,34.7,0.0,251
2026-07-02T13:00:00+00:00,z2,13,-0.2588190451025208,-0.9659258262890683,3,0,0,600,450.0,0,0,11.0,34.7,0.0,207
2026-07-02T13:00:00+00:00,z3,13,-0.2588190451025208,-0.9659258262890683,3,0,0,900,1200.0,0,0,44.0,34.7,0.0,123
2026-07-02T13:00:00+00:00,z4,13,-0.2588190451025208,-0.9659258262890683,3,0,0,300,350.0,0,0,4.0,34.7,0.0,249
2026-07-02T14:00:00+00:00,z1,14,-0.4999999999999997,-0.8660254037844388,3,0,0,400,500.0,0,0,30.0,35.7,0.0,265
2026-07-02T14:00:00+00:00,z2,14,-0.4999999999999997,-0.8660254037844388,3,0,0,600,450.0,0,0,10.0,35.7,0.0,168
2026-07-02T14:00:00+00:00,z3,14,-0.4999999999999997,-0.8660254037844388,3,0,0,900,1200.0,0,0,43.0,35.7,0.0,219
2026-07-02T14:00:00+00:00,z4,14,-0.4999999999999997,-0.8660254037844388,3,0,0,300,350.0,0,0,3.0,35.7,0.0,229
2026-07-02T15:00:00+00:00,z1,15,-0.7071067811865471,-0.7071067811865479,3,0,0,400,500.0,0,0,29.0,36.2,4.1,137
2026-07-02T15:00:00+00:00,z2,15,-0.7071067811865471,-0.7071067811865479,3,0,0,600,450.0,0,0,9.0,36.2,4.1,165
2026-07-02T15:00:00+00:00,z3,15,-0.7071067811865471,-0.7071067811865479,3,0,0,900,1200.0,0,0,42.0,36.2,4.1,104
2026-07-02T15:00:00+00:00,z4,15,-0.7071067811865471,-0.7071067811865479,3,0,0,300,350.0,0,0,2.0,36.2,4.1,49
2026-07-02T16:00:00+00:00,z1,16,-0.8660254037844385,-0.5000000000000004,3,0,0,400,500.0,0,0,28.0,35.8,0.0,256
2026-07-02T16:00:00+00:00,z2,16,-0.8660254037844385,-0.5000000000000004,3,0,0,600,450.0,0,0,8.0,35.8,0.0,223
2026-07-02T16:00:00+00:00,z3,16,-0.8660254037844385,-0.5000000000000004,3,0,0,900,1200.0,0,0,41.0,35.8,0.0,250
2026-07-02T16:00:00+00:00,z4,16,-0.8660254037844385,-0.5000000000000004,3,0,0,300,350.0,0,0,1.0,35.8,0.0,171
2026-07-02T17:00:00+00:00,z1,17,-0.9659258262890683,-0.25881904510252063,3,0,0,400,500.0,0,0,27.0,33.1,0.0,244
2026-07-02T17:00:00+00:00,z2,17,-0.9659258262890683,-0.25881904510252063,3,0,0,600,450.0,0,0,7.0,33.1,0.0,413
2026-07-02T17:00:00+00:00,z3,17,-0.9659258262890683,-0.25881904510252063,3,0,0,900,1200.0,0,0,40.0,33.1,0.0,526
2026-07-02T17:00:00+00:00,z4,17,-0.9659258262890683,-0.25881904510252063,3,0,0,300,350.0,711,1,45.0,33.1,0.0,308
2026-07-02T18:00:00+00:00,z1,18,-1.0,-1.8369701987210297e-16,3,0,0,400,500.0,0,0,26.0,33.9,0.0,224
2026-07-02T18:00:00+00:00,z2,18,-1.0,-1.8369701987210297e-16,3,0,0,600,450.0,0,0,6.0,33.9,0.0,549
2026-07-02T18:00:00+00:00,z3,18,-1.0,-1.8369701987210297e-16,3,0,0,900,1200.0,0,0,39.0,33.9,0.0,522
2026-07-02T18:00:00+00:00,z4,18,-1.0,-1.8369701987210297e-16,3,0,0,300,350.0,711,1,44.0,33.9,0.0,305
2026-07-02T19:00:00+00:00,z1,19,-0.9659258262890684,0.2588190451025203,3,0,0,400,500.0,0,0,25.0,32.6,0.0,197
2026-07-02T19:00:00+00:00,z2,19,-0.9659258262890684,0.2588190451025203,3,0,0,600,450.0,0,0,5.0,32.6,0.0,514
2026-07-02T19:00:00+00:00,z3,19,-0.9659258262890684,0.2588190451025203,3,0,0,900,1200.0,0,0,38.0,32.6,0.0,632
2026-07-02T19:00:00+00:00,z4,19,-0.9659258262890684,0.2588190451025203,3,0,0,300,350.0,711,1,43.0,32.6,0.0,472
2026-07-02T20:00:00+00:00,z1,20,-0.8660254037844386,0.5000000000000001,3,0,0,400,500.0,0,0,24.0,28.5,0.0,93
2026-07-02T20:00:00+00:00,z2,20,-0.8660254037844386,0.5000000000000001,3,0,0,600,450.0,0,0,4.0,28.5,0.0,454
2026-07-02T20:00:00+00:00,z3,20,-0.8660254037844386,0.5000000000000001,3,0,0,900,1200.0,0,0,37.0,28.5,0.0,526
2026-07-02T20:00:00+00:00,z4,20,-0.8660254037844386,0.5000000000000001,3,0,0,300,350.0,711,1,42.0,28.5,0.0,506
2026-07-02T21:00:00+00:00,z1,21,-0.7071067811865477,0.7071067811865474,3,0,0,400,500.0,0,0,23.0,26.9,0.0,104
2026-07-02T21:00:00+00:00,z2,21,-0.7071067811865477,0.7071067811865474,3,0,0,600,450.0,0,0,3.0,26.9,0.0,84
2026-07-02T21:00:00+00:00,z3,21,-0.7071067811865477,0.7071067811865474,3,0,0,900,1200.0,0,0,36.0,26.9,0.0,492
2026-07-02T21:00:00+00:00,z4,21,-0.7071067811865477,0.7071067811865474,3,0,0,300,350.0,0,0,41.0,26.9,0.0,235
2026-07-02T22:00:00+00:00,z1,22,-0.5000000000000004,0.8660254037844384,3,0,0,400,500.0,0,0,22.0,27.2,0.0,82
2026-07-02T22:00:00+00:00,z2,22,-0.5000000000000004,0.8660254037844384,3,0,0,600,450.0,0,0,2.0,27.2,0.0,96
2026-07-02T22:00:00+00:00,z3,22,-0.5000000000000004,0.8660254037844384,3,0,0,900,1200.0,0,0,35.0,27.2,0.0,119
2026-07-02T22:00:00+00:00,z4,22,-0.5000000000000004,0.8660254037844384,3,0,0,300,350.0,0,0,40.0,27.2,0.0,15
2026-07-02T23:00:00+00:00,z1,23,-0.25881904510252157,0.9659258262890681,3,0,0,400,500.0,0,0,21.0,23.2,0.0,103
2026-07-02T23:00:00+00:00,z2,23,-0.25881904510252157,0.9659258262890681,3,0,0,600,450.0,0,0,1.0,23.2,0.0,202
2026-07-02T23:00:00+00:00,z3,23,-0.25881904510252157,0.9659258262890681,3,0,0,900,1200.0,0,0,34.0,23.2,0.0,38
2026-07-02T23:00:00+00:00,z4,23,-0.25881904510252157,0.9659258262890681,3,0,0,300,350.0,0,0,39.0,23.2,0.0,30
2026-07-03T00:00:00+00:00,z1,0,0.0,1.0,4,0,0,400,500.0,0,0,20.0,23.2,5.8,13
2026-07-03T00:00:00+00:00,z2,0,0.0,1.0,4,0,0,600,450.0,1191,1,19.0,23.2,5.8,410
2026-07-03T00:00:00+00:00,z3,0,0.0,1.0,4,0,0,900,1200.0,0,0,33.0,23.2,5.8,20
2026-07-03T00:00:00+00:00,z4,0,0.0,1.0,4,0,0,300,350.0,0,0,38.0,23.2,5.8,28
2026-07-03T01:00:00+00:00,z1,1,0.25881904510252074,0.9659258262890683,4,0,0,400,500.0,0,0,19.0,19.6,0.0,26
2026-07-03T01:00:00+00:00,z2,1,0.25881904510252074,0.9659258262890683,4,0,0,600,450.0,1191,1,18.0,19.6,0.0,441
2026-07-03T01:00:00+00:00,z3,1,0.25881904510252074,0.9659258262890683,4,0,0,900,1200.0,0,0,32.0,19.6,0.0,41
2026-07-03T01:00:00+00:00,z4,1,0.25881904510252074,0.9659258262890683,4,0,0,300,350.0,0,0,37.0,19.6,0.0,5
2026-07-03T02:00:00+00:00,z1,2,0.49999999999999994,0.8660254037844387,4,0,0,400,500.0,0,0,18.0,22.0,0.0,28
2026-07-03T02:00:00+00:00,z2,2,0.49999999999999994,0.8660254037844387,4,0,0,600,450.0,1191,1,17.0,22.0,0.0,445
2026-07-03T02:00:00+00:00,z3,2,0.49999999999999994,0.8660254037844387,4,0,0,900,1200.0,0,0,31.0,22.0,0.0,0
2026-07-03T02:00:00+00:00,z4,2,0.49999999999999994,0.8660254037844387,4,0,0,300,350.0,0,0,36.0,22.0,0.0,0
2026-07-03T03:00:00+00:00,z1,3,0.7071067811865476,0.7071067811865476,4,0,0,400,500.0,0,0,17.0,19.7,0.0,16
2026-07-03T03:00:00+00:00,z2,3,0.7071067811865476,0.7071067811865476,4,0,0,600,450.0,0,0,16.0,19.7,0.0,28
2026-07-03T03:00:00+00:00,z3,3,0.7071067811865476,0.7071067811865476,4,0,0,900,1200.0,0,0,30.0,19.7,0.0,37
2026-07-03T03:00:00+00:00,z4,3,0.7071067811865476,0.7071067811865476,4,0,0,300,350.0,0,0,35.0,19.7,0.0,21
2026-07-03T04:00:00+00:00,z1,4,0.8660254037844386,0.5000000000000001,4,0,0,400,500.0,0,0,16.0,20.9,0.0,0
2026-07-03T04:00:00+00:00,z2,4,0.8660254037844386,0.5000000000000001,4,0,0,600,450.0,0,0,15.0,20.9,0.0,24
2026-07-03T04:00:00+00:00,z3,4,0.8660254037844386,0.5000000000000001,4,0,0,900,1200.0,0,0,29.0,20.9,0.0,0
2026-07-03T04:00:00+00:00,z4,4,0.8660254037844386,0.5000000000000001,4,0,0,300,350.0,0,0,34.0,20.9,0.0,13
2026-07-03T05:00:00+00:00,z1,5,0.9659258262890683,0.25881904510252074,4,0,0,400,500.0,0,0,15.0,22.8,0.0,13
2026-07-03T05:00:00+00:00,z2,5,0.9659258262890683,0.25881904510252074,4,0,0,600,450.0,0,0,14.0,22.8,0.0,29
2026-07-03T05:00:00+00:00,z3,5,0.9659258262890683,0.25881904510252074,4,0,0,900,1200.0,0,0,28.0,22.8,0.0,20
2026-07-03T05:00:00+00:00,z4,5,0.9659258262890683,0.25881904510252074,4,0,0,300,350.0,0,0,33.0,22.8,0.0,19
2026-07-03T06:00:00+00:00,z1,6,1.0,6.123233995736766e-17,4,0,0,400,500.0,0,0,14.0,22.7,0.0,33
2026-07-03T06:00:00+00:00,z2,6,1.0,6.123233995736766e-17,4,0,0,600,450.0,0,0,13.0,22.7,0.0,101
2026-07-03T06:00:00+00:00,z3,6,1.0,6.123233995736766e-17,4,0,0,900,1200.0,0,0,27.0,22.7,0.0,69
2026-07-03T06:00:00+00:00,z4,6,1.0,6.123233995736766e-17,4,0,0,300,350.0,0,0,32.0,22.7,0.0,20
2026-07-03T07:00:00+00:00,z1,7,0.9659258262890683,-0.25881904510252063,4,0,0,400,500.0,0,0,13.0,22.5,0.0,12
2026-07-03T07:00:00+00:00,z2,7,0.9659258262890683,-0.25881904510252063,4,0,0,600,450.0,0,0,12.0,22.5,0.0,105
2026-07-03T07:00:00+00:00,z3,7,0.9659258262890683,-0.25881904510252063,4,0,0,900,1200.0,0,0,26.0,22.5,0.0,117
2026-07-03T07:00:00+00:00,z4,7,0.9659258262890683,-0.25881904510252063,4,0,0,300,350.0,0,0,31.0,22.5,0.0,25
2026-07-03T08:00:00+00:00,z1,8,0.8660254037844387,-0.4999999999999998,4,0,0,400,500.0,0,0,12.0,26.3,0.0,11
2026-07-03T08:00:00+00:00,z2,8,0.8660254037844387,-0.4999999999999998,4,0,0,600,450.0,0,0,11.0,26.3,0.0,427
2026-07-03T08:00:00+00:00,z3,8,0.8660254037844387,-0.4999999999999998,4,0,0,900,1200.0,0,0,25.0,26.3,0.0,37
2026-07-03T08:00:00+00:00,z4,8,0.8660254037844387,-0.4999999999999998,4,0,0,300,350.0,0,0,30.0,26.3,0.0,20
2026-07-03T09:00:00+00:00,z1,9,0.7071067811865476,-0.7071067811865475,4,0,0,400,500.0,0,0,11.0,28.0,0.0,205
2026-07-03T09:00:00+00:00,z2,9,0.7071067811865476,-0.7071067811865475,4,0,0,600,450.0,0,0,10.0,28.0,0.0,476
2026-07-03T09:00:00+00:00,z3,9,0.7071067811865476,-0.7071067811865475,4,0,0,900,1200.0,0,0,24.0,28.0,0.0,41
2026-07-03T09:00:00+00:00,z4,9,0.7071067811865476,-0.7071067811865475,4,0,0,300,350.0,0,0,29.0,28.0,0.0,12
2026-07-03T10:00:00+00:00,z1,10,0.49999999999999994,-0.8660254037844387,4,0,0,400,500.0,0,0,10.0,32.0,0.0,215
2026-07-03T10:00:00+00:00,z2,10,0.49999999999999994,-0.8660254037844387,4,0,0,600,450.0,0,0,9.0,32.0,0.0,398
2026-07-03T10:00:00+00:00,z3,10,0.49999999999999994,-0.8660254037844387,4,0,0,900,1200.0,0,0,23.0,32.0,0.0,83
2026-07-03T10:00:00+00:00,z4,10,0.49999999999999994,-0.8660254037844387,4,0,0,300,350.0,0,0,28.0,32.0,0.0,17
2026-07-03T11:00:00+00:00,z1,11,0.258819045102521,-0.9659258262890682,4,0,0,400,500.0,0,0,9.0,33.0,0.0,233
2026-07-03T11:00:00+00:00,z2,11,0.258819045102521,-0.9659258262890682,4,0,0,600,450.0,0,0,8.0,33.0,0.0,224
2026-07-03T11:00:00+00:00,z3,11,0.258819045102521,-0.9659258262890682,4,0,0,900,1200.0,0,0,22.0,33.0,0.0,100
2026-07-03T11:00:00+00:00,z4,11,0.258819045102521,-0.9659258262890682,4,0,0,300,350.0,0,0,27.0,33.0,0.0,30
2026-07-03T12:00:00+00:00,z1,12,1.2246467991473532e-16,-1.0,4,0,0,400,500.0,0,0,8.0,35.5,0.0,243
2026-07-03T12:00:00+00:00,z2,12,1.2246467991473532e-16,-1.0,4,0,0,600,450.0,0,0,7.0,35.5,0.0,177
2026-07-03T12:00:00+00:00,z3,12,1.2246467991473532e-16,-1.0,4,0,0,900,1200.0,0,0,21.0,35.5,0.0,230
2026-07-03T12:00:00+00:00,z4,12,1.2246467991473532e-16,-1.0,4,0,0,300,350.0,0,0,26.0,35.5,0.0,222
2026-07-03T13:00:00+00:00,z1,13,-0.2588190451025208,-0.9659258262890683,4,0,0,400,500.0,0,0,7.0,35.7,0.0,255
2026-07-03T13:00:00+00:00,z2,13,-0.2588190451025208,-0.9659258262890683,4,0,0,600,450.0,0,0,6.0,35.7,0.0,211
2026-07-03T13:00:00+00:00,z3,13,-0.2588190451025208,-0.9659258262890683,4,0,0,900,1200.0,0,0,20.0,35.7,0.0,192
2026-07-03T13:00:00+00:00,z4,13,-0.2588190451025208,-0.9659258262890683,4,0,0,300,350.0,0,0,25.0,35.7,0.0,267
2026-07-03T14:00:00+00:00,z1,14,-0.4999999999999997,-0.8660254037844388,4,0,0,400,500.0,0,0,6.0,37.2,0.0,261
2026-07-03T14:00:00+00:00,z2,14,-0.4999999999999997,-0.8660254037844388,4,0,0,600,450.0,0,0,5.0,37.2,0.0,229
2026-07-03T14:00:00+00:00,z3,14,-0.4999999999999997,-0.8660254037844388,4,0,0,900,1200.0,0,0,19.0,37.2,0.0,235
2026-07-03T14:00:00+00:00,z4,14,-0.4999999999999997,-0.8660254037844388,4,0,0,300,350.0,0,0,24.0,37.2,0.0,225
2026-07-03T15:00:00+00:00,z1,15,-0.7071067811865471,-0.7071067811865479,4,0,0,400,500.0,0,0,5.0,34.8,0.0,236
2026-07-03T15:00:00+00:00,z2,15,-0.7071067811865471,-0.7071067811865479,4,0,0,600,450.0,0,0,4.0,34.8,0.0,224
2026-07-03T15:00:00+00:00,z3,15,-0.7071067811865471,-0.7071067811865479,4,0,0,900,1200.0,0,0,18.0,34.8,0.0,212
2026-07-03T15:00:00+00:00,z4,15,-0.7071067811865471,-0.7071067811865479,4,0,0,300,350.0,0,0,23.0,34.8,0.0,80
2026-07-03T16:00:00+00:00,z1,16,-0.8660254037844385,-0.5000000000000004,4,0,0,400,500.0,0,0,4.0,37.7,0.0,260
2026-07-03T16:00:00+00:00,z2,16,-0.8660254037844385,-0.5000000000000004,4,0,0,600,450.0,0,0,3.0,37.7,0.0,219
2026-07-03T16:00:00+00:00,z3,16,-0.8660254037844385,-0.5000000000000004,4,0,0,900,1200.0,0,0,17.0,37.7,0.0,238
2026-07-03T16:00:00+00:00,z4,16,-0.8660254037844385,-0.5000000000000004,4,0,0,300,350.0,0,0,22.0,37.7,0.0,74
2026-07-03T17:00:00+00:00,z1,17,-0.9659258262890683,-0.25881904510252063,4,0,0,400,500.0,0,0,3.0,34.2,10.1,140
2026-07-03T17:00:00+00:00,z2,17,-0.9659258262890683,-0.25881904510252063,4,0,0,600,450.0,0,0,2.0,34.2,10.1,299
2026-07-03T17:00:00+00:00,z3,17,-0.9659258262890683,-0.25881904510252063,4,0,0,900,1200.0,0,0,16.0,34.2,10.1,270
2026-07-03T17:00:00+00:00,z4,17,-0.9659258262890683,-0.25881904510252063,4,0,0,300,350.0,0,0,21.0,34.2,10.1,48
2026-07-03T18:00:00+00:00,z1,18,-1.0,-1.8369701987210297e-16,4,0,0,400,500.0,0,0,2.0,33.9,0.0,224
2026-07-03T18:00:00+00:00,z2,18,-1.0,-1.8369701987210297e-16,4,0,0,600,450.0,0,0,1.0,33.9,0.0,636
2026-07-03T18:00:00+00:00,z3,18,-1.0,-1.8369701987210297e-16,4,0,0,900,1200.0,0,0,15.0,33.9,0.0,540
2026-07-03T18:00:00+00:00,z4,18,-1.0,-1.8369701987210297e-16,4,0,0,300,350.0,0,0,20.0,33.9,0.0,64
2026-07-03T19:00:00+00:00,z1,19,-0.9659258262890684,0.2588190451025203,4,0,0,400,500.0,0,0,1.0,33.0,0.0,299
2026-07-03T19:00:00+00:00,z2,19,-0.9659258262890684,0.2588190451025203,4,0,0,600,450.0,319,1,2.0,33.0,0.0,623
2026-07-03T19:00:00+00:00,z3,19,-0.9659258262890684,0.2588190451025203,4,0,0,900,1200.0,0,0,14.0,33.0,0.0,608
2026-07-03T19:00:00+00:00,z4,19,-0.9659258262890684,0.2588190451025203,4,0,0,300,350.0,0,0,19.0,33.0,0.0,237
2026-07-03T20:00:00+00:00,z1,20,-0.8660254037844386,0.5000000000000001,4,0,0,400,500.0,1093,1,1.0,29.2,0.0,658
2026-07-03T20:00:00+00:00,z2,20,-0.8660254037844386,0.5000000000000001,4,0,0,600,450.0,319,1,1.0,29.2,0.0,635
2026-07-03T20:00:00+00:00,z3,20,-0.8660254037844386,0.5000000000000001,4,0,0,900,1200.0,0,0,13.0,29.2,0.0,531
2026-07-03T20:00:00+00:00,z4,20,-0.8660254037844386,0.5000000000000001,4,0,0,300,350.0,0,0,18.0,29.2,0.0,255
2026-07-03T21:00:00+00:00,z1,21,-0.7071067811865477,0.7071067811865474,4,0,0,400,500.0,2175,2,9.0,29.2,0.0,405
2026-07-03T21:00:00+00:00,z2,21,-0.7071067811865477,0.7071067811865474,4,0,0,600,450.0,1383,2,37.0,29.2,0.0,572
2026-07-03T21:00:00+00:00,z3,21,-0.7071067811865477,0.7071067811865474,4,0,0,900,1200.0,0,0,12.0,29.2,0.0,531
2026-07-03T21:00:00+00:00,z4,21,-0.7071067811865477,0.7071067811865474,4,0,0,300,350.0,0,0,17.0,29.2,0.0,243
2026-07-03T22:00:00+00:00,z1,22,-0.5000000000000004,0.8660254037844384,4,0,0,400,500.0,2175,2,8.0,24.0,0.0,413
2026-07-03T22:00:00+00:00,z2,22,-0.5000000000000004,0.8660254037844384,4,0,0,600,450.0,1383,2,36.0,24.0,0.0,578
2026-07-03T22:00:00+00:00,z3,22,-0.5000000000000004,0.8660254037844384,4,0,0,900,1200.0,0,0,11.0,24.0,0.0,60
2026-07-03T22:00:00+00:00,z4,22,-0.5000000000000004,0.8660254037844384,4,0,0,300,350.0,0,0,16.0,24.0,0.0,9
2026-07-03T23:00:00+00:00,z1,23,-0.25881904510252157,0.9659258262890681,4,0,0,400,500.0,1093,1,7.0,24.7,0.0,406
2026-07-03T23:00:00+00:00,z2,23,-0.25881904510252157,0.9659258262890681,4,0,0,600,450.0,1064,1,35.0,24.7,0.0,431
2026-07-03T23:00:00+00:00,z3,23,-0.25881904510252157,0.9659258262890681,4,0,0,900,1200.0,0,0,10.0,24.7,0.0,61
2026-07-03T23:00:00+00:00,z4,23,-0.25881904510252157,0.9659258262890681,4,0,0,300,350.0,0,0,15.0,24.7,0.0,16
2026-07-04T00:00:00+00:00,z1,0,0.0,1.0,5,1,0,400,500.0,0,0,6.0,23.3,0.0,19
2026-07-04T00:00:00+00:00,z2,0,0.0,1.0,5,1,0,600,450.0,1064,1,34.0,23.3,0.0,455
2026-07-04T00:00:00+00:00,z3,0,0.0,1.0,5,1,0,900,1200.0,0,0,9.0,23.3,0.0,64
2026-07-04T00:00:00+00:00,z4,0,0.0,1.0,5,1,0,300,350.0,0,0,14.0,23.3,0.0,20
2026-07-04T01:00:00+00:00,z1,1,0.25881904510252074,0.9659258262890683,5,1,0,400,500.0,0,0,5.0,20.2,0.0,2
2026-07-04T01:00:00+00:00,z2,1,0.25881904510252074,0.9659258262890683,5,1,0,600,450.0,1064,1,33.0,20.2,0.0,411
2026-07-04T01:00:00+00:00,z3,1,0.25881904510252074,0.9659258262890683,5,1,0,900,1200.0,0,0,8.0,20.2,0.0,0
2026-07-04T01:00:00+00:00,z4,1,0.25881904510252074,0.9659258262890683,5,1,0,300,350.0,0,0,13.0,20.2,0.0,6
2026-07-04T02:00:00+00:00,z1,2,0.49999999999999994,0.8660254037844387,5,1,0,400,500.0,0,0,4.0,18.4,0.0,0
2026-07-04T02:00:00+00:00,z2,2,0.49999999999999994,0.8660254037844387,5,1,0,600,450.0,0,0,32.0,18.4,0.0,19
2026-07-04T02:00:00+00:00,z3,2,0.49999999999999994,0.8660254037844387,5,1,0,900,1200.0,0,0,7.0,18.4,0.0,64
2026-07-04T02:00:00+00:00,z4,2,0.49999999999999994,0.8660254037844387,5,1,0,300,350.0,0,0,12.0,18.4,0.0,18
2026-07-04T03:00:00+00:00,z1,3,0.7071067811865476,0.7071067811865476,5,1,0,400,500.0,0,0,3.0,21.0,0.0,23
2026-07-04T03:00:00+00:00,z2,3,0.7071067811865476,0.7071067811865476,5,1,0,600,450.0,0,0,31.0,21.0,0.0,36
2026-07-04T03:00:00+00:00,z3,3,0.7071067811865476,0.7071067811865476,5,1,0,900,1200.0,0,0,6.0,21.0,0.0,10
2026-07-04T03:00:00+00:00,z4,3,0.7071067811865476,0.7071067811865476,5,1,0,300,350.0,0,0,11.0,21.0,0.0,6
2026-07-04T04:00:00+00:00,z1,4,0.8660254037844386,0.5000000000000001,5,1,0,400,500.0,0,0,2.0,20.9,0.0,3
2026-07-04T04:00:00+00:00,z2,4,0.8660254037844386,0.5000000000000001,5,1,0,600,450.0,0,0,30.0,20.9,0.0,53
2026-07-04T04:00:00+00:00,z3,4,0.8660254037844386,0.5000000000000001,5,1,0,900,1200.0,0,0,5.0,20.9,0.0,12
2026-07-04T04:00:00+00:00,z4,4,0.8660254037844386,0.5000000000000001,5,1,0,300,350.0,0,0,10.0,20.9,0.0,17
2026-07-04T05:00:00+00:00,z1,5,0.9659258262890683,0.25881904510252074,5,1,0,400,500.0,0,0,1.0,21.3,7.8,74
2026-07-04T05:00:00+00:00,z2,5,0.9659258262890683,0.25881904510252074,5,1,0,600,450.0,0,0,29.0,21.3,7.8,52
2026-07-04T05:00:00+00:00,z3,5,0.9659258262890683,0.25881904510252074,5,1,0,900,1200.0,0,0,4.0,21.3,7.8,12
2026-07-04T05:00:00+00:00,z4,5,0.9659258262890683,0.25881904510252074,5,1,0,300,350.0,0,0,9.0,21.3,7.8,17
2026-07-04T06:00:00+00:00,z1,6,1.0,6.123233995736766e-17,5,1,0,400,500.0,1297,1,22.0,24.0,0.0,367
2026-07-04T06:00:00+00:00,z2,6,1.0,6.123233995736766e-17,5,1,0,600,450.0,0,0,28.0,24.0,0.0,79
2026-07-04T06:00:00+00:00,z3,6,1.0,6.123233995736766e-17,5,1,0,900,1200.0,0,0,3.0,24.0,0.0,49
2026-07-04T06:00:00+00:00,z4,6,1.0,6.123233995736766e-17,5,1,0,300,350.0,0,0,8.0,24.0,0.0,0
2026-07-04T07:00:00+00:00,z1,7,0.9659258262890683,-0.25881904510252063,5,1,0,400,500.0,1297,1,21.0,24.6,0.0,349
2026-07-04T07:00:00+00:00,z2,7,0.9659258262890683,-0.25881904510252063,5,1,0,600,450.0,0,0,27.0,24.6,0.0,56
2026-07-04T07:00:00+00:00,z3,7,0.9659258262890683,-0.25881904510252063,5,1,0,900,1200.0,0,0,2.0,24.6,0.0,80
2026-07-04T07:00:00+00:00,z4,7,0.9659258262890683,-0.25881904510252063,5,1,0,300,350.0,0,0,7.0,24.6,0.0,19
2026-07-04T08:00:00+00:00,z1,8,0.8660254037844387,-0.4999999999999998,5,1,0,400,500.0,1297,1,20.0,26.1,0.0,342
2026-07-04T08:00:00+00:00,z2,8,0.8660254037844387,-0.4999999999999998,5,1,0,600,450.0,0,0,26.0,26.1,0.0,98
2026-07-04T08:00:00+00:00,z3,8,0.8660254037844387,-0.4999999999999998,5,1,0,900,1200.0,0,0,1.0,26.1,0.0,196
2026-07-04T08:00:00+00:00,z4,8,0.8660254037844387,-0.4999999999999998,5,1,0,300,350.0,0,0,6.0,26.1,0.0,27
2026-07-04T09:00:00+00:00,z1,9,0.7071067811865476,-0.7071067811865475,5,1,0,400,500.0,1297,1,19.0,29.1,0.0,569
2026-07-04T09:00:00+00:00,z2,9,0.7071067811865476,-0.7071067811865475,5,1,0,600,450.0,0,0,25.0,29.1,0.0,78
2026-07-04T09:00:00+00:00,z3,9,0.7071067811865476,-0.7071067811865475,5,1,0,900,1200.0,770,1,99.0,29.1,0.0,339
2026-07-04T09:00:00+00:00,z4,9,0.7071067811865476,-0.7071067811865475,5,1,0,300,350.0,0,0,5.0,29.1,0.0,22
2026-07-04T10:00:00+00:00,z1,10,0.49999999999999994,-0.8660254037844387,5,1,0,400,500.0,0,0,18.0,29.2,0.0,289
2026-07-04T10:00:00+00:00,z2,10,0.49999999999999994,-0.8660254037844387,5,1,0,600,450.0,0,0,24.0,29.2,0.0,98
2026-07-04T10:00:00+00:00,z3,10,0.49999999999999994,-0.8660254037844387,5,1,0,900,1200.0,770,1,99.0,29.2,0.0,391
2026-07-04T10:00:00+00:00,z4,10,0.49999999999999994,-0.8660254037844387,5,1,0,300,350.0,0,0,4.0,29.2,0.0,4
2026-07-04T11:00:00+00:00,z1,11,0.258819045102521,-0.9659258262890682,5,1,0,400,500.0,0,0,17.0,32.7,0.0,315
2026-07-04T11:00:00+00:00,z2,11,0.258819045102521,-0.9659258262890682,5,1,0,600,450.0,0,0,23.0,32.7,0.0,117
2026-07-04T11:00:00+00:00,z3,11,0.258819045102521,-0.9659258262890682,5,1,0,900,1200.0,770,1,99.0,32.7,0.0,665
2026-07-04T11:00:00+00:00,z4,11,0.258819045102521,-0.9659258262890682,5,1,0,300,350.0,0,0,3.0,32.7,0.0,31
2026-07-04T12:00:00+00:00,z1,12,1.2246467991473532e-16,-1.0,5,1,0,400,500.0,0,0,16.0,33.7,0.0,289
2026-07-04T12:00:00+00:00,z2,12,1.2246467991473532e-16,-1.0,5,1,0,600,450.0,0,0,22.0,33.7,0.0,231
2026-07-04T12:00:00+00:00,z3,12,1.2246467991473532e-16,-1.0,5,1,0,900,1200.0,770,1,98.0,33.7,0.0,648
2026-07-04T12:00:00+00:00,z4,12,1.2246467991473532e-16,-1.0,5,1,0,300,350.0,0,0,2.0,33.7,0.0,231
2026-07-04T13:00:00+00:00,z1,13,-0.2588190451025208,-0.9659258262890683,5,1,0,400,500.0,0,0,15.0,35.2,0.0,304
2026-07-04T13:00:00+00:00,z2,13,-0.2588190451025208,-0.9659258262890683,5,1,0,600,450.0,0,0,21.0,35.2,0.0,274
2026-07-04T13:00:00+00:00,z3,13,-0.2588190451025208,-0.9659258262890683,5,1,0,900,1200.0,770,1,97.0,35.2,0.0,719
2026-07-04T13:00:00+00:00,z4,13,-0.2588190451025208,-0.9659258262890683,5,1,0,300,350.0,0,0,1.0,35.2,0.0,361
2026-07-04T14:00:00+00:00,z1,14,-0.4999999999999997,-0.8660254037844388,5,1,0,400,500.0,0,0,14.0,34.7,0.0,323
2026-07-04T14:00:00+00:00,z2,14,-0.4999999999999997,-0.8660254037844388,5,1,0,600,450.0,0,0,20.0,34.7,0.0,261
2026-07-04T14:00:00+00:00,z3,14,-0.4999999999999997,-0.8660254037844388,5,1,0,900,1200.0,0,0,96.0,34.7,0.0,401
2026-07-04T14:00:00+00:00,z4,14,-0.4999999999999997,-0.8660254037844388,5,1,0,300,350.0,1018,1,27.0,34.7,0.0,476
2026-07-04T15:00:00+00:00,z1,15,-0.7071067811865471,-0.7071067811865479,5,1,0,400,500.0,0,0,13.0,34.6,0.0,326
2026-07-04T15:00:00+00:00,z2,15,-0.7071067811865471,-0.7071067811865479,5,1,0,600,450.0,0,0,19.0,34.6,0.0,291
2026-07-04T15:00:00+00:00,z3,15,-0.7071067811865471,-0.7071067811865479,5,1,0,900,1200.0,0,0,95.0,34.6,0.0,378
2026-07-04T15:00:00+00:00,z4,15,-0.7071067811865471,-0.7071067811865479,5,1,0,300,350.0,1018,1,26.0,34.6,0.0,283
2026-07-04T16:00:00+00:00,z1,16,-0.8660254037844385,-0.5000000000000004,5,1,0,400,500.0,0,0,12.0,37.5,0.0,296
2026-07-04T16:00:00+00:00,z2,16,-0.8660254037844385,-0.5000000000000004,5,1,0,600,450.0,0,0,18.0,37.5,0.0,333
2026-07-04T16:00:00+00:00,z3,16,-0.8660254037844385,-0.5000000000000004,5,1,0,900,1200.0,0,0,94.0,37.5,0.0,685
2026-07-04T16:00:00+00:00,z4,16,-0.8660254037844385,-0.5000000000000004,5,1,0,300,350.0,1018,1,25.0,37.5,0.0,318
2026-07-04T17:00:00+00:00,z1,17,-0.9659258262890683,-0.25881904510252063,5,1,0,400,500.0,0,0,11.0,34.9,0.0,307
2026-07-04T17:00:00+00:00,z2,17,-0.9659258262890683,-0.25881904510252063,5,1,0,600,450.0,0,0,17.0,34.9,0.0,276
2026-07-04T17:00:00+00:00,z3,17,-0.9659258262890683,-0.25881904510252063,5,1,0,900,1200.0,0,0,93.0,34.9,0.0,779
2026-07-04T17:00:00+00:00,z4,17,-0.9659258262890683,-0.25881904510252063,5,1,0,300,350.0,1018,1,24.0,34.9,0.0,317
2026-07-04T18:00:00+00:00,z1,18,-1.0,-1.8369701987210297e-16,5,1,0,400,500.0,0,0,10.0,34.8,0.0,279
2026-07-04T18:00:00+00:00,z2,18,-1.0,-1.8369701987210297e-16,5,1,0,600,450.0,0,0,16.0,34.8,0.0,344
2026-07-04T18:00:00+00:00,z3,18,-1.0,-1.8369701987210297e-16,5,1,0,900,1200.0,0,0,92.0,34.8,0.0,768
2026-07-04T18:00:00+00:00,z4,18,-1.0,-1.8369701987210297e-16,5,1,0,300,350.0,1018,1,23.0,34.8,0.0,315
2026-07-04T19:00:00+00:00,z1,19,-0.9659258262890684,0.2588190451025203,5,1,0,400,500.0,0,0,9.0,30.7,13.6,141
2026-07-04T19:00:00+00:00,z2,19,-0.9659258262890684,0.2588190451025203,5,1,0,600,450.0,0,0,15.0,30.7,13.6,223
2026-07-04T19:00:00+00:00,z3,19,-0.9659258262890684,0.2588190451025203,5,1,0,900,1200.0,0,0,91.0,30.7,13.6,467
2026-07-04T19:00:00+00:00,z4,19,-0.9659258262890684,0.2588190451025203,5,1,0,300,350.0,0,0,22.0,30.7,13.6,173
2026-07-04T20:00:00+00:00,z1,20,-0.8660254037844386,0.5000000000000001,5,1,0,400,500.0,0,0,8.0,29.7,0.0,103
2026-07-04T20:00:00+00:00,z2,20,-0.8660254037844386,0.5000000000000001,5,1,0,600,450.0,0,0,14.0,29.7,0.0,227
2026-07-04T20:00:00+00:00,z3,20,-0.8660254037844386,0.5000000000000001,5,1,0,900,1200.0,0,0,90.0,29.7,0.0,830
2026-07-04T20:00:00+00:00,z4,20,-0.8660254037844386,0.5000000000000001,5,1,0,300,350.0,0,0,21.0,29.7,0.0,273
2026-07-04T21:00:00+00:00,z1,21,-0.7071067811865477,0.7071067811865474,5,1,0,400,500.0,0,0,7.0,26.4,0.0,108
2026-07-04T21:00:00+00:00,z2,21,-0.7071067811865477,0.7071067811865474,5,1,0,600,450.0,0,0,13.0,26.4,0.0,259
2026-07-04T21:00:00+00:00,z3,21,-0.7071067811865477,0.7071067811865474,5,1,0,900,1200.0,0,0,89.0,26.4,0.0,784
2026-07-04T21:00:00+00:00,z4,21,-0.7071067811865477,0.7071067811865474,5,1,0,300,350.0,0,0,20.0,26.4,0.0,241
2026-07-04T22:00:00+00:00,z1,22,-0.5000000000000004,0.8660254037844384,5,1,0,400,500.0,0,0,6.0,24.8,0.0,89
2026-07-04T22:00:00+00:00,z2,22,-0.5000000000000004,0.8660254037844384,5,1,0,600,450.0,0,0,12.0,24.8,0.0,77
2026-07-04T22:00:00+00:00,z3,22,-0.5000000000000004,0.8660254037844384,5,1,0,900,1200.0,0,0,88.0,24.8,0.0,752
2026-07-04T22:00:00+00:00,z4,22,-0.5000000000000004,0.8660254037844384,5,1,0,300,350.0,0,0,19.0,24.8,0.0,28
2026-07-04T23:00:00+00:00,z1,23,-0.25881904510252157,0.9659258262890681,5,1,0,400,500.0,0,0,5.0,23.4,0.0,97
2026-07-04T23:00:00+00:00,z2,23,-0.25881904510252157,0.9659258262890681,5,1,0,600,450.0,0,0,11.0,23.4,0.0,91
2026-07-04T23:00:00+00:00,z3,23,-0.25881904510252157,0.9659258262890681,5,1,0,900,1200.0,0,0,87.0,23.4,0.0,66
2026-07-04T23:00:00+00:00,z4,23,-0.25881904510252157,0.9659258262890681,5,1,0,300,350.0,0,0,18.0,23.4,0.0,26
2026-07-05T00:00:00+00:00,z1,0,0.0,1.0,6,1,0,400,500.0,0,0,4.0,23.4,0.0,28
2026-07-05T00:00:00+00:00,z2,0,0.0,1.0,6,1,0,600,450.0,0,0,10.0,23.4,0.0,125
2026-07-05T00:00:00+00:00,z3,0,0.0,1.0,6,1,0,900,1200.0,0,0,86.0,23.4,0.0,66
2026-07-05T00:00:00+00:00,z4,0,0.0,1.0,6,1,0,300,350.0,0,0,17.0,23.4,0.0,12
2026-07-05T01:00:00+00:00,z1,1,0.25881904510252074,0.9659258262890683,6,1,0,400,500.0,0,0,3.0,23.1,0.0,23
2026-07-05T01:00:00+00:00,z2,1,0.25881904510252074,0.9659258262890683,6,1,0,600,450.0,0,0,9.0,23.1,0.0,24
2026-07-05T01:00:00+00:00,z3,1,0.25881904510252074,0.9659258262890683,6,1,0,900,1200.0,0,0,85.0,23.1,0.0,30
2026-07-05T01:00:00+00:00,z4,1,0.25881904510252074,0.9659258262890683,6,1,0,300,350.0,0,0,16.0,23.1,0.0,2
2026-07-05T02:00:00+00:00,z1,2,0.49999999999999994,0.8660254037844387,6,1,0,400,500.0,0,0,2.0,21.9,0.0,26
2026-07-05T02:00:00+00:00,z2,2,0.49999999999999994,0.8660254037844387,6,1,0,600,450.0,0,0,8.0,21.9,0.0,42
2026-07-05T02:00:00+00:00,z3,2,0.49999999999999994,0.8660254037844387,6,1,0,900,1200.0,0,0,84.0,21.9,0.0,12
2026-07-05T02:00:00+00:00,z4,2,0.49999999999999994,0.8660254037844387,6,1,0,300,350.0,0,0,15.0,21.9,0.0,21
2026-07-05T03:00:00+00:00,z1,3,0.7071067811865476,0.7071067811865476,6,1,0,400,500.0,0,0,1.0,21.7,0.0,127
2026-07-05T03:00:00+00:00,z2,3,0.7071067811865476,0.7071067811865476,6,1,0,600,450.0,0,0,7.0,21.7,0.0,24
2026-07-05T03:00:00+00:00,z3,3,0.7071067811865476,0.7071067811865476,6,1,0,900,1200.0,0,0,83.0,21.7,0.0,28
2026-07-05T03:00:00+00:00,z4,3,0.7071067811865476,0.7071067811865476,6,1,0,300,350.0,0,0,14.0,21.7,0.0,19
2026-07-05T04:00:00+00:00,z1,4,0.8660254037844386,0.5000000000000001,6,1,0,400,500.0,1315,1,71.0,21.6,0.0,327
2026-07-05T04:00:00+00:00,z2,4,0.8660254037844386,0.5000000000000001,6,1,0,600,450.0,0,0,6.0,21.6,0.0,21
2026-07-05T04:00:00+00:00,z3,4,0.8660254037844386,0.5000000000000001,6,1,0,900,1200.0,0,0,82.0,21.6,0.0,0
2026-07-05T04:00:00+00:00,z4,4,0.8660254037844386,0.5000000000000001,6,1,0,300,350.0,0,0,13.0,21.6,0.0,22
2026-07-05T05:00:00+00:00,z1,5,0.9659258262890683,0.25881904510252074,6,1,0,400,500.0,1315,1,70.0,19.8,0.0,321
2026-07-05T05:00:00+00:00,z2,5,0.9659258262890683,0.25881904510252074,6,1,0,600,450.0,0,0,5.0,19.8,0.0,42
2026-07-05T05:00:00+00:00,z3,5,0.9659258262890683,0.25881904510252074,6,1,0,900,1200.0,0,0,81.0,19.8,0.0,35
2026-07-05T05:00:00+00:00,z4,5,0.9659258262890683,0.25881904510252074,6,1,0,300,350.0,0,0,12.0,19.8,0.0,9
2026-07-05T06:00:00+00:00,z1,6,1.0,6.123233995736766e-17,6,1,0,400,500.0,1315,1,69.0,20.4,17.4,179
2026-07-05T06:00:00+00:00,z2,6,1.0,6.123233995736766e-17,6,1,0,600,450.0,0,0,4.0,20.4,17.4,62
2026-07-05T06:00:00+00:00,z3,6,1.0,6.123233995736766e-17,6,1,0,900,1200.0,0,0,80.0,20.4,17.4,88
2026-07-05T06:00:00+00:00,z4,6,1.0,6.123233995736766e-17,6,1,0,300,350.0,0,0,11.0,20.4,17.4,0
2026-07-05T07:00:00+00:00,z1,7,0.9659258262890683,-0.25881904510252063,6,1,0,400,500.0,1315,1,68.0,25.1,0.0,355
2026-07-05T07:00:00+00:00,z2,7,0.9659258262890683,-0.25881904510252063,6,1,0,600,450.0,0,0,3.0,25.1,0.0,96
2026-07-05T07:00:00+00:00,z3,7,0.9659258262890683,-0.25881904510252063,6,1,0,900,1200.0,0,0,79.0,25.1,0.0,57
2026-07-05T07:00:00+00:00,z4,7,0.9659258262890683,-0.25881904510252063,6,1,0,300,350.0,0,0,10.0,25.1,0.0,5
2026-07-05T08:00:00+00:00,z1,8,0.8660254037844387,-0.4999999999999998,6,1,0,400,500.0,1315,1,67.0,25.6,14.4,207
2026-07-05T08:00:00+00:00,z2,8,0.8660254037844387,-0.4999999999999998,6,1,0,600,450.0,0,0,2.0,25.6,14.4,50
2026-07-05T08:00:00+00:00,z3,8,0.8660254037844387,-0.4999999999999998,6,1,0,900,1200.0,0,0,78.0,25.6,14.4,18
2026-07-05T08:00:00+00:00,z4,8,0.8660254037844387,-0.4999999999999998,6,1,0,300,350.0,0,0,9.0,25.6,14.4,21
2026-07-05T09:00:00+00:00,z1,9,0.7071067811865476,-0.7071067811865475,6,1,0,400,500.0,0,0,66.0,28.8,0.0,264
2026-07-05T09:00:00+00:00,z2,9,0.7071067811865476,-0.7071067811865475,6,1,0,600,450.0,0,0,1.0,28.8,0.0,173
2026-07-05T09:00:00+00:00,z3,9,0.7071067811865476,-0.7071067811865475,6,1,0,900,1200.0,0,0,77.0,28.8,0.0,96
2026-07-05T09:00:00+00:00,z4,9,0.7071067811865476,-0.7071067811865475,6,1,0,300,350.0,0,0,8.0,28.8,0.0,6
2026-07-05T10:00:00+00:00,z1,10,0.49999999999999994,-0.8660254037844387,6,1,0,400,500.0,0,0,65.0,31.2,0.0,292
2026-07-05T10:00:00+00:00,z2,10,0.49999999999999994,-0.8660254037844387,6,1,0,600,450.0,688,1,46.0,31.2,0.0,350
2026-07-05T10:00:00+00:00,z3,10,0.49999999999999994,-0.8660254037844387,6,1,0,900,1200.0,0,0,76.0,31.2,0.0,104
2026-07-05T10:00:00+00:00,z4,10,0.49999999999999994,-0.8660254037844387,6,1,0,300,350.0,0,0,7.0,31.2,0.0,18
2026-07-05T11:00:00+00:00,z1,11,0.258819045102521,-0.9659258262890682,6,1,0,400,500.0,0,0,64.0,33.8,0.0,316
2026-07-05T11:00:00+00:00,z2,11,0.258819045102521,-0.9659258262890682,6,1,0,600,450.0,688,1,45.0,33.8,0.0,331
2026-07-05T11:00:00+00:00,z3,11,0.258819045102521,-0.9659258262890682,6,1,0,900,1200.0,0,0,75.0,33.8,0.0,342
2026-07-05T11:00:00+00:00,z4,11,0.258819045102521,-0.9659258262890682,6,1,0,300,350.0,0,0,6.0,33.8,0.0,19
2026-07-05T12:00:00+00:00,z1,12,1.2246467991473532e-16,-1.0,6,1,0,400,500.0,0,0,63.0,33.5,0.0,334
2026-07-05T12:00:00+00:00,z2,12,1.2246467991473532e-16,-1.0,6,1,0,600,450.0,0,0,44.0,33.5,0.0,222
2026-07-05T12:00:00+00:00,z3,12,1.2246467991473532e-16,-1.0,6,1,0,900,1200.0,0,0,74.0,33.5,0.0,358
2026-07-05T12:00:00+00:00,z4,12,1.2246467991473532e-16,-1.0,6,1,0,300,350.0,0,0,5.0,33.5,0.0,229
2026-07-05T13:00:00+00:00,z1,13,-0.2588190451025208,-0.9659258262890683,6,1,0,400,500.0,0,0,62.0,33.1,0.0,316
2026-07-05T13:00:00+00:00,z2,13,-0.2588190451025208,-0.9659258262890683,6,1,0,600,450.0,0,0,43.0,33.1,0.0,243
2026-07-05T13:00:00+00:00,z3,13,-0.2588190451025208,-0.9659258262890683,6,1,0,900,1200.0,0,0,73.0,33.1,0.0,441
2026-07-05T13:00:00+00:00,z4,13,-0.2588190451025208,-0.9659258262890683,6,1,0,300,350.0,0,0,4.0,33.1,0.0,276
2026-07-05T14:00:00+00:00,z1,14,-0.4999999999999997,-0.8660254037844388,6,1,0,400,500.0,0,0,61.0,36.0,0.0,322
2026-07-05T14:00:00+00:00,z2,14,-0.4999999999999997,-0.8660254037844388,6,1,0,600,450.0,0,0,42.0,36.0,0.0,262
2026-07-05T14:00:00+00:00,z3,14,-0.4999999999999997,-0.8660254037844388,6,1,0,900,1200.0,0,0,72.0,36.0,0.0,341
2026-07-05T14:00:00+00:00,z4,14,-0.4999999999999997,-0.8660254037844388,6,1,0,300,350.0,0,0,3.0,36.0,0.0,227
2026-07-05T15:00:00+00:00,z1,15,-0.7071067811865471,-0.7071067811865479,6,1,0,400,500.0,0,0,60.0,35.6,0.0,330
2026-07-05T15:00:00+00:00,z2,15,-0.7071067811865471,-0.7071067811865479,6,1,0,600,450.0,0,0,41.0,35.6,0.0,301
2026-07-05T15:00:00+00:00,z3,15,-0.7071067811865471,-0.7071067811865479,6,1,0,900,1200.0,0,0,71.0,35.6,0.0,399
2026-07-05T15:00:00+00:00,z4,15,-0.7071067811865471,-0.7071067811865479,6,1,0,300,350.0,0,0,2.0,35.6,0.0,55
2026-07-05T16:00:00+00:00,z1,16,-0.8660254037844385,-0.5000000000000004,6,1,0,400,500.0,0,0,59.0,36.4,0.0,295
2026-07-05T16:00:00+00:00,z2,16,-0.8660254037844385,-0.5000000000000004,6,1,0,600,450.0,0,0,40.0,36.4,0.0,314
2026-07-05T16:00:00+00:00,z3,16,-0.8660254037844385,-0.5000000000000004,6,1,0,900,1200.0,0,0,70.0,36.4,0.0,745
2026-07-05T16:00:00+00:00,z4,16,-0.8660254037844385,-0.5000000000000004,6,1,0,300,350.0,0,0,1.0,36.4,0.0,161
2026-07-05T17:00:00+00:00,z1,17,-0.9659258262890683,-0.25881904510252063,6,1,0,400,500.0,0,0,58.0,35.4,0.0,314
2026-07-05T17:00:00+00:00,z2,17,-0.9659258262890683,-0.25881904510252063,6,1,0,600,450.0,0,0,39.0,35.4,0.0,309
2026-07-05T17:00:00+00:00,z3,17,-0.9659258262890683,-0.25881904510252063,6,1,0,900,1200.0,0,0,69.0,35.4,0.0,812
2026-07-05T17:00:00+00:00,z4,17,-0.9659258262890683,-0.25881904510252063,6,1,0,300,350.0,964,1,24.0,35.4,0.0,302
2026-07-05T18:00:00+00:00,z1,18,-1.0,-1.8369701987210297e-16,6,1,0,400,500.0,0,0,57.0,34.5,23.3,137
2026-07-05T18:00:00+00:00,z2,18,-1.0,-1.8369701987210297e-16,6,1,0,600,450.0,0,0,38.0,34.5,23.3,216
2026-07-05T18:00:00+00:00,z3,18,-1.0,-1.8369701987210297e-16,6,1,0,900,1200.0,0,0,68.0,34.5,23.3,461
2026-07-05T18:00:00+00:00,z4,18,-1.0,-1.8369701987210297e-16,6,1,0,300,350.0,964,1,23.0,34.5,23.3,243
2026-07-05T19:00:00+00:00,z1,19,-0.9659258262890684,0.2588190451025203,6,1,0,400,500.0,0,0,56.0,33.1,0.0,268
2026-07-05T19:00:00+00:00,z2,19,-0.9659258262890684,0.2588190451025203,6,1,0,600,450.0,0,0,37.0,33.1,0.0,274
2026-07-05T19:00:00+00:00,z3,19,-0.9659258262890684,0.2588190451025203,6,1,0,900,1200.0,0,0,67.0,33.1,0.0,800
2026-07-05T19:00:00+00:00,z4,19,-0.9659258262890684,0.2588190451025203,6,1,0,300,350.0,964,1,22.0,33.1,0.0,491
2026-07-05T20:00:00+00:00,z1,20,-0.8660254037844386,0.5000000000000001,6,1,0,400,500.0,0,0,55.0,28.4,0.0,88
2026-07-05T20:00:00+00:00,z2,20,-0.8660254037844386,0.5000000000000001,6,1,0,600,450.0,0,0,36.0,28.4,0.0,290
2026-07-05T20:00:00+00:00,z3,20,-0.8660254037844386,0.5000000000000001,6,1,0,900,1200.0,0,0,66.0,28.4,0.0,806
2026-07-05T20:00:00+00:00,z4,20,-0.8660254037844386,0.5000000000000001,6,1,0,300,350.0,964,1,21.0,28.4,0.0,524
2026-07-05T21:00:00+00:00,z1,21,-0.7071067811865477,0.7071067811865474,6,1,0,400,500.0,0,0,54.0,27.8,0.0,108
2026-07-05T21:00:00+00:00,z2,21,-0.7071067811865477,0.7071067811865474,6,1,0,600,450.0,0,0,35.0,27.8,0.0,238
2026-07-05T21:00:00+00:00,z3,21,-0.7071067811865477,0.7071067811865474,6,1,0,900,1200.0,0,0,65.0,27.8,0.0,760
2026-07-05T21:00:00+00:00,z4,21,-0.7071067811865477,0.7071067811865474,6,1,0,300,350.0,0,0,20.0,27.8,0.0,237
2026-07-05T22:00:00+00:00,z1,22,-0.5000000000000004,0.8660254037844384,6,1,0,400,500.0,0,0,53.0,26.6,0.0,105
2026-07-05T22:00:00+00:00,z2,22,-0.5000000000000004,0.8660254037844384,6,1,0,600,450.0,0,0,34.0,26.6,0.0,91
2026-07-05T22:00:00+00:00,z3,22,-0.5000000000000004,0.8660254037844384,6,1,0,900,1200.0,0,0,64.0,26.6,0.0,704
2026-07-05T22:00:00+00:00,z4,22,-0.5000000000000004,0.8660254037844384,6,1,0,300,350.0,0,0,19.0,26.6,0.0,14
2026-07-05T23:00:00+00:00,z1,23,-0.25881904510252157,0.9659258262890681,6,1,0,400,500.0,0,0,52.0,24.1,0.0,101
2026-07-05T23:00:00+00:00,z2,23,-0.25881904510252157,0.9659258262890681,6,1,0,600,450.0,0,0,33.0,24.1,0.0,52
2026-07-05T23:00:00+00:00,z3,23,-0.25881904510252157,0.9659258262890681,6,1,0,900,1200.0,0,0,63.0,24.1,0.0,102
2026-07-05T23:00:00+00:00,z4,23,-0.25881904510252157,0.9659258262890681,6,1,0,300,350.0,0,0,18.0,24.1,0.0,6
2026-07-06T00:00:00+00:00,z1,0,0.0,1.0,0,0,0,400,500.0,0,0,51.0,21.9,0.0,6
2026-07-06T00:00:00+00:00,z2,0,0.0,1.0,0,0,0,600,450.0,0,0,32.0,21.9,0.0,60
2026-07-06T00:00:00+00:00,z3,0,0.0,1.0,0,0,0,900,1200.0,0,0,62.0,21.9,0.0,24
2026-07-06T00:00:00+00:00,z4,0,0.0,1.0,0,0,0,300,350.0,0,0,17.0,21.9,0.0,3
2026-07-06T01:00:00+00:00,z1,1,0.25881904510252074,0.9659258262890683,0,0,0,400,500.0,0,0,50.0,21.3,0.0,1
2026-07-06T01:00:00+00:00,z2,1,0.25881904510252074,0.9659258262890683,0,0,0,600,450.0,0,0,31.0,21.3,0.0,59
2026-07-06T01:00:00+00:00,z3,1,0.25881904510252074,0.9659258262890683,0,0,0,900,1200.0,0,0,61.0,21.3,0.0,28
2026-07-06T01:00:00+00:00,z4,1,0.25881904510252074,0.9659258262890683,0,0,0,300,350.0,0,0,16.0,21.3,0.0,15
2026-07-06T02:00:00+00:00,z1,2,0.49999999999999994,0.8660254037844387,0,0,0,400,500.0,0,0,49.0,21.2,0.0,24
2026-07-06T02:00:00+00:00,z2,2,0.49999999999999994,0.8660254037844387,0,0,0,600,450.0,0,0,30.0,21.2,0.0,24
2026-07-06T02:00:00+00:00,z3,2,0.49999999999999994,0.8660254037844387,0,0,0,900,1200.0,0,0,60.0,21.2,0.0,31
2026-07-06T02:00:00+00:00,z4,2,0.49999999999999994,0.8660254037844387,0,0,0,300,350.0,0,0,15.0,21.2,0.0,0
2026-07-06T03:00:00+00:00,z1,3,0.7071067811865476,0.7071067811865476,0,0,0,400,500.0,0,0,48.0,18.0,0.0,32
2026-07-06T03:00:00+00:00,z2,3,0.7071067811865476,0.7071067811865476,0,0,0,600,450.0,0,0,29.0,18.0,0.0,62
2026-07-06T03:00:00+00:00,z3,3,0.7071067811865476,0.7071067811865476,0,0,0,900,1200.0,0,0,59.0,18.0,0.0,0
2026-07-06T03:00:00+00:00,z4,3,0.7071067811865476,0.7071067811865476,0,0,0,300,350.0,0,0,14.0,18.0,0.0,4
2026-07-06T04:00:00+00:00,z1,4,0.8660254037844386,0.5000000000000001,0,0,0,400,500.0,0,0,47.0,21.9,0.0,10
2026-07-06T04:00:00+00:00,z2,4,0.8660254037844386,0.5000000000000001,0,0,0,600,450.0,0,0,28.0,21.9,0.0,6
2026-07-06T04:00:00+00:00,z3,4,0.8660254037844386,0.5000000000000001,0,0,0,900,1200.0,0,0,58.0,21.9,0.0,45
2026-07-06T04:00:00+00:00,z4,4,0.8660254037844386,0.5000000000000001,0,0,0,300,350.0,0,0,13.0,21.9,0.0,1
2026-07-06T05:00:00+00:00,z1,5,0.9659258262890683,0.25881904510252074,0,0,0,400,500.0,0,0,46.0,20.0,0.0,36
2026-07-06T05:00:00+00:00,z2,5,0.9659258262890683,0.25881904510252074,0,0,0,600,450.0,0,0,27.0,20.0,0.0,37
2026-07-06T05:00:00+00:00,z3,5,0.9659258262890683,0.25881904510252074,0,0,0,900,1200.0,0,0,57.0,20.0,0.0,45
2026-07-06T05:00:00+00:00,z4,5,0.9659258262890683,0.25881904510252074,0,0,0,300,350.0,0,0,12.0,20.0,0.0,23
2026-07-06T06:00:00+00:00,z1,6,1.0,6.123233995736766e-17,0,0,0,400,500.0,0,0,45.0,23.7,0.0,33
2026-07-06T06:00:00+00:00,z2,6,1.0,6.123233995736766e-17,0,0,0,600,450.0,0,0,26.0,23.7,0.0,80
2026-07-06T06:00:00+00:00,z3,6,1.0,6.123233995736766e-17,0,0,0,900,1200.0,0,0,56.0,23.7,0.0,50
2026-07-06T06:00:00+00:00,z4,6,1.0,6.123233995736766e-17,0,0,0,300,350.0,0,0,11.0,23.7,0.0,16
2026-07-06T07:00:00+00:00,z1,7,0.9659258262890683,-0.25881904510252063,0,0,0,400,500.0,0,0,44.0,26.0,0.0,30
2026-07-06T07:00:00+00:00,z2,7,0.9659258262890683,-0.25881904510252063,0,0,0,600,450.0,0,0,25.0,26.0,0.0,93
2026-07-06T07:00:00+00:00,z3,7,0.9659258262890683,-0.25881904510252063,0,0,0,900,1200.0,0,0,55.0,26.0,0.0,29
2026-07-06T07:00:00+00:00,z4,7,0.9659258262890683,-0.25881904510252063,0,0,0,300,350.0,0,0,10.0,26.0,0.0,8
2026-07-06T08:00:00+00:00,z1,8,0.8660254037844387,-0.4999999999999998,0,0,0,400,500.0,0,0,43.0,26.1,0.0,19
2026-07-06T08:00:00+00:00,z2,8,0.8660254037844387,-0.4999999999999998,0,0,0,600,450.0,0,0,24.0,26.1,0.0,419
2026-07-06T08:00:00+00:00,z3,8,0.8660254037844387,-0.4999999999999998,0,0,0,900,1200.0,0,0,54.0,26.1,0.0,125
2026-07-06T08:00:00+00:00,z4,8,0.8660254037844387,-0.4999999999999998,0,0,0,300,350.0,0,0,9.0,26.1,0.0,3
2026-07-06T09:00:00+00:00,z1,9,0.7071067811865476,-0.7071067811865475,0,0,0,400,500.0,0,0,42.0,26.3,18.7,116
2026-07-06T09:00:00+00:00,z2,9,0.7071067811865476,-0.7071067811865475,0,0,0,600,450.0,0,0,23.0,26.3,18.7,409
2026-07-06T09:00:00+00:00,z3,9,0.7071067811865476,-0.7071067811865475,0,0,0,900,1200.0,0,0,53.0,26.3,18.7,101
2026-07-06T09:00:00+00:00,z4,9,0.7071067811865476,-0.7071067811865475,0,0,0,300,350.0,0,0,8.0,26.3,18.7,8
2026-07-06T10:00:00+00:00,z1,10,0.49999999999999994,-0.8660254037844387,0,0,0,400,500.0,0,0,41.0,30.0,0.0,224
2026-07-06T10:00:00+00:00,z2,10,0.49999999999999994,-0.8660254037844387,0,0,0,600,450.0,0,0,22.0,30.0,0.0,430
2026-07-06T10:00:00+00:00,z3,10,0.49999999999999994,-0.8660254037844387,0,0,0,900,1200.0,0,0,52.0,30.0,0.0,77
2026-07-06T10:00:00+00:00,z4,10,0.49999999999999994,-0.8660254037844387,0,0,0,300,350.0,0,0,7.0,30.0,0.0,14
2026-07-06T11:00:00+00:00,z1,11,0.258819045102521,-0.9659258262890682,0,0,0,400,500.0,0,0,40.0,30.5,0.0,240
2026-07-06T11:00:00+00:00,z2,11,0.258819045102521,-0.9659258262890682,0,0,0,600,450.0,0,0,21.0,30.5,0.0,140
2026-07-06T11:00:00+00:00,z3,11,0.258819045102521,-0.9659258262890682,0,0,0,900,1200.0,0,0,51.0,30.5,0.0,90
2026-07-06T11:00:00+00:00,z4,11,0.258819045102521,-0.9659258262890682,0,0,0,300,350.0,0,0,6.0,30.5,0.0,16
2026-07-06T12:00:00+00:00,z1,12,1.2246467991473532e-16,-1.0,0,0,0,400,500.0,0,0,39.0,34.1,0.0,246
2026-07-06T12:00:00+00:00,z2,12,1.2246467991473532e-16,-1.0,0,0,0,600,450.0,0,0,20.0,34.1,0.0,236
2026-07-06T12:00:00+00:00,z3,12,1.2246467991473532e-16,-1.0,0,0,0,900,1200.0,0,0,50.0,34.1,0.0,202
2026-07-06T12:00:00+00:00,z4,12,1.2246467991473532e-16,-1.0,0,0,0,300,350.0,0,0,5.0,34.1,0.0,221
2026-07-06T13:00:00+00:00,z1,13,-0.2588190451025208,-0.9659258262890683,0,0,0,400,500.0,0,0,38.0,35.4,0.0,281
2026-07-06T13:00:00+00:00,z2,13,-0.2588190451025208,-0.9659258262890683,0,0,0,600,450.0,0,0,19.0,35.4,0.0,200
2026-07-06T13:00:00+00:00,z3,13,-0.2588190451025208,-0.9659258262890683,0,0,0,900,1200.0,0,0,49.0,35.4,0.0,216
2026-07-06T13:00:00+00:00,z4,13,-0.2588190451025208,-0.9659258262890683,0,0,0,300,350.0,0,0,4.0,35.4,0.0,254
2026-07-06T14:00:00+00:00,z1,14,-0.4999999999999997,-0.8660254037844388,0,0,0,400,500.0,0,0,37.0,35.2,0.0,270
2026-07-06T14:00:00+00:00,z2,14,-0.4999999999999997,-0.8660254037844388,0,0,0,600,450.0,0,0,18.0,35.2,0.0,209
2026-07-06T14:00:00+00:00,z3,14,-0.4999999999999997,-0.8660254037844388,0,0,0,900,1200.0,0,0,48.0,35.2,0.0,146
2026-07-06T14:00:00+00:00,z4,14,-0.4999999999999997,-0.8660254037844388,0,0,0,300,350.0,0,0,3.0,35.2,0.0,220
2026-07-06T15:00:00+00:00,z1,15,-0.7071067811865471,-0.7071067811865479,0,0,0,400,500.0,0,0,36.0,35.0,0.0,250
2026-07-06T15:00:00+00:00,z2,15,-0.7071067811865471,-0.7071067811865479,0,0,0,600,450.0,0,0,17.0,35.0,0.0,223
2026-07-06T15:00:00+00:00,z3,15,-0.7071067811865471,-0.7071067811865479,0,0,0,900,1200.0,0,0,47.0,35.0,0.0,231
2026-07-06T15:00:00+00:00,z4,15,-0.7071067811865471,-0.7071067811865479,0,0,0,300,350.0,0,0,2.0,35.0,0.0,84
2026-07-06T16:00:00+00:00,z1,16,-0.8660254037844385,-0.5000000000000004,0,0,0,400,500.0,0,0,35.0,34.3,0.0,227
2026-07-06T16:00:00+00:00,z2,16,-0.8660254037844385,-0.5000000000000004,0,0,0,600,450.0,0,0,16.0,34.3,0.0,252
2026-07-06T16:00:00+00:00,z3,16,-0.8660254037844385,-0.5000000000000004,0,0,0,900,1200.0,0,0,46.0,34.3,0.0,228
2026-07-06T16:00:00+00:00,z4,16,-0.8660254037844385,-0.5000000000000004,0,0,0,300,350.0,0,0,1.0,34.3,0.0,181
2026-07-06T17:00:00+00:00,z1,17,-0.9659258262890683,-0.25881904510252063,0,0,0,400,500.0,0,0,34.0,34.2,0.0,241
2026-07-06T17:00:00+00:00,z2,17,-0.9659258262890683,-0.25881904510252063,0,0,0,600,450.0,0,0,15.0,34.2,0.0,470
2026-07-06T17:00:00+00:00,z3,17,-0.9659258262890683,-0.25881904510252063,0,0,0,900,1200.0,0,0,45.0,34.2,0.0,508
2026-07-06T17:00:00+00:00,z4,17,-0.9659258262890683,-0.25881904510252063,0,0,0,300,350.0,1396,1,29.0,34.2,0.0,316
2026-07-06T18:00:00+00:00,z1,18,-1.0,-1.8369701987210297e-16,0,0,0,400,500.0,0,0,33.0,34.1,0.0,225
2026-07-06T18:00:00+00:00,z2,18,-1.0,-1.8369701987210297e-16,0,0,0,600,450.0,0,0,14.0,34.1,0.0,526
2026-07-06T18:00:00+00:00,z3,18,-1.0,-1.8369701987210297e-16,0,0,0,900,1200.0,0,0,44.0,34.1,0.0,620
2026-07-06T18:00:00+00:00,z4,18,-1.0,-1.8369701987210297e-16,0,0,0,300,350.0,1396,1,28.0,34.1,0.0,329
2026-07-06T19:00:00+00:00,z1,19,-0.9659258262890684,0.2588190451025203,0,0,0,400,500.0,0,0,32.0,30.6,0.0,207
2026-07-06T19:00:00+00:00,z2,19,-0.9659258262890684,0.2588190451025203,0,0,0,600,450.0,0,0,13.0,30.6,0.0,505
2026-07-06T19:00:00+00:00,z3,19,-0.9659258262890684,0.2588190451025203,0,0,0,900,1200.0,0,0,43.0,30.6,0.0,550
2026-07-06T19:00:00+00:00,z4,19,-0.9659258262890684,0.2588190451025203,0,0,0,300,350.0,1396,1,27.0,30.6,0.0,483
2026-07-06T20:00:00+00:00,z1,20,-0.8660254037844386,0.5000000000000001,0,0,0,400,500.0,0,0,31.0,29.1,0.0,102
2026-07-06T20:00:00+00:00,z2,20,-0.8660254037844386,0.5000000000000001,0,0,0,600,450.0,0,0,12.0,29.1,0.0,439
2026-07-06T20:00:00+00:00,z3,20,-0.8660254037844386,0.5000000000000001,0,0,0,900,1200.0,0,0,42.0,29.1,0.0,562
2026-07-06T20:00:00+00:00,z4,20,-0.8660254037844386,0.5000000000000001,0,0,0,300,350.0,1396,1,26.0,29.1,0.0,524
2026-07-06T21:00:00+00:00,z1,21,-0.7071067811865477,0.7071067811865474,0,0,0,400,500.0,0,0,30.0,26.3,2.4,63
2026-07-06T21:00:00+00:00,z2,21,-0.7071067811865477,0.7071067811865474,0,0,0,600,450.0,0,0,11.0,26.3,2.4,47
2026-07-06T21:00:00+00:00,z3,21,-0.7071067811865477,0.7071067811865474,0,0,0,900,1200.0,0,0,41.0,26.3,2.4,269
2026-07-06T21:00:00+00:00,z4,21,-0.7071067811865477,0.7071067811865474,0,0,0,300,350.0,1396,1,25.0,26.3,2.4,353
2026-07-06T22:00:00+00:00,z1,22,-0.5000000000000004,0.8660254037844384,0,0,0,400,500.0,0,0,29.0,26.0,15.4,50
2026-07-06T22:00:00+00:00,z2,22,-0.5000000000000004,0.8660254037844384,0,0,0,600,450.0,0,0,10.0,26.0,15.4,60
2026-07-06T22:00:00+00:00,z3,22,-0.5000000000000004,0.8660254037844384,0,0,0,900,1200.0,0,0,40.0,26.0,15.4,27
2026-07-06T22:00:00+00:00,z4,22,-0.5000000000000004,0.8660254037844384,0,0,0,300,350.0,0,0,24.0,26.0,15.4,0
2026-07-06T23:00:00+00:00,z1,23,-0.25881904510252157,0.9659258262890681,0,0,0,400,500.0,0,0,28.0,23.6,0.0,98
2026-07-06T23:00:00+00:00,z2,23,-0.25881904510252157,0.9659258262890681,0,0,0,600,450.0,0,0,9.0,23.6,0.0,80
2026-07-06T23:00:00+00:00,z3,23,-0.25881904510252157,0.9659258262890681,0,0,0,900,1200.0,0,0,39.0,23.6,0.0,0
2026-07-06T23:00:00+00:00,z4,23,-0.25881904510252157,0.9659258262890681,0,0,0,300,350.0,0,0,23.0,23.6,0.0,33
2026-07-07T00:00:00+00:00,z1,0,0.0,1.0,1,0,0,400,500.0,0,0,27.0,24.0,0.0,33
2026-07-07T00:00:00+00:00,z2,0,0.0,1.0,1,0,0,600,450.0,0,0,8.0,24.0,0.0,83
2026-07-07T00:00:00+00:00,z3,0,0.0,1.0,1,0,0,900,1200.0,0,0,38.0,24.0,0.0,73
2026-07-07T00:00:00+00:00,z4,0,0.0,1.0,1,0,0,300,350.0,0,0,22.0,24.0,0.0,4
2026-07-07T01:00:00+00:00,z1,1,0.25881904510252074,0.9659258262890683,1,0,0,400,500.0,0,0,26.0,21.2,0.0,34
2026-07-07T01:00:00+00:00,z2,1,0.25881904510252074,0.9659258262890683,1,0,0,600,450.0,0,0,7.0,21.2,0.0,60
2026-07-07T01:00:00+00:00,z3,1,0.25881904510252074,0.9659258262890683,1,0,0,900,1200.0,0,0,37.0,21.2,0.0,32
2026-07-07T01:00:00+00:00,z4,1,0.25881904510252074,0.9659258262890683,1,0,0,300,350.0,0,0,21.0,21.2,0.0,17
2026-07-07T02:00:00+00:00,z1,2,0.49999999999999994,0.8660254037844387,1,0,0,400,500.0,0,0,25.0,21.4,0.0,14
2026-07-07T02:00:00+00:00,z2,2,0.49999999999999994,0.8660254037844387,1,0,0,600,450.0,0,0,6.0,21.4,0.0,0
2026-07-07T02:00:00+00:00,z3,2,0.49999999999999994,0.8660254037844387,1,0,0,900,1200.0,0,0,36.0,21.4,0.0,21
2026-07-07T02:00:00+00:00,z4,2,0.49999999999999994,0.8660254037844387,1,0,0,300,350.0,0,0,20.0,21.4,0.0,11
2026-07-07T03:00:00+00:00,z1,3,0.7071067811865476,0.7071067811865476,1,0,0,400,500.0,0,0,24.0,20.0,0.0,13
2026-07-07T03:00:00+00:00,z2,3,0.7071067811865476,0.7071067811865476,1,0,0,600,450.0,0,0,5.0,20.0,0.0,23
2026-07-07T03:00:00+00:00,z3,3,0.7071067811865476,0.7071067811865476,1,0,0,900,1200.0,0,0,35.0,20.0,0.0,32
2026-07-07T03:00:00+00:00,z4,3,0.7071067811865476,0.7071067811865476,1,0,0,300,350.0,0,0,19.0,20.0,0.0,7
2026-07-07T04:00:00+00:00,z1,4,0.8660254037844386,0.5000000000000001,1,0,0,400,500.0,0,0,23.0,20.3,0.0,11
2026-07-07T04:00:00+00:00,z2,4,0.8660254037844386,0.5000000000000001,1,0,0,600,450.0,0,0,4.0,20.3,0.0,10
2026-07-07T04:00:00+00:00,z3,4,0.8660254037844386,0.5000000000000001,1,0,0,900,1200.0,0,0,34.0,20.3,0.0,16
2026-07-07T04:00:00+00:00,z4,4,0.8660254037844386,0.5000000000000001,1,0,0,300,350.0,0,0,18.0,20.3,0.0,3
2026-07-07T05:00:00+00:00,z1,5,0.9659258262890683,0.25881904510252074,1,0,0,400,500.0,0,0,22.0,22.0,0.0,24
2026-07-07T05:00:00+00:00,z2,5,0.9659258262890683,0.25881904510252074,1,0,0,600,450.0,0,0,3.0,22.0,0.0,0
2026-07-07T05:00:00+00:00,z3,5,0.9659258262890683,0.25881904510252074,1,0,0,900,1200.0,0,0,33.0,22.0,0.0,62
2026-07-07T05:00:00+00:00,z4,5,0.9659258262890683,0.25881904510252074,1,0,0,300,350.0,0,0,17.0,22.0,0.0,19
2026-07-07T06:00:00+00:00,z1,6,1.0,6.123233995736766e-17,1,0,0,400,500.0,0,0,21.0,21.8,6.8,7
2026-07-07T06:00:00+00:00,z2,6,1.0,6.123233995736766e-17,1,0,0,600,450.0,0,0,2.0,21.8,6.8,21
2026-07-07T06:00:00+00:00,z3,6,1.0,6.123233995736766e-17,1,0,0,900,1200.0,0,0,32.0,21.8,6.8,30
2026-07-07T06:00:00+00:00,z4,6,1.0,6.123233995736766e-17,1,0,0,300,350.0,0,0,16.0,21.8,6.8,11
2026-07-07T07:00:00+00:00,z1,7,0.9659258262890683,-0.25881904510252063,1,0,0,400,500.0,0,0,20.0,25.6,0.0,8
2026-07-07T07:00:00+00:00,z2,7,0.9659258262890683,-0.25881904510252063,1,0,0,600,450.0,0,0,1.0,25.6,0.0,181
2026-07-07T07:00:00+00:00,z3,7,0.9659258262890683,-0.25881904510252063,1,0,0,900,1200.0,0,0,31.0,25.6,0.0,113
2026-07-07T07:00:00+00:00,z4,7,0.9659258262890683,-0.25881904510252063,1,0,0,300,350.0,0,0,15.0,25.6,0.0,21
2026-07-07T08:00:00+00:00,z1,8,0.8660254037844387,-0.4999999999999998,1,0,0,400,500.0,0,0,19.0,25.8,0.0,9
2026-07-07T08:00:00+00:00,z2,8,0.8660254037844387,-0.4999999999999998,1,0,0,600,450.0,1498,1,11.0,25.8,0.0,871
2026-07-07T08:00:00+00:00,z3,8,0.8660254037844387,-0.4999999999999998,1,0,0,900,1200.0,0,0,30.0,25.8,0.0,63
2026-07-07T08:00:00+00:00,z4,8,0.8660254037844387,-0.4999999999999998,1,0,0,300,350.0,0,0,14.0,25.8,0.0,13
2026-07-07T09:00:00+00:00,z1,9,0.7071067811865476,-0.7071067811865475,1,0,0,400,500.0,0,0,18.0,26.2,0.0,206
2026-07-07T09:00:00+00:00,z2,9,0.7071067811865476,-0.7071067811865475,1,0,0,600,450.0,1498,1,10.0,26.2,0.0,980
2026-07-07T09:00:00+00:00,z3,9,0.7071067811865476,-0.7071067811865475,1,0,0,900,1200.0,0,0,29.0,26.2,0.0,86
2026-07-07T09:00:00+00:00,z4,9,0.7071067811865476,-0.7071067811865475,1,0,0,300,350.0,0,0,13.0,26.2,0.0,32
2026-07-07T10:00:00+00:00,z1,10,0.49999999999999994,-0.8660254037844387,1,0,0,400,500.0,0,0,17.0,29.4,0.0,228
2026-07-07T10:00:00+00:00,z2,10,0.49999999999999994,-0.8660254037844387,1,0,0,600,450.0,1498,1,9.0,29.4,0.0,899
2026-07-07T10:00:00+00:00,z3,10,0.49999999999999994,-0.8660254037844387,1,0,0,900,1200.0,0,0,28.0,29.4,0.0,67
2026-07-07T10:00:00+00:00,z4,10,0.49999999999999994,-0.8660254037844387,1,0,0,300,350.0,0,0,12.0,29.4,0.0,12
2026-07-07T11:00:00+00:00,z1,11,0.258819045102521,-0.9659258262890682,1,0,0,400,500.0,0,0,16.0,32.1,0.0,249
2026-07-07T11:00:00+00:00,z2,11,0.258819045102521,-0.9659258262890682,1,0,0,600,450.0,1498,1,8.0,32.1,0.0,699
2026-07-07T11:00:00+00:00,z3,11,0.258819045102521,-0.9659258262890682,1,0,0,900,1200.0,0,0,27.0,32.1,0.0,73
2026-07-07T11:00:00+00:00,z4,11,0.258819045102521,-0.9659258262890682,1,0,0,300,350.0,0,0,11.0,32.1,0.0,15
2026-07-07T12:00:00+00:00,z1,12,1.2246467991473532e-16,-1.0,1,0,0,400,500.0,0,0,15.0,32.7,0.0,243
2026-07-07T12:00:00+00:00,z2,12,1.2246467991473532e-16,-1.0,1,0,0,600,450.0,0,0,7.0,32.7,0.0,166
2026-07-07T12:00:00+00:00,z3,12,1.2246467991473532e-16,-1.0,1,0,0,900,1200.0,0,0,26.0,32.7,0.0,248
2026-07-07T12:00:00+00:00,z4,12,1.2246467991473532e-16,-1.0,1,0,0,300,350.0,0,0,10.0,32.7,0.0,224
2026-07-07T13:00:00+00:00,z1,13,-0.2588190451025208,-0.9659258262890683,1,0,0,400,500.0,0,0,14.0,34.4,0.0,263
2026-07-07T13:00:00+00:00,z2,13,-0.2588190451025208,-0.9659258262890683,1,0,0,600,450.0,0,0,6.0,34.4,0.0,221
2026-07-07T13:00:00+00:00,z3,13,-0.2588190451025208,-0.9659258262890683,1,0,0,900,1200.0,0,0,25.0,34.4,0.0,259
2026-07-07T13:00:00+00:00,z4,13,-0.2588190451025208,-0.9659258262890683,1,0,0,300,350.0,0,0,9.0,34.4,0.0,247
2026-07-07T14:00:00+00:00,z1,14,-0.4999999999999997,-0.8660254037844388,1,0,0,400,500.0,0,0,13.0,35.2,0.0,281
2026-07-07T14:00:00+00:00,z2,14,-0.4999999999999997,-0.8660254037844388,1,0,0,600,450.0,0,0,5.0,35.2,0.0,180
2026-07-07T14:00:00+00:00,z3,14,-0.4999999999999997,-0.8660254037844388,1,0,0,900,1200.0,0,0,24.0,35.2,0.0,223
2026-07-07T14:00:00+00:00,z4,14,-0.4999999999999997,-0.8660254037844388,1,0,0,300,350.0,0,0,8.0,35.2,0.0,229
2026-07-07T15:00:00+00:00,z1,15,-0.7071067811865471,-0.7071067811865479,1,0,0,400,500.0,0,0,12.0,37.5,0.0,248
2026-07-07T15:00:00+00:00,z2,15,-0.7071067811865471,-0.7071067811865479,1,0,0,600,450.0,0,0,4.0,37.5,0.0,217
2026-07-07T15:00:00+00:00,z3,15,-0.7071067811865471,-0.7071067811865479,1,0,0,900,1200.0,0,0,23.0,37.5,0.0,269
2026-07-07T15:00:00+00:00,z4,15,-0.7071067811865471,-0.7071067811865479,1,0,0,300,350.0,0,0,7.0,37.5,0.0,52
2026-07-07T16:00:00+00:00,z1,16,-0.8660254037844385,-0.5000000000000004,1,0,0,400,500.0,0,0,11.0,34.3,0.0,255
2026-07-07T16:00:00+00:00,z2,16,-0.8660254037844385,-0.5000000000000004,1,0,0,600,450.0,0,0,3.0,34.3,0.0,140
2026-07-07T16:00:00+00:00,z3,16,-0.8660254037844385,-0.5000000000000004,1,0,0,900,1200.0,0,0,22.0,34.3,0.0,212
2026-07-07T16:00:00+00:00,z4,16,-0.8660254037844385,-0.5000000000000004,1,0,0,300,350.0,0,0,6.0,34.3,0.0,80
2026-07-07T17:00:00+00:00,z1,17,-0.9659258262890683,-0.25881904510252063,1,0,0,400,500.0,0,0,10.0,33.7,0.0,228
2026-07-07T17:00:00+00:00,z2,17,-0.9659258262890683,-0.25881904510252063,1,0,0,600,450.0,0,0,2.0,33.7,0.0,429
2026-07-07T17:00:00+00:00,z3,17,-0.9659258262890683,-0.25881904510252063,1,0,0,900,1200.0,0,0,21.0,33.7,0.0,490
2026-07-07T17:00:00+00:00,z4,17,-0.9659258262890683,-0.25881904510252063,1,0,0,300,350.0,0,0,5.0,33.7,0.0,96
2026-07-07T18:00:00+00:00,z1,18,-1.0,-1.8369701987210297e-16,1,0,0,400,500.0,0,0,9.0,32.1,0.0,197
2026-07-07T18:00:00+00:00,z2,18,-1.0,-1.8369701987210297e-16,1,0,0,600,450.0,0,0,1.0,32.1,0.0,609
2026-07-07T18:00:00+00:00,z3,18,-1.0,-1.8369701987210297e-16,1,0,0,900,1200.0,0,0,20.0,32.1,0.0,599
2026-07-07T18:00:00+00:00,z4,18,-1.0,-1.8369701987210297e-16,1,0,0,300,350.0,0,0,4.0,32.1,0.0,96
2026-07-07T19:00:00+00:00,z1,19,-0.9659258262890684,0.2588190451025203,1,0,0,400,500.0,0,0,8.0,32.9,0.0,199
2026-07-07T19:00:00+00:00,z2,19,-0.9659258262890684,0.2588190451025203,1,0,0,600,450.0,914,1,2.0,32.9,0.0,826
2026-07-07T19:00:00+00:00,z3,19,-0.9659258262890684,0.2588190451025203,1,0,0,900,1200.0,0,0,19.0,32.9,0.0,642
2026-07-07T19:00:00+00:00,z4,19,-0.9659258262890684,0.2588190451025203,1,0,0,300,350.0,0,0,3.0,32.9,0.0,254
2026-07-07T20:00:00+00:00,z1,20,-0.8660254037844386,0.5000000000000001,1,0,0,400,500.0,0,0,7.0,30.0,0.0,108
2026-07-07T20:00:00+00:00,z2,20,-0.8660254037844386,0.5000000000000001,1,0,0,600,450.0,914,1,1.0,30.0,0.0,984
2026-07-07T20:00:00+00:00,z3,20,-0.8660254037844386,0.5000000000000001,1,0,0,900,1200.0,0,0,18.0,30.0,0.0,557
2026-07-07T20:00:00+00:00,z4,20,-0.8660254037844386,0.5000000000000001,1,0,0,300,350.0,0,0,2.0,30.0,0.0,269
2026-07-07T21:00:00+00:00,z1,21,-0.7071067811865477,0.7071067811865474,1,0,0,400,500.0,0,0,6.0,26.6,0.0,104
2026-07-07T21:00:00+00:00,z2,21,-0.7071067811865477,0.7071067811865474,1,0,0,600,450.0,1287,2,28.0,26.6,0.0,567
2026-07-07T21:00:00+00:00,z3,21,-0.7071067811865477,0.7071067811865474,1,0,0,900,1200.0,0,0,17.0,26.6,0.0,519
2026-07-07T21:00:00+00:00,z4,21,-0.7071067811865477,0.7071067811865474,1,0,0,300,350.0,0,0,1.0,26.6,0.0,330
2026-07-07T22:00:00+00:00,z1,22,-0.5000000000000004,0.8660254037844384,1,0,0,400,500.0,0,0,5.0,24.0,15.2,72
2026-07-07T22:00:00+00:00,z2,22,-0.5000000000000004,0.8660254037844384,1,0,0,600,450.0,1287,2,27.0,24.0,15.2,411
2026-07-07T22:00:00+00:00,z3,22,-0.5000000000000004,0.8660254037844384,1,0,0,900,1200.0,0,0,16.0,24.0,15.2,58
2026-07-07T22:00:00+00:00,z4,22,-0.5000000000000004,0.8660254037844384,1,0,0,300,350.0,1034,1,35.0,24.0,15.2,204
2026-07-07T23:00:00+00:00,z1,23,-0.25881904510252157,0.9659258262890681,1,0,0,400,500.0,0,0,4.0,22.6,0.0,87
2026-07-07T23:00:00+00:00,z2,23,-0.25881904510252157,0.9659258262890681,1,0,0,600,450.0,373,1,26.0,22.6,0.0,220
2026-07-07T23:00:00+00:00,z3,23,-0.25881904510252157,0.9659258262890681,1,0,0,900,1200.0,0,0,15.0,22.6,0.0,58
2026-07-07T23:00:00+00:00,z4,23,-0.25881904510252157,0.9659258262890681,1,0,0,300,350.0,1034,1,34.0,22.6,0.0,241
2026-07-08T00:00:00+00:00,z1,0,0.0,1.0,2,0,0,400,500.0,0,0,3.0,20.5,0.0,24
2026-07-08T00:00:00+00:00,z2,0,0.0,1.0,2,0,0,600,450.0,373,1,25.0,20.5,0.0,266
2026-07-08T00:00:00+00:00,z3,0,0.0,1.0,2,0,0,900,1200.0,0,0,14.0,20.5,0.0,22
2026-07-08T00:00:00+00:00,z4,0,0.0,1.0,2,0,0,300,350.0,0,0,33.0,20.5,0.0,15
2026-07-08T01:00:00+00:00,z1,1,0.25881904510252074,0.9659258262890683,2,0,0,400,500.0,0,0,2.0,19.3,0.0,18
2026-07-08T01:00:00+00:00,z2,1,0.25881904510252074,0.9659258262890683,2,0,0,600,450.0,373,1,24.0,19.3,0.0,162
2026-07-08T01:00:00+00:00,z3,1,0.25881904510252074,0.9659258262890683,2,0,0,900,1200.0,0,0,13.0,19.3,0.0,31
2026-07-08T01:00:00+00:00,z4,1,0.25881904510252074,0.9659258262890683,2,0,0,300,350.0,0,0,32.0,19.3,0.0,0
2026-07-08T02:00:00+00:00,z1,2,0.49999999999999994,0.8660254037844387,2,0,0,400,500.0,0,0,1.0,18.3,0.0,119
2026-07-08T02:00:00+00:00,z2,2,0.49999999999999994,0.8660254037844387,2,0,0,600,450.0,0,0,23.0,18.3,0.0,3
2026-07-08T02:00:00+00:00,z3,2,0.49999999999999994,0.8660254037844387,2,0,0,900,1200.0,0,0,12.0,18.3,0.0,0
2026-07-08T02:00:00+00:00,z4,2,0.49999999999999994,0.8660254037844387,2,0,0,300,350.0,0,0,31.0,18.3,0.0,21
2026-07-08T03:00:00+00:00,z1,3,0.7071067811865476,0.7071067811865476,2,0,0,400,500.0,389,1,33.0,22.0,0.0,158
2026-07-08T03:00:00+00:00,z2,3,0.7071067811865476,0.7071067811865476,2,0,0,600,450.0,0,0,22.0,22.0,0.0,28
2026-07-08T03:00:00+00:00,z3,3,0.7071067811865476,0.7071067811865476,2,0,0,900,1200.0,0,0,11.0,22.0,0.0,40
2026-07-08T03:00:00+00:00,z4,3,0.7071067811865476,0.7071067811865476,2,0,0,300,350.0,0,0,30.0,22.0,0.0,23
2026-07-08T04:00:00+00:00,z1,4,0.8660254037844386,0.5000000000000001,2,0,0,400,500.0,389,1,32.0,21.6,0.0,155
2026-07-08T04:00:00+00:00,z2,4,0.8660254037844386,0.5000000000000001,2,0,0,600,450.0,0,0,21.0,21.6,0.0,33
2026-07-08T04:00:00+00:00,z3,4,0.8660254037844386,0.5000000000000001,2,0,0,900,1200.0,0,0,10.0,21.6,0.0,30
2026-07-08T04:00:00+00:00,z4,4,0.8660254037844386,0.5000000000000001,2,0,0,300,350.0,0,0,29.0,21.6,0.0,21
2026-07-08T05:00:00+00:00,z1,5,0.9659258262890683,0.25881904510252074,2,0,0,400,500.0,389,1,31.0,20.9,0.0,151
2026-07-08T05:00:00+00:00,z2,5,0.9659258262890683,0.25881904510252074,2,0,0,600,450.0,0,0,20.0,20.9,0.0,22
2026-07-08T05:00:00+00:00,z3,5,0.9659258262890683,0.25881904510252074,2,0,0,900,1200.0,0,0,9.0,20.9,0.0,0
2026-07-08T05:00:00+00:00,z4,5,0.9659258262890683,0.25881904510252074,2,0,0,300,350.0,0,0,28.0,20.9,0.0,10
2026-07-08T06:00:00+00:00,z1,6,1.0,6.123233995736766e-17,2,0,0,400,500.0,389,1,30.0,23.8,0.0,146
2026-07-08T06:00:00+00:00,z2,6,1.0,6.123233995736766e-17,2,0,0,600,450.0,0,0,19.0,23.8,0.0,79
2026-07-08T06:00:00+00:00,z3,6,1.0,6.123233995736766e-17,2,0,0,900,1200.0,0,0,8.0,23.8,0.0,50
2026-07-08T06:00:00+00:00,z4,6,1.0,6.123233995736766e-17,2,0,0,300,350.0,0,0,27.0,23.8,0.0,5
2026-07-08T07:00:00+00:00,z1,7,0.9659258262890683,-0.25881904510252063,2,0,0,400,500.0,0,0,29.0,23.7,0.0,45
2026-07-08T07:00:00+00:00,z2,7,0.9659258262890683,-0.25881904510252063,2,0,0,600,450.0,0,0,18.0,23.7,0.0,114
2026-07-08T07:00:00+00:00,z3,7,0.9659258262890683,-0.25881904510252063,2,0,0,900,1200.0,0,0,7.0,23.7,0.0,124
2026-07-08T07:00:00+00:00,z4,7,0.9659258262890683,-0.25881904510252063,2,0,0,300,350.0,0,0,26.0,23.7,0.0,4
2026-07-08T08:00:00+00:00,z1,8,0.8660254037844387,-0.4999999999999998,2,0,0,400,500.0,0,0,28.0,24.3,0.0,21
2026-07-08T08:00:00+00:00,z2,8,0.8660254037844387,-0.4999999999999998,2,0,0,600,450.0,0,0,17.0,24.3,0.0,397
2026-07-08T08:00:00+00:00,z3,8,0.8660254037844387,-0.4999999999999998,2,0,0,900,1200.0,0,0,6.0,24.3,0.0,53
2026-07-08T08:00:00+00:00,z4,8,0.8660254037844387,-0.4999999999999998,2,0,0,300,350.0,0,0,25.0,24.3,0.0,7
2026-07-08T09:00:00+00:00,z1,9,0.7071067811865476,-0.7071067811865475,2,0,0,400,500.0,0,0,27.0,28.5,20.0,125
2026-07-08T09:00:00+00:00,z2,9,0.7071067811865476,-0.7071067811865475,2,0,0,600,450.0,0,0,16.0,28.5,20.0,375
2026-07-08T09:00:00+00:00,z3,9,0.7071067811865476,-0.7071067811865475,2,0,0,900,1200.0,0,0,5.0,28.5,20.0,68
2026-07-08T09:00:00+00:00,z4,9,0.7071067811865476,-0.7071067811865475,2,0,0,300,350.0,0,0,24.0,28.5,20.0,17
2026-07-08T10:00:00+00:00,z1,10,0.49999999999999994,-0.8660254037844387,2,0,0,400,500.0,0,0,26.0,30.1,13.1,148
2026-07-08T10:00:00+00:00,z2,10,0.49999999999999994,-0.8660254037844387,2,0,0,600,450.0,0,0,15.0,30.1,13.1,288
2026-07-08T10:00:00+00:00,z3,10,0.49999999999999994,-0.8660254037844387,2,0,0,900,1200.0,0,0,4.0,30.1,13.1,74
2026-07-08T10:00:00+00:00,z4,10,0.49999999999999994,-0.8660254037844387,2,0,0,300,350.0,0,0,23.0,30.1,13.1,22
2026-07-08T11:00:00+00:00,z1,11,0.258819045102521,-0.9659258262890682,2,0,0,400,500.0,0,0,25.0,30.5,0.0,224
2026-07-08T11:00:00+00:00,z2,11,0.258819045102521,-0.9659258262890682,2,0,0,600,450.0,0,0,14.0,30.5,0.0,248
2026-07-08T11:00:00+00:00,z3,11,0.258819045102521,-0.9659258262890682,2,0,0,900,1200.0,0,0,3.0,30.5,0.0,81
2026-07-08T11:00:00+00:00,z4,11,0.258819045102521,-0.9659258262890682,2,0,0,300,350.0,0,0,22.0,30.5,0.0,13
2026-07-08T12:00:00+00:00,z1,12,1.2246467991473532e-16,-1.0,2,0,0,400,500.0,0,0,24.0,35.2,0.0,239
2026-07-08T12:00:00+00:00,z2,12,1.2246467991473532e-16,-1.0,2,0,0,600,450.0,0,0,13.0,35.2,0.0,206
2026-07-08T12:00:00+00:00,z3,12,1.2246467991473532e-16,-1.0,2,0,0,900,1200.0,0,0,2.0,35.2,0.0,282
2026-07-08T12:00:00+00:00,z4,12,1.2246467991473532e-16,-1.0,2,0,0,300,350.0,0,0,21.0,35.2,0.0,225
2026-07-08T13:00:00+00:00,z1,13,-0.2588190451025208,-0.9659258262890683,2,0,0,400,500.0,0,0,23.0,34.4,14.2,151
2026-07-08T13:00:00+00:00,z2,13,-0.2588190451025208,-0.9659258262890683,2,0,0,600,450.0,0,0,12.0,34.4,14.2,131
2026-07-08T13:00:00+00:00,z3,13,-0.2588190451025208,-0.9659258262890683,2,0,0,900,1200.0,0,0,1.0,34.4,14.2,173
2026-07-08T13:00:00+00:00,z4,13,-0.2588190451025208,-0.9659258262890683,2,0,0,300,350.0,0,0,20.0,34.4,14.2,201
2026-07-08T14:00:00+00:00,z1,14,-0.4999999999999997,-0.8660254037844388,2,0,0,400,500.0,0,0,22.0,36.9,0.0,244
2026-07-08T14:00:00+00:00,z2,14,-0.4999999999999997,-0.8660254037844388,2,0,0,600,450.0,0,0,11.0,36.9,0.0,208
2026-07-08T14:00:00+00:00,z3,14,-0.4999999999999997,-0.8660254037844388,2,0,0,900,1200.0,955,1,28.0,36.9,0.0,582
2026-07-08T14:00:00+00:00,z4,14,-0.4999999999999997,-0.8660254037844388,2,0,0,300,350.0,0,0,19.0,36.9,0.0,226
2026-07-08T15:00:00+00:00,z1,15,-0.7071067811865471,-0.7071067811865479,2,0,0,400,500.0,0,0,21.0,37.0,0.0,255
2026-07-08T15:00:00+00:00,z2,15,-0.7071067811865471,-0.7071067811865479,2,0,0,600,450.0,0,0,10.0,37.0,0.0,193
2026-07-08T15:00:00+00:00,z3,15,-0.7071067811865471,-0.7071067811865479,2,0,0,900,1200.0,955,1,27.0,37.0,0.0,545
2026-07-08T15:00:00+00:00,z4,15,-0.7071067811865471,-0.7071067811865479,2,0,0,300,350.0,0,0,18.0,37.0,0.0,78
2026-07-08T16:00:00+00:00,z1,16,-0.8660254037844385,-0.5000000000000004,2,0,0,400,500.0,0,0,20.0,34.7,0.0,237
2026-07-08T16:00:00+00:00,z2,16,-0.8660254037844385,-0.5000000000000004,2,0,0,600,450.0,0,0,9.0,34.7,0.0,192
2026-07-08T16:00:00+00:00,z3,16,-0.8660254037844385,-0.5000000000000004,2,0,0,900,1200.0,955,1,26.0,34.7,0.0,625
2026-07-08T16:00:00+00:00,z4,16,-0.8660254037844385,-0.5000000000000004,2,0,0,300,350.0,0,0,17.0,34.7,0.0,78
2026-07-08T17:00:00+00:00,z1,17,-0.9659258262890683,-0.25881904510252063,2,0,0,400,500.0,0,0,19.0,33.7,0.0,219
2026-07-08T17:00:00+00:00,z2,17,-0.9659258262890683,-0.25881904510252063,2,0,0,600,450.0,0,0,8.0,33.7,0.0,456
2026-07-08T17:00:00+00:00,z3,17,-0.9659258262890683,-0.25881904510252063,2,0,0,900,1200.0,955,1,25.0,33.7,0.0,776
2026-07-08T17:00:00+00:00,z4,17,-0.9659258262890683,-0.25881904510252063,2,0,0,300,350.0,0,0,16.0,33.7,0.0,79
2026-07-08T18:00:00+00:00,z1,18,-1.0,-1.8369701987210297e-16,2,0,0,400,500.0,0,0,18.0,34.0,2.2,143
2026-07-08T18:00:00+00:00,z2,18,-1.0,-1.8369701987210297e-16,2,0,0,600,450.0,0,0,7.0,34.0,2.2,379
2026-07-08T18:00:00+00:00,z3,18,-1.0,-1.8369701987210297e-16,2,0,0,900,1200.0,955,1,24.0,34.0,2.2,469
2026-07-08T18:00:00+00:00,z4,18,-1.0,-1.8369701987210297e-16,2,0,0,300,350.0,0,0,15.0,34.0,2.2,64
2026-07-08T19:00:00+00:00,z1,19,-0.9659258262890684,0.2588190451025203,2,0,0,400,500.0,0,0,17.0,32.8,0.0,181
2026-07-08T19:00:00+00:00,z2,19,-0.9659258262890684,0.2588190451025203,2,0,0,600,450.0,0,0,6.0,32.8,0.0,517
2026-07-08T19:00:00+00:00,z3,19,-0.9659258262890684,0.2588190451025203,2,0,0,900,1200.0,0,0,23.0,32.8,0.0,601
2026-07-08T19:00:00+00:00,z4,19,-0.9659258262890684,0.2588190451025203,2,0,0,300,350.0,0,0,14.0,32.8,0.0,234
2026-07-08T20:00:00+00:00,z1,20,-0.8660254037844386,0.5000000000000001,2,0,0,400,500.0,0,0,16.0,29.5,0.0,97
2026-07-08T20:00:00+00:00,z2,20,-0.8660254037844386,0.5000000000000001,2,0,0,600,450.0,0,0,5.0,29.5,0.0,463
2026-07-08T20:00:00+00:00,z3,20,-0.8660254037844386,0.5000000000000001,2,0,0,900,1200.0,0,0,22.0,29.5,0.0,570
2026-07-08T20:00:00+00:00,z4,20,-0.8660254037844386,0.5000000000000001,2,0,0,300,350.0,0,0,13.0,29.5,0.0,272
2026-07-08T21:00:00+00:00,z1,21,-0.7071067811865477,0.7071067811865474,2,0,0,400,500.0,0,0,15.0,28.6,0.0,96
2026-07-08T21:00:00+00:00,z2,21,-0.7071067811865477,0.7071067811865474,2,0,0,600,450.0,0,0,4.0,28.6,0.0,97
2026-07-08T21:00:00+00:00,z3,21,-0.7071067811865477,0.7071067811865474,2,0,0,900,1200.0,0,0,21.0,28.6,0.0,492
2026-07-08T21:00:00+00:00,z4,21,-0.7071067811865477,0.7071067811865474,2,0,0,300,350.0,0,0,12.0,28.6,0.0,244
2026-07-08T22:00:00+00:00,z1,22,-0.5000000000000004,0.8660254037844384,2,0,0,400,500.0,0,0,14.0,27.3,0.0,94
2026-07-08T22:00:00+00:00,z2,22,-0.5000000000000004,0.8660254037844384,2,0,0,600,450.0,0,0,3.0,27.3,0.0,87
2026-07-08T22:00:00+00:00,z3,22,-0.5000000000000004,0.8660254037844384,2,0,0,900,1200.0,0,0,20.0,27.3,0.0,45
2026-07-08T22:00:00+00:00,z4,22,-0.5000000000000004,0.8660254037844384,2,0,0,300,350.0,0,0,11.0,27.3,0.0,15
2026-07-08T23:00:00+00:00,z1,23,-0.25881904510252157,0.9659258262890681,2,0,0,400,500.0,0,0,13.0,23.5,0.0,90
2026-07-08T23:00:00+00:00,z2,23,-0.25881904510252157,0.9659258262890681,2,0,0,600,450.0,0,0,2.0,23.5,0.0,70
2026-07-08T23:00:00+00:00,z3,23,-0.25881904510252157,0.9659258262890681,2,0,0,900,1200.0,0,0,19.0,23.5,0.0,79
2026-07-08T23:00:00+00:00,z4,23,-0.25881904510252157,0.9659258262890681,2,0,0,300,350.0,0,0,10.0,23.5,0.0,17
2026-07-09T00:00:00+00:00,z1,0,0.0,1.0,3,0,0,400,500.0,0,0,12.0,23.1,0.0,29
2026-07-09T00:00:00+00:00,z2,0,0.0,1.0,3,0,0,600,450.0,0,0,1.0,23.1,0.0,182
2026-07-09T00:00:00+00:00,z3,0,0.0,1.0,3,0,0,900,1200.0,0,0,18.0,23.1,0.0,83
2026-07-09T00:00:00+00:00,z4,0,0.0,1.0,3,0,0,300,350.0,0,0,9.0,23.1,0.0,20
2026-07-09T01:00:00+00:00,z1,1,0.25881904510252074,0.9659258262890683,3,0,0,400,500.0,0,0,11.0,20.7,0.0,19
2026-07-09T01:00:00+00:00,z2,1,0.25881904510252074,0.9659258262890683,3,0,0,600,450.0,758,1,75.0,20.7,0.0,269
2026-07-09T01:00:00+00:00,z3,1,0.25881904510252074,0.9659258262890683,3,0,0,900,1200.0,0,0,17.0,20.7,0.0,37
2026-07-09T01:00:00+00:00,z4,1,0.25881904510252074,0.9659258262890683,3,0,0,300,350.0,0,0,8.0,20.7,0.0,12
2026-07-09T02:00:00+00:00,z1,2,0.49999999999999994,0.8660254037844387,3,0,0,400,500.0,0,0,10.0,19.5,0.0,17
2026-07-09T02:00:00+00:00,z2,2,0.49999999999999994,0.8660254037844387,3,0,0,600,450.0,758,1,74.0,19.5,0.0,253
2026-07-09T02:00:00+00:00,z3,2,0.49999999999999994,0.8660254037844387,3,0,0,900,1200.0,0,0,16.0,19.5,0.0,45
2026-07-09T02:00:00+00:00,z4,2,0.49999999999999994,0.8660254037844387,3,0,0,300,350.0,0,0,7.0,19.5,0.0,32
2026-07-09T03:00:00+00:00,z1,3,0.7071067811865476,0.7071067811865476,3,0,0,400,500.0,0,0,9.0,21.0,0.0,12
2026-07-09T03:00:00+00:00,z2,3,0.7071067811865476,0.7071067811865476,3,0,0,600,450.0,758,1,73.0,21.0,0.0,267
2026-07-09T03:00:00+00:00,z3,3,0.7071067811865476,0.7071067811865476,3,0,0,900,1200.0,0,0,15.0,21.0,0.0,34
2026-07-09T03:00:00+00:00,z4,3,0.7071067811865476,0.7071067811865476,3,0,0,300,350.0,0,0,6.0,21.0,0.0,12
2026-07-09T04:00:00+00:00,z1,4,0.8660254037844386,0.5000000000000001,3,0,0,400,500.0,0,0,8.0,19.6,0.0,31
2026-07-09T04:00:00+00:00,z2,4,0.8660254037844386,0.5000000000000001,3,0,0,600,450.0,758,1,72.0,19.6,0.0,267
2026-07-09T04:00:00+00:00,z3,4,0.8660254037844386,0.5000000000000001,3,0,0,900,1200.0,0,0,14.0,19.6,0.0,42
2026-07-09T04:00:00+00:00,z4,4,0.8660254037844386,0.5000000000000001,3,0,0,300,350.0,0,0,5.0,19.6,0.0,20
2026-07-09T05:00:00+00:00,z1,5,0.9659258262890683,0.25881904510252074,3,0,0,400,500.0,0,0,7.0,19.1,5.3,9
2026-07-09T05:00:00+00:00,z2,5,0.9659258262890683,0.25881904510252074,3,0,0,600,450.0,758,1,71.0,19.1,5.3,220
2026-07-09T05:00:00+00:00,z3,5,0.9659258262890683,0.25881904510252074,3,0,0,900,1200.0,0,0,13.0,19.1,5.3,39
2026-07-09T05:00:00+00:00,z4,5,0.9659258262890683,0.25881904510252074,3,0,0,300,350.0,0,0,4.0,19.1,5.3,14
2026-07-09T06:00:00+00:00,z1,6,1.0,6.123233995736766e-17,3,0,0,400,500.0,0,0,6.0,20.7,10.8,0
2026-07-09T06:00:00+00:00,z2,6,1.0,6.123233995736766e-17,3,0,0,600,450.0,0,0,70.0,20.7,10.8,82
2026-07-09T06:00:00+00:00,z3,6,1.0,6.123233995736766e-17,3,0,0,900,1200.0,0,0,12.0,20.7,10.8,38
2026-07-09T06:00:00+00:00,z4,6,1.0,6.123233995736766e-17,3,0,0,300,350.0,0,0,3.0,20.7,10.8,12
2026-07-09T07:00:00+00:00,z1,7,0.9659258262890683,-0.25881904510252063,3,0,0,400,500.0,0,0,5.0,25.9,0.0,21
2026-07-09T07:00:00+00:00,z2,7,0.9659258262890683,-0.25881904510252063,3,0,0,600,450.0,0,0,69.0,25.9,0.0,87
2026-07-09T07:00:00+00:00,z3,7,0.9659258262890683,-0.25881904510252063,3,0,0,900,1200.0,0,0,11.0,25.9,0.0,104
2026-07-09T07:00:00+00:00,z4,7,0.9659258262890683,-0.25881904510252063,3,0,0,300,350.0,0,0,2.0,25.9,0.0,14
2026-07-09T08:00:00+00:00,z1,8,0.8660254037844387,-0.4999999999999998,3,0,0,400,500.0,0,0,4.0,26.0,0.0,7
2026-07-09T08:00:00+00:00,z2,8,0.8660254037844387,-0.4999999999999998,3,0,0,600,450.0,0,0,68.0,26.0,0.0,413
2026-07-09T08:00:00+00:00,z3,8,0.8660254037844387,-0.4999999999999998,3,0,0,900,1200.0,0,0,10.0,26.0,0.0,77
2026-07-09T08:00:00+00:00,z4,8,0.8660254037844387,-0.4999999999999998,3,0,0,300,350.0,0,0,1.0,26.0,0.0,126
2026-07-09T09:00:00+00:00,z1,9,0.7071067811865476,-0.7071067811865475,3,0,0,400,500.0,0,0,3.0,28.4,0.0,207
2026-07-09T09:00:00+00:00,z2,9,0.7071067811865476,-0.7071067811865475,3,0,0,600,450.0,0,0,67.0,28.4,0.0,495
2026-07-09T09:00:00+00:00,z3,9,0.7071067811865476,-0.7071067811865475,3,0,0,900,1200.0,0,0,9.0,28.4,0.0,139
2026-07-09T09:00:00+00:00,z4,9,0.7071067811865476,-0.7071067811865475,3,0,0,300,350.0,916,1,42.0,28.4,0.0,257
2026-07-09T10:00:00+00:00,z1,10,0.49999999999999994,-0.8660254037844387,3,0,0,400,500.0,0,0,2.0,31.4,0.0,234
2026-07-09T10:00:00+00:00,z2,10,0.49999999999999994,-0.8660254037844387,3,0,0,600,450.0,0,0,66.0,31.4,0.0,417
2026-07-09T10:00:00+00:00,z3,10,0.49999999999999994,-0.8660254037844387,3,0,0,900,1200.0,0,0,8.0,31.4,0.0,86
2026-07-09T10:00:00+00:00,z4,10,0.49999999999999994,-0.8660254037844387,3,0,0,300,350.0,916,1,41.0,31.4,0.0,263
2026-07-09T11:00:00+00:00,z1,11,0.258819045102521,-0.9659258262890682,3,0,0,400,500.0,0,0,1.0,31.8,0.0,350
2026-07-09T11:00:00+00:00,z2,11,0.258819045102521,-0.9659258262890682,3,0,0,600,450.0,0,0,65.0,31.8,0.0,238
2026-07-09T11:00:00+00:00,z3,11,0.258819045102521,-0.9659258262890682,3,0,0,900,1200.0,0,0,7.0,31.8,0.0,96
2026-07-09T11:00:00+00:00,z4,11,0.258819045102521,-0.9659258262890682,3,0,0,300,350.0,916,1,40.0,31.8,0.0,252
2026-07-09T12:00:00+00:00,z1,12,1.2246467991473532e-16,-1.0,3,0,0,400,500.0,1316,1,28.0,34.9,0.0,562
2026-07-09T12:00:00+00:00,z2,12,1.2246467991473532e-16,-1.0,3,0,0,600,450.0,0,0,64.0,34.9,0.0,188
2026-07-09T12:00:00+00:00,z3,12,1.2246467991473532e-16,-1.0,3,0,0,900,1200.0,0,0,6.0,34.9,0.0,259
2026-07-09T12:00:00+00:00,z4,12,1.2246467991473532e-16,-1.0,3,0,0,300,350.0,0,0,39.0,34.9,0.0,223
2026-07-09T13:00:00+00:00,z1,13,-0.2588190451025208,-0.9659258262890683,3,0,0,400,500.0,1316,1,27.0,35.0,0.0,590
2026-07-09T13:00:00+00:00,z2,13,-0.2588190451025208,-0.9659258262890683,3,0,0,600,450.0,0,0,63.0,35.0,0.0,216
2026-07-09T13:00:00+00:00,z3,13,-0.2588190451025208,-0.9659258262890683,3,0,0,900,1200.0,0,0,5.0,35.0,0.0,159
2026-07-09T13:00:00+00:00,z4,13,-0.2588190451025208,-0.9659258262890683,3,0,0,300,350.0,0,0,38.0,35.0,0.0,247
2026-07-09T14:00:00+00:00,z1,14,-0.4999999999999997,-0.8660254037844388,3,0,0,400,500.0,1316,1,26.0,34.7,5.6,317
2026-07-09T14:00:00+00:00,z2,14,-0.4999999999999997,-0.8660254037844388,3,0,0,600,450.0,0,0,62.0,34.7,5.6,185
2026-07-09T14:00:00+00:00,z3,14,-0.4999999999999997,-0.8660254037844388,3,0,0,900,1200.0,0,0,4.0,34.7,5.6,123
2026-07-09T14:00:00+00:00,z4,14,-0.4999999999999997,-0.8660254037844388,3,0,0,300,350.0,0,0,37.0,34.7,5.6,181
2026-07-09T15:00:00+00:00,z1,15,-0.7071067811865471,-0.7071067811865479,3,0,0,400,500.0,0,0,25.0,35.4,0.0,262
2026-07-09T15:00:00+00:00,z2,15,-0.7071067811865471,-0.7071067811865479,3,0,0,600,450.0,0,0,61.0,35.4,0.0,216
2026-07-09T15:00:00+00:00,z3,15,-0.7071067811865471,-0.7071067811865479,3,0,0,900,1200.0,0,0,3.0,35.4,0.0,188
2026-07-09T15:00:00+00:00,z4,15,-0.7071067811865471,-0.7071067811865479,3,0,0,300,350.0,0,0,36.0,35.4,0.0,66
2026-07-09T16:00:00+00:00,z1,16,-0.8660254037844385,-0.5000000000000004,3,0,0,400,500.0,0,0,24.0,34.0,8.5,140
2026-07-09T16:00:00+00:00,z2,16,-0.8660254037844385,-0.5000000000000004,3,0,0,600,450.0,0,0,60.0,34.0,8.5,134
2026-07-09T16:00:00+00:00,z3,16,-0.8660254037844385,-0.5000000000000004,3,0,0,900,1200.0,0,0,2.0,34.0,8.5,172
2026-07-09T16:00:00+00:00,z4,16,-0.8660254037844385,-0.5000000000000004,3,0,0,300,350.0,0,0,35.0,34.0,8.5,50
2026-07-09T17:00:00+00:00,z1,17,-0.9659258262890683,-0.25881904510252063,3,0,0,400,500.0,0,0,23.0,36.8,0.0,274
2026-07-09T17:00:00+00:00,z2,17,-0.9659258262890683,-0.25881904510252063,3,0,0,600,450.0,0,0,59.0,36.8,0.0,492
2026-07-09T17:00:00+00:00,z3,17,-0.9659258262890683,-0.25881904510252063,3,0,0,900,1200.0,0,0,1.0,36.8,0.0,590
2026-07-09T17:00:00+00:00,z4,17,-0.9659258262890683,-0.25881904510252063,3,0,0,300,350.0,0,0,34.0,36.8,0.0,74
2026-07-09T18:00:00+00:00,z1,18,-1.0,-1.8369701987210297e-16,3,0,0,400,500.0,0,0,22.0,32.4,0.0,230
2026-07-09T18:00:00+00:00,z2,18,-1.0,-1.8369701987210297e-16,3,0,0,600,450.0,0,0,58.0,32.4,0.0,559
2026-07-09T18:00:00+00:00,z3,18,-1.0,-1.8369701987210297e-16,3,0,0,900,1200.0,734,2,28.0,32.4,0.0,771
2026-07-09T18:00:00+00:00,z4,18,-1.0,-1.8369701987210297e-16,3,0,0,300,350.0,0,0,33.0,32.4,0.0,58
2026-07-09T19:00:00+00:00,z1,19,-0.9659258262890684,0.2588190451025203,3,0,0,400,500.0,0,0,21.0,31.0,0.0,193
2026-07-09T19:00:00+00:00,z2,19,-0.9659258262890684,0.2588190451025203,3,0,0,600,450.0,0,0,57.0,31.0,0.0,538
2026-07-09T19:00:00+00:00,z3,19,-0.9659258262890684,0.2588190451025203,3,0,0,900,1200.0,734,2,27.0,31.0,0.0,855
2026-07-09T19:00:00+00:00,z4,19,-0.9659258262890684,0.2588190451025203,3,0,0,300,350.0,0,0,32.0,31.0,0.0,250
2026-07-09T20:00:00+00:00,z1,20,-0.8660254037844386,0.5000000000000001,3,0,0,400,500.0,0,0,20.0,28.5,8.8,41
2026-07-09T20:00:00+00:00,z2,20,-0.8660254037844386,0.5000000000000001,3,0,0,600,450.0,0,0,56.0,28.5,8.8,296
2026-07-09T20:00:00+00:00,z3,20,-0.8660254037844386,0.5000000000000001,3,0,0,900,1200.0,491,1,26.0,28.5,8.8,425
2026-07-09T20:00:00+00:00,z4,20,-0.8660254037844386,0.5000000000000001,3,0,0,300,350.0,0,0,31.0,28.5,8.8,195
2026-07-09T21:00:00+00:00,z1,21,-0.7071067811865477,0.7071067811865474,3,0,0,400,500.0,0,0,19.0,29.8,0.0,76
2026-07-09T21:00:00+00:00,z2,21,-0.7071067811865477,0.7071067811865474,3,0,0,600,450.0,0,0,55.0,29.8,0.0,93
2026-07-09T21:00:00+00:00,z3,21,-0.7071067811865477,0.7071067811865474,3,0,0,900,1200.0,0,0,25.0,29.8,0.0,516
2026-07-09T21:00:00+00:00,z4,21,-0.7071067811865477,0.7071067811865474,3,0,0,300,350.0,0,0,30.0,29.8,0.0,239
2026-07-09T22:00:00+00:00,z1,22,-0.5000000000000004,0.8660254037844384,3,0,0,400,500.0,0,0,18.0,27.8,0.0,95
2026-07-09T22:00:00+00:00,z2,22,-0.5000000000000004,0.8660254037844384,3,0,0,600,450.0,0,0,54.0,27.8,0.0,87
2026-07-09T22:00:00+00:00,z3,22,-0.5000000000000004,0.8660254037844384,3,0,0,900,1200.0,0,0,24.0,27.8,0.0,62
2026-07-09T22:00:00+00:00,z4,22,-0.5000000000000004,0.8660254037844384,3,0,0,300,350.0,0,0,29.0,27.8,0.0,3
2026-07-09T23:00:00+00:00,z1,23,-0.25881904510252157,0.9659258262890681,3,0,0,400,500.0,0,0,17.0,25.3,0.0,91
2026-07-09T23:00:00+00:00,z2,23,-0.25881904510252157,0.9659258262890681,3,0,0,600,450.0,0,0,53.0,25.3,0.0,99
2026-07-09T23:00:00+00:00,z3,23,-0.25881904510252157,0.9659258262890681,3,0,0,900,1200.0,0,0,23.0,25.3,0.0,81
2026-07-09T23:00:00+00:00,z4,23,-0.25881904510252157,0.9659258262890681,3,0,0,300,350.0,0,0,28.0,25.3,0.0,17
2026-07-10T00:00:00+00:00,z1,0,0.0,1.0,4,0,0,400,500.0,0,0,16.0,23.1,0.0,8
2026-07-10T00:00:00+00:00,z2,0,0.0,1.0,4,0,0,600,450.0,0,0,52.0,23.1,0.0,87
2026-07-10T00:00:00+00:00,z3,0,0.0,1.0,4,0,0,900,1200.0,0,0,22.0,23.1,0.0,13
2026-07-10T00:00:00+00:00,z4,0,0.0,1.0,4,0,0,300,350.0,0,0,27.0,23.1,0.0,17
2026-07-10T01:00:00+00:00,z1,1,0.25881904510252074,0.9659258262890683,4,0,0,400,500.0,0,0,15.0,21.3,0.0,34
2026-07-10T01:00:00+00:00,z2,1,0.25881904510252074,0.9659258262890683,4,0,0,600,450.0,0,0,51.0,21.3,0.0,3
2026-07-10T01:00:00+00:00,z3,1,0.25881904510252074,0.9659258262890683,4,0,0,900,1200.0,0,0,21.0,21.3,0.0,15
2026-07-10T01:00:00+00:00,z4,1,0.25881904510252074,0.9659258262890683,4,0,0,300,350.0,0,0,26.0,21.3,0.0,13
2026-07-10T02:00:00+00:00,z1,2,0.49999999999999994,0.8660254037844387,4,0,0,400,500.0,0,0,14.0,20.6,4.7,20
2026-07-10T02:00:00+00:00,z2,2,0.49999999999999994,0.8660254037844387,4,0,0,600,450.0,0,0,50.0,20.6,4.7,9
2026-07-10T02:00:00+00:00,z3,2,0.49999999999999994,0.8660254037844387,4,0,0,900,1200.0,0,0,20.0,20.6,4.7,6
2026-07-10T02:00:00+00:00,z4,2,0.49999999999999994,0.8660254037844387,4,0,0,300,350.0,0,0,25.0,20.6,4.7,0
2026-07-10T03:00:00+00:00,z1,3,0.7071067811865476,0.7071067811865476,4,0,0,400,500.0,0,0,13.0,18.9,0.0,21
2026-07-10T03:00:00+00:00,z2,3,0.7071067811865476,0.7071067811865476,4,0,0,600,450.0,0,0,49.0,18.9,0.0,58
2026-07-10T03:00:00+00:00,z3,3,0.7071067811865476,0.7071067811865476,4,0,0,900,1200.0,0,0,19.0,18.9,0.0,26
2026-07-10T03:00:00+00:00,z4,3,0.7071067811865476,0.7071067811865476,4,0,0,300,350.0,0,0,24.0,18.9,0.0,13
2026-07-10T04:00:00+00:00,z1,4,0.8660254037844386,0.5000000000000001,4,0,0,400,500.0,0,0,12.0,19.3,17.5,14
2026-07-10T04:00:00+00:00,z2,4,0.8660254037844386,0.5000000000000001,4,0,0,600,450.0,0,0,48.0,19.3,17.5,10
2026-07-10T04:00:00+00:00,z3,4,0.8660254037844386,0.5000000000000001,4,0,0,900,1200.0,0,0,18.0,19.3,17.5,2
2026-07-10T04:00:00+00:00,z4,4,0.8660254037844386,0.5000000000000001,4,0,0,300,350.0,0,0,23.0,19.3,17.5,15
2026-07-10T05:00:00+00:00,z1,5,0.9659258262890683,0.25881904510252074,4,0,0,400,500.0,0,0,11.0,20.5,0.0,14
2026-07-10T05:00:00+00:00,z2,5,0.9659258262890683,0.25881904510252074,4,0,0,600,450.0,0,0,47.0,20.5,0.0,29
2026-07-10T05:00:00+00:00,z3,5,0.9659258262890683,0.25881904510252074,4,0,0,900,1200.0,0,0,17.0,20.5,0.0,10
2026-07-10T05:00:00+00:00,z4,5,0.9659258262890683,0.25881904510252074,4,0,0,300,350.0,0,0,22.0,20.5,0.0,26
2026-07-10T06:00:00+00:00,z1,6,1.0,6.123233995736766e-17,4,0,0,400,500.0,0,0,10.0,22.3,0.0,28
2026-07-10T06:00:00+00:00,z2,6,1.0,6.123233995736766e-17,4,0,0,600,450.0,0,0,46.0,22.3,0.0,80
2026-07-10T06:00:00+00:00,z3,6,1.0,6.123233995736766e-17,4,0,0,900,1200.0,0,0,16.0,22.3,0.0,99
2026-07-10T06:00:00+00:00,z4,6,1.0,6.123233995736766e-17,4,0,0,300,350.0,0,0,21.0,22.3,0.0,11
2026-07-10T07:00:00+00:00,z1,7,0.9659258262890683,-0.25881904510252063,4,0,0,400,500.0,0,0,9.0,24.9,0.0,11
2026-07-10T07:00:00+00:00,z2,7,0.9659258262890683,-0.25881904510252063,4,0,0,600,450.0,0,0,45.0,24.9,0.0,76
2026-07-10T07:00:00+00:00,z3,7,0.9659258262890683,-0.25881904510252063,4,0,0,900,1200.0,0,0,15.0,24.9,0.0,24
2026-07-10T07:00:00+00:00,z4,7,0.9659258262890683,-0.25881904510252063,4,0,0,300,350.0,0,0,20.0,24.9,0.0,19
2026-07-10T08:00:00+00:00,z1,8,0.8660254037844387,-0.4999999999999998,4,0,0,400,500.0,0,0,8.0,24.8,0.0,0
2026-07-10T08:00:00+00:00,z2,8,0.8660254037844387,-0.4999999999999998,4,0,0,600,450.0,0,0,44.0,24.8,0.0,398
2026-07-10T08:00:00+00:00,z3,8,0.8660254037844387,-0.4999999999999998,4,0,0,900,1200.0,0,0,14.0,24.8,0.0,16
2026-07-10T08:00:00+00:00,z4,8,0.8660254037844387,-0.4999999999999998,4,0,0,300,350.0,0,0,19.0,24.8,0.0,14
2026-07-10T09:00:00+00:00,z1,9,0.7071067811865476,-0.7071067811865475,4,0,0,400,500.0,0,0,7.0,27.0,0.0,198
2026-07-10T09:00:00+00:00,z2,9,0.7071067811865476,-0.7071067811865475,4,0,0,600,450.0,0,0,43.0,27.0,0.0,504
2026-07-10T09:00:00+00:00,z3,9,0.7071067811865476,-0.7071067811865475,4,0,0,900,1200.0,0,0,13.0,27.0,0.0,44
2026-07-10T09:00:00+00:00,z4,9,0.7071067811865476,-0.7071067811865475,4,0,0,300,350.0,0,0,18.0,27.0,0.0,4
2026-07-10T10:00:00+00:00,z1,10,0.49999999999999994,-0.8660254037844387,4,0,0,400,500.0,0,0,6.0,28.7,23.2,126
2026-07-10T10:00:00+00:00,z2,10,0.49999999999999994,-0.8660254037844387,4,0,0,600,450.0,0,0,42.0,28.7,23.2,305
2026-07-10T10:00:00+00:00,z3,10,0.49999999999999994,-0.8660254037844387,4,0,0,900,1200.0,0,0,12.0,28.7,23.2,48
2026-07-10T10:00:00+00:00,z4,10,0.49999999999999994,-0.8660254037844387,4,0,0,300,350.0,0,0,17.0,28.7,23.2,3
2026-07-10T11:00:00+00:00,z1,11,0.258819045102521,-0.9659258262890682,4,0,0,400,500.0,0,0,5.0,32.7,0.0,237
2026-07-10T11:00:00+00:00,z2,11,0.258819045102521,-0.9659258262890682,4,0,0,600,450.0,0,0,41.0,32.7,0.0,240
2026-07-10T11:00:00+00:00,z3,11,0.258819045102521,-0.9659258262890682,4,0,0,900,1200.0,0,0,11.0,32.7,0.0,88
2026-07-10T11:00:00+00:00,z4,11,0.258819045102521,-0.9659258262890682,4,0,0,300,350.0,0,0,16.0,32.7,0.0,11
2026-07-10T12:00:00+00:00,z1,12,1.2246467991473532e-16,-1.0,4,0,0,400,500.0,0,0,4.0,34.7,0.0,252
2026-07-10T12:00:00+00:00,z2,12,1.2246467991473532e-16,-1.0,4,0,0,600,450.0,0,0,40.0,34.7,0.0,178
2026-07-10T12:00:00+00:00,z3,12,1.2246467991473532e-16,-1.0,4,0,0,900,1200.0,0,0,10.0,34.7,0.0,224
2026-07-10T12:00:00+00:00,z4,12,1.2246467991473532e-16,-1.0,4,0,0,300,350.0,0,0,15.0,34.7,0.0,222
2026-07-10T13:00:00+00:00,z1,13,-0.2588190451025208,-0.9659258262890683,4,0,0,400,500.0,0,0,3.0,35.4,0.0,255
2026-07-10T13:00:00+00:00,z2,13,-0.2588190451025208,-0.9659258262890683,4,0,0,600,450.0,0,0,39.0,35.4,0.0,243
2026-07-10T13:00:00+00:00,z3,13,-0.2588190451025208,-0.9659258262890683,4,0,0,900,1200.0,0,0,9.0,35.4,0.0,234
2026-07-10T13:00:00+00:00,z4,13,-0.2588190451025208,-0.9659258262890683,4,0,0,300,350.0,0,0,14.0,35.4,0.0,246
2026-07-10T14:00:00+00:00,z1,14,-0.4999999999999997,-0.8660254037844388,4,0,0,400,500.0,0,0,2.0,37.2,0.0,243
2026-07-10T14:00:00+00:00,z2,14,-0.4999999999999997,-0.8660254037844388,4,0,0,600,450.0,0,0,38.0,37.2,0.0,210
2026-07-10T14:00:00+00:00,z3,14,-0.4999999999999997,-0.8660254037844388,4,0,0,900,1200.0,0,0,8.0,37.2,0.0,230
2026-07-10T14:00:00+00:00,z4,14,-0.4999999999999997,-0.8660254037844388,4,0,0,300,350.0,0,0,13.0,37.2,0.0,226
2026-07-10T15:00:00+00:00,z1,15,-0.7071067811865471,-0.7071067811865479,4,0,0,400,500.0,0,0,1.0,35.1,0.0,346
2026-07-10T15:00:00+00:00,z2,15,-0.7071067811865471,-0.7071067811865479,4,0,0,600,450.0,0,0,37.0,35.1,0.0,224
2026-07-10T15:00:00+00:00,z3,15,-0.7071067811865471,-0.7071067811865479,4,0,0,900,1200.0,0,0,7.0,35.1,0.0,186
2026-07-10T15:00:00+00:00,z4,15,-0.7071067811865471,-0.7071067811865479,4,0,0,300,350.0,0,0,12.0,35.1,0.0,61
2026-07-10T16:00:00+00:00,z1,16,-0.8660254037844385,-0.5000000000000004,4,0,0,400,500.0,345,1,57.0,35.6,0.0,377
2026-07-10T16:00:00+00:00,z2,16,-0.8660254037844385,-0.5000000000000004,4,0,0,600,450.0,0,0,36.0,35.6,0.0,225
2026-07-10T16:00:00+00:00,z3,16,-0.8660254037844385,-0.5000000000000004,4,0,0,900,1200.0,0,0,6.0,35.6,0.0,189
2026-07-10T16:00:00+00:00,z4,16,-0.8660254037844385,-0.5000000000000004,4,0,0,300,350.0,0,0,11.0,35.6,0.0,80
2026-07-10T17:00:00+00:00,z1,17,-0.9659258262890683,-0.25881904510252063,4,0,0,400,500.0,345,1,56.0,33.6,0.0,346
2026-07-10T17:00:00+00:00,z2,17,-0.9659258262890683,-0.25881904510252063,4,0,0,600,450.0,0,0,35.0,33.6,0.0,452
2026-07-10T17:00:00+00:00,z3,17,-0.9659258262890683,-0.25881904510252063,4,0,0,900,1200.0,0,0,5.0,33.6,0.0,461
2026-07-10T17:00:00+00:00,z4,17,-0.9659258262890683,-0.25881904510252063,4,0,0,300,350.0,0,0,10.0,33.6,0.0,61
2026-07-10T18:00:00+00:00,z1,18,-1.0,-1.8369701987210297e-16,4,0,0,400,500.0,345,1,55.0,33.5,0.0,335
2026-07-10T18:00:00+00:00,z2,18,-1.0,-1.8369701987210297e-16,4,0,0,600,450.0,0,0,34.0,33.5,0.0,526
2026-07-10T18:00:00+00:00,z3,18,-1.0,-1.8369701987210297e-16,4,0,0,900,1200.0,0,0,4.0,33.5,0.0,548
2026-07-10T18:00:00+00:00,z4,18,-1.0,-1.8369701987210297e-16,4,0,0,300,350.0,0,0,9.0,33.5,0.0,50
2026-07-10T19:00:00+00:00,z1,19,-0.9659258262890684,0.2588190451025203,4,0,0,400,500.0,0,0,54.0,30.8,0.0,195
2026-07-10T19:00:00+00:00,z2,19,-0.9659258262890684,0.2588190451025203,4,0,0,600,450.0,0,0,33.0,30.8,0.0,533
2026-07-10T19:00:00+00:00,z3,19,-0.9659258262890684,0.2588190451025203,4,0,0,900,1200.0,0,0,3.0,30.8,0.0,584
2026-07-10T19:00:00+00:00,z4,19,-0.9659258262890684,0.2588190451025203,4,0,0,300,350.0,0,0,8.0,30.8,0.0,242
2026-07-10T20:00:00+00:00,z1,20,-0.8660254037844386,0.5000000000000001,4,0,0,400,500.0,0,0,53.0,29.4,0.0,92
2026-07-10T20:00:00+00:00,z2,20,-0.8660254037844386,0.5000000000000001,4,0,0,600,450.0,0,0,32.0,29.4,0.0,471
2026-07-10T20:00:00+00:00,z3,20,-0.8660254037844386,0.5000000000000001,4,0,0,900,1200.0,0,0,2.0,29.4,0.0,527
2026-07-10T20:00:00+00:00,z4,20,-0.8660254037844386,0.5000000000000001,4,0,0,300,350.0,0,0,7.0,29.4,0.0,274
2026-07-10T21:00:00+00:00,z1,21,-0.7071067811865477,0.7071067811865474,4,0,0,400,500.0,0,0,52.0,27.0,0.0,114
2026-07-10T21:00:00+00:00,z2,21,-0.7071067811865477,0.7071067811865474,4,0,0,600,450.0,0,0,31.0,27.0,0.0,99
2026-07-10T21:00:00+00:00,z3,21,-0.7071067811865477,0.7071067811865474,4,0,0,900,1200.0,0,0,1.0,27.0,0.0,590
2026-07-10T21:00:00+00:00,z4,21,-0.7071067811865477,0.7071067811865474,4,0,0,300,350.0,0,0,6.0,27.0,0.0,235
2026-07-10T22:00:00+00:00,z1,22,-0.5000000000000004,0.8660254037844384,4,0,0,400,500.0,0,0,51.0,24.9,0.0,112
2026-07-10T22:00:00+00:00,z2,22,-0.5000000000000004,0.8660254037844384,4,0,0,600,450.0,0,0,30.0,24.9,0.0,64
2026-07-10T22:00:00+00:00,z3,22,-0.5000000000000004,0.8660254037844384,4,0,0,900,1200.0,1129,1,32.0,24.9,0.0,441
2026-07-10T22:00:00+00:00,z4,22,-0.5000000000000004,0.8660254037844384,4,0,0,300,350.0,0,0,5.0,24.9,0.0,11
2026-07-10T23:00:00+00:00,z1,23,-0.25881904510252157,0.9659258262890681,4,0,0,400,500.0,0,0,50.0,24.5,0.0,115
2026-07-10T23:00:00+00:00,z2,23,-0.25881904510252157,0.9659258262890681,4,0,0,600,450.0,0,0,29.0,24.5,0.0,97
2026-07-10T23:00:00+00:00,z3,23,-0.25881904510252157,0.9659258262890681,4,0,0,900,1200.0,1129,1,31.0,24.5,0.0,441
2026-07-10T23:00:00+00:00,z4,23,-0.25881904510252157,0.9659258262890681,4,0,0,300,350.0,0,0,4.0,24.5,0.0,12
2026-07-11T00:00:00+00:00,z1,0,0.0,1.0,5,1,0,400,500.0,0,0,49.0,22.3,0.0,13
2026-07-11T00:00:00+00:00,z2,0,0.0,1.0,5,1,0,600,450.0,0,0,28.0,22.3,0.0,77
2026-07-11T00:00:00+00:00,z3,0,0.0,1.0,5,1,0,900,1200.0,1129,1,30.0,22.3,0.0,512
2026-07-11T00:00:00+00:00,z4,0,0.0,1.0,5,1,0,300,350.0,0,0,3.0,22.3,0.0,3
2026-07-11T01:00:00+00:00,z1,1,0.25881904510252074,0.9659258262890683,5,1,0,400,500.0,0,0,48.0,21.9,0.0,38
2026-07-11T01:00:00+00:00,z2,1,0.25881904510252074,0.9659258262890683,5,1,0,600,450.0,0,0,27.0,21.9,0.0,32
2026-07-11T01:00:00+00:00,z3,1,0.25881904510252074,0.9659258262890683,5,1,0,900,1200.0,1129,1,29.0,21.9,0.0,447
2026-07-11T01:00:00+00:00,z4,1,0.25881904510252074,0.9659258262890683,5,1,0,300,350.0,0,0,2.0,21.9,0.0,3
2026-07-11T02:00:00+00:00,z1,2,0.49999999999999994,0.8660254037844387,5,1,0,400,500.0,0,0,47.0,20.6,0.0,7
2026-07-11T02:00:00+00:00,z2,2,0.49999999999999994,0.8660254037844387,5,1,0,600,450.0,0,0,26.0,20.6,0.0,0
2026-07-11T02:00:00+00:00,z3,2,0.49999999999999994,0.8660254037844387,5,1,0,900,1200.0,0,0,28.0,20.6,0.0,10
2026-07-11T02:00:00+00:00,z4,2,0.49999999999999994,0.8660254037844387,5,1,0,300,350.0,0,0,1.0,20.6,0.0,114
2026-07-11T03:00:00+00:00,z1,3,0.7071067811865476,0.7071067811865476,5,1,0,400,500.0,0,0,46.0,19.5,0.0,35
2026-07-11T03:00:00+00:00,z2,3,0.7071067811865476,0.7071067811865476,5,1,0,600,450.0,0,0,25.0,19.5,0.0,0
2026-07-11T03:00:00+00:00,z3,3,0.7071067811865476,0.7071067811865476,5,1,0,900,1200.0,0,0,27.0,19.5,0.0,30
2026-07-11T03:00:00+00:00,z4,3,0.7071067811865476,0.7071067811865476,5,1,0,300,350.0,769,1,24.0,19.5,0.0,246
2026-07-11T04:00:00+00:00,z1,4,0.8660254037844386,0.5000000000000001,5,1,0,400,500.0,0,0,45.0,20.3,0.0,1
2026-07-11T04:00:00+00:00,z2,4,0.8660254037844386,0.5000000000000001,5,1,0,600,450.0,0,0,24.0,20.3,0.0,32
2026-07-11T04:00:00+00:00,z3,4,0.8660254037844386,0.5000000000000001,5,1,0,900,1200.0,0,0,26.0,20.3,0.0,18
2026-07-11T04:00:00+00:00,z4,4,0.8660254037844386,0.5000000000000001,5,1,0,300,350.0,769,1,23.0,20.3,0.0,251
2026-07-11T05:00:00+00:00,z1,5,0.9659258262890683,0.25881904510252074,5,1,0,400,500.0,0,0,44.0,20.3,0.0,9
2026-07-11T05:00:00+00:00,z2,5,0.9659258262890683,0.25881904510252074,5,1,0,600,450.0,0,0,23.0,20.3,0.0,5
2026-07-11T05:00:00+00:00,z3,5,0.9659258262890683,0.25881904510252074,5,1,0,900,1200.0,0,0,25.0,20.3,0.0,36
2026-07-11T05:00:00+00:00,z4,5,0.9659258262890683,0.25881904510252074,5,1,0,300,350.0,0,0,22.0,20.3,0.0,5
2026-07-11T06:00:00+00:00,z1,6,1.0,6.123233995736766e-17,5,1,0,400,500.0,0,0,43.0,23.6,0.0,16
2026-07-11T06:00:00+00:00,z2,6,1.0,6.123233995736766e-17,5,1,0,600,450.0,0,0,22.0,23.6,0.0,77
2026-07-11T06:00:00+00:00,z3,6,1.0,6.123233995736766e-17,5,1,0,900,1200.0,0,0,24.0,23.6,0.0,99
2026-07-11T06:00:00+00:00,z4,6,1.0,6.123233995736766e-17,5,1,0,300,350.0,0,0,21.0,23.6,0.0,30
2026-07-11T07:00:00+00:00,z1,7,0.9659258262890683,-0.25881904510252063,5,1,0,400,500.0,0,0,42.0,24.5,0.0,22
2026-07-11T07:00:00+00:00,z2,7,0.9659258262890683,-0.25881904510252063,5,1,0,600,450.0,0,0,21.0,24.5,0.0,108
2026-07-11T07:00:00+00:00,z3,7,0.9659258262890683,-0.25881904510252063,5,1,0,900,1200.0,0,0,23.0,24.5,0.0,52
2026-07-11T07:00:00+00:00,z4,7,0.9659258262890683,-0.25881904510252063,5,1,0,300,350.0,0,0,20.0,24.5,0.0,16
2026-07-11T08:00:00+00:00,z1,8,0.8660254037844387,-0.4999999999999998,5,1,0,400,500.0,0,0,41.0,25.3,0.0,7
2026-07-11T08:00:00+00:00,z2,8,0.8660254037844387,-0.4999999999999998,5,1,0,600,450.0,0,0,20.0,25.3,0.0,63
2026-07-11T08:00:00+00:00,z3,8,0.8660254037844387,-0.4999999999999998,5,1,0,900,1200.0,0,0,22.0,25.3,0.0,70
2026-07-11T08:00:00+00:00,z4,8,0.8660254037844387,-0.4999999999999998,5,1,0,300,350.0,0,0,19.0,25.3,0.0,26
2026-07-11T09:00:00+00:00,z1,9,0.7071067811865476,-0.7071067811865475,5,1,0,400,500.0,0,0,40.0,28.2,0.0,271
2026-07-11T09:00:00+00:00,z2,9,0.7071067811865476,-0.7071067811865475,5,1,0,600,450.0,0,0,19.0,28.2,0.0,94
2026-07-11T09:00:00+00:00,z3,9,0.7071067811865476,-0.7071067811865475,5,1,0,900,1200.0,0,0,21.0,28.2,0.0,49
2026-07-11T09:00:00+00:00,z4,9,0.7071067811865476,-0.7071067811865475,5,1,0,300,350.0,0,0,18.0,28.2,0.0,13
2026-07-11T10:00:00+00:00,z1,10,0.49999999999999994,-0.8660254037844387,5,1,0,400,500.0,0,0,39.0,29.1,4.8,157
2026-07-11T10:00:00+00:00,z2,10,0.49999999999999994,-0.8660254037844387,5,1,0,600,450.0,0,0,18.0,29.1,4.8,71
2026-07-11T10:00:00+00:00,z3,10,0.49999999999999994,-0.8660254037844387,5,1,0,900,1200.0,0,0,20.0,29.1,4.8,0
2026-07-11T10:00:00+00:00,z4,10,0.49999999999999994,-0.8660254037844387,5,1,0,300,350.0,0,0,17.0,29.1,4.8,3
2026-07-11T11:00:00+00:00,z1,11,0.258819045102521,-0.9659258262890682,5,1,0,400,500.0,0,0,38.0,33.5,0.0,294
2026-07-11T11:00:00+00:00,z2,11,0.258819045102521,-0.9659258262890682,5,1,0,600,450.0,0,0,17.0,33.5,0.0,100
2026-07-11T11:00:00+00:00,z3,11,0.258819045102521,-0.9659258262890682,5,1,0,900,1200.0,0,0,19.0,33.5,0.0,319
2026-07-11T11:00:00+00:00,z4,11,0.258819045102521,-0.9659258262890682,5,1,0,300,350.0,0,0,16.0,33.5,0.0,14
2026-07-11T12:00:00+00:00,z1,12,1.2246467991473532e-16,-1.0,5,1,0,400,500.0,0,0,37.0,34.0,0.0,310
2026-07-11T12:00:00+00:00,z2,12,1.2246467991473532e-16,-1.0,5,1,0,600,450.0,0,0,16.0,34.0,0.0,255
2026-07-11T12:00:00+00:00,z3,12,1.2246467991473532e-16,-1.0,5,1,0,900,1200.0,0,0,18.0,34.0,0.0,394
2026-07-11T12:00:00+00:00,z4,12,1.2246467991473532e-16,-1.0,5,1,0,300,350.0,0,0,15.0,34.0,0.0,230
2026-07-11T13:00:00+00:00,z1,13,-0.2588190451025208,-0.9659258262890683,5,1,0,400,500.0,0,0,36.0,36.0,0.0,307
2026-07-11T13:00:00+00:00,z2,13,-0.2588190451025208,-0.9659258262890683,5,1,0,600,450.0,0,0,15.0,36.0,0.0,226
2026-07-11T13:00:00+00:00,z3,13,-0.2588190451025208,-0.9659258262890683,5,1,0,900,1200.0,0,0,17.0,36.0,0.0,410
2026-07-11T13:00:00+00:00,z4,13,-0.2588190451025208,-0.9659258262890683,5,1,0,300,350.0,0,0,14.0,36.0,0.0,264
2026-07-11T14:00:00+00:00,z1,14,-0.4999999999999997,-0.8660254037844388,5,1,0,400,500.0,0,0,35.0,35.7,0.0,337
2026-07-11T14:00:00+00:00,z2,14,-0.4999999999999997,-0.8660254037844388,5,1,0,600,450.0,0,0,14.0,35.7,0.0,291
2026-07-11T14:00:00+00:00,z3,14,-0.4999999999999997,-0.8660254037844388,5,1,0,900,1200.0,0,0,16.0,35.7,0.0,452
2026-07-11T14:00:00+00:00,z4,14,-0.4999999999999997,-0.8660254037844388,5,1,0,300,350.0,0,0,13.0,35.7,0.0,228
2026-07-11T15:00:00+00:00,z1,15,-0.7071067811865471,-0.7071067811865479,5,1,0,400,500.0,0,0,34.0,35.5,0.0,310
2026-07-11T15:00:00+00:00,z2,15,-0.7071067811865471,-0.7071067811865479,5,1,0,600,450.0,0,0,13.0,35.5,0.0,290
2026-07-11T15:00:00+00:00,z3,15,-0.7071067811865471,-0.7071067811865479,5,1,0,900,1200.0,0,0,15.0,35.5,0.0,462
2026-07-11T15:00:00+00:00,z4,15,-0.7071067811865471,-0.7071067811865479,5,1,0,300,350.0,0,0,12.0,35.5,0.0,55
2026-07-11T16:00:00+00:00,z1,16,-0.8660254037844385,-0.5000000000000004,5,1,0,400,500.0,0,0,33.0,34.4,0.0,328
2026-07-11T16:00:00+00:00,z2,16,-0.8660254037844385,-0.5000000000000004,5,1,0,600,450.0,0,0,12.0,34.4,0.0,293
2026-07-11T16:00:00+00:00,z3,16,-0.8660254037844385,-0.5000000000000004,5,1,0,900,1200.0,0,0,14.0,34.4,0.0,756
2026-07-11T16:00:00+00:00,z4,16,-0.8660254037844385,-0.5000000000000004,5,1,0,300,350.0,0,0,11.0,34.4,0.0,55
2026-07-11T17:00:00+00:00,z1,17,-0.9659258262890683,-0.25881904510252063,5,1,0,400,500.0,0,0,32.0,35.5,0.0,302
2026-07-11T17:00:00+00:00,z2,17,-0.9659258262890683,-0.25881904510252063,5,1,0,600,450.0,0,0,11.0,35.5,0.0,286
2026-07-11T17:00:00+00:00,z3,17,-0.9659258262890683,-0.25881904510252063,5,1,0,900,1200.0,0,0,13.0,35.5,0.0,736
2026-07-11T17:00:00+00:00,z4,17,-0.9659258262890683,-0.25881904510252063,5,1,0,300,350.0,0,0,10.0,35.5,0.0,82
2026-07-11T18:00:00+00:00,z1,18,-1.0,-1.8369701987210297e-16,5,1,0,400,500.0,0,0,31.0,31.9,0.0,291
2026-07-11T18:00:00+00:00,z2,18,-1.0,-1.8369701987210297e-16,5,1,0,600,450.0,0,0,10.0,31.9,0.0,277
2026-07-11T18:00:00+00:00,z3,18,-1.0,-1.8369701987210297e-16,5,1,0,900,1200.0,0,0,12.0,31.9,0.0,773
2026-07-11T18:00:00+00:00,z4,18,-1.0,-1.8369701987210297e-16,5,1,0,300,350.0,0,0,9.0,31.9,0.0,65
2026-07-11T19:00:00+00:00,z1,19,-0.9659258262890684,0.2588190451025203,5,1,0,400,500.0,0,0,30.0,31.3,0.0,259
2026-07-11T19:00:00+00:00,z2,19,-0.9659258262890684,0.2588190451025203,5,1,0,600,450.0,0,0,9.0,31.3,0.0,288
2026-07-11T19:00:00+00:00,z3,19,-0.9659258262890684,0.2588190451025203,5,1,0,900,1200.0,0,0,11.0,31.3,0.0,854
2026-07-11T19:00:00+00:00,z4,19,-0.9659258262890684,0.2588190451025203,5,1,0,300,350.0,0,0,8.0,31.3,0.0,239
2026-07-11T20:00:00+00:00,z1,20,-0.8660254037844386,0.5000000000000001,5,1,0,400,500.0,0,0,29.0,29.1,0.0,122
2026-07-11T20:00:00+00:00,z2,20,-0.8660254037844386,0.5000000000000001,5,1,0,600,450.0,0,0,8.0,29.1,0.0,265
2026-07-11T20:00:00+00:00,z3,20,-0.8660254037844386,0.5000000000000001,5,1,0,900,1200.0,0,0,10.0,29.1,0.0,804
2026-07-11T20:00:00+00:00,z4,20,-0.8660254037844386,0.5000000000000001,5,1,0,300,350.0,0,0,7.0,29.1,0.0,255
2026-07-11T21:00:00+00:00,z1,21,-0.7071067811865477,0.7071067811865474,5,1,0,400,500.0,0,0,28.0,27.1,0.0,97
2026-07-11T21:00:00+00:00,z2,21,-0.7071067811865477,0.7071067811865474,5,1,0,600,450.0,0,0,7.0,27.1,0.0,234
2026-07-11T21:00:00+00:00,z3,21,-0.7071067811865477,0.7071067811865474,5,1,0,900,1200.0,0,0,9.0,27.1,0.0,800
2026-07-11T21:00:00+00:00,z4,21,-0.7071067811865477,0.7071067811865474,5,1,0,300,350.0,0,0,6.0,27.1,0.0,244
2026-07-11T22:00:00+00:00,z1,22,-0.5000000000000004,0.8660254037844384,5,1,0,400,500.0,0,0,27.0,27.4,0.0,86
2026-07-11T22:00:00+00:00,z2,22,-0.5000000000000004,0.8660254037844384,5,1,0,600,450.0,0,0,6.0,27.4,0.0,93
2026-07-11T22:00:00+00:00,z3,22,-0.5000000000000004,0.8660254037844384,5,1,0,900,1200.0,0,0,8.0,27.4,0.0,738
2026-07-11T22:00:00+00:00,z4,22,-0.5000000000000004,0.8660254037844384,5,1,0,300,350.0,0,0,5.0,27.4,0.0,29
2026-07-11T23:00:00+00:00,z1,23,-0.25881904510252157,0.9659258262890681,5,1,0,400,500.0,0,0,26.0,24.3,0.0,111
2026-07-11T23:00:00+00:00,z2,23,-0.25881904510252157,0.9659258262890681,5,1,0,600,450.0,0,0,5.0,24.3,0.0,104
2026-07-11T23:00:00+00:00,z3,23,-0.25881904510252157,0.9659258262890681,5,1,0,900,1200.0,0,0,7.0,24.3,0.0,92
2026-07-11T23:00:00+00:00,z4,23,-0.25881904510252157,0.9659258262890681,5,1,0,300,350.0,0,0,4.0,24.3,0.0,18
2026-07-12T00:00:00+00:00,z1,0,0.0,1.0,6,1,0,400,500.0,0,0,25.0,22.0,0.0,35
2026-07-12T00:00:00+00:00,z2,0,0.0,1.0,6,1,0,600,450.0,0,0,4.0,22.0,0.0,66
2026-07-12T00:00:00+00:00,z3,0,0.0,1.0,6,1,0,900,1200.0,0,0,6.0,22.0,0.0,81
2026-07-12T00:00:00+00:00,z4,0,0.0,1.0,6,1,0,300,350.0,0,0,3.0,22.0,0.0,8
2026-07-12T01:00:00+00:00,z1,1,0.25881904510252074,0.9659258262890683,6,1,0,400,500.0,0,0,24.0,19.2,0.0,20
2026-07-12T01:00:00+00:00,z2,1,0.25881904510252074,0.9659258262890683,6,1,0,600,450.0,0,0,3.0,19.2,0.0,51
2026-07-12T01:00:00+00:00,z3,1,0.25881904510252074,0.9659258262890683,6,1,0,900,1200.0,0,0,5.0,19.2,0.0,21
2026-07-12T01:00:00+00:00,z4,1,0.25881904510252074,0.9659258262890683,6,1,0,300,350.0,0,0,2.0,19.2,0.0,0
2026-07-12T02:00:00+00:00,z1,2,0.49999999999999994,0.8660254037844387,6,1,0,400,500.0,0,0,23.0,18.9,3.5,5
2026-07-12T02:00:00+00:00,z2,2,0.49999999999999994,0.8660254037844387,6,1,0,600,450.0,0,0,2.0,18.9,3.5,33
2026-07-12T02:00:00+00:00,z3,2,0.49999999999999994,0.8660254037844387,6,1,0,900,1200.0,0,0,4.0,18.9,3.5,25
2026-07-12T02:00:00+00:00,z4,2,0.49999999999999994,0.8660254037844387,6,1,0,300,350.0,0,0,1.0,18.9,3.5,86
2026-07-12T03:00:00+00:00,z1,3,0.7071067811865476,0.7071067811865476,6,1,0,400,500.0,0,0,22.0,21.1,8.0,2
2026-07-12T03:00:00+00:00,z2,3,0.7071067811865476,0.7071067811865476,6,1,0,600,450.0,0,0,1.0,21.1,8.0,70
2026-07-12T03:00:00+00:00,z3,3,0.7071067811865476,0.7071067811865476,6,1,0,900,1200.0,0,0,3.0,21.1,8.0,37
2026-07-12T03:00:00+00:00,z4,3,0.7071067811865476,0.7071067811865476,6,1,0,300,350.0,468,1,7.0,21.1,8.0,122
2026-07-12T04:00:00+00:00,z1,4,0.8660254037844386,0.5000000000000001,6,1,0,400,500.0,0,0,21.0,19.3,0.0,42
2026-07-12T04:00:00+00:00,z2,4,0.8660254037844386,0.5000000000000001,6,1,0,600,450.0,1041,1,2.0,19.3,0.0,389
2026-07-12T04:00:00+00:00,z3,4,0.8660254037844386,0.5000000000000001,6,1,0,900,1200.0,0,0,2.0,19.3,0.0,25
2026-07-12T04:00:00+00:00,z4,4,0.8660254037844386,0.5000000000000001,6,1,0,300,350.0,468,1,6.0,19.3,0.0,165
2026-07-12T05:00:00+00:00,z1,5,0.9659258262890683,0.25881904510252074,6,1,0,400,500.0,0,0,20.0,21.7,0.0,11
2026-07-12T05:00:00+00:00,z2,5,0.9659258262890683,0.25881904510252074,6,1,0,600,450.0,1041,1,1.0,21.7,0.0,641
2026-07-12T05:00:00+00:00,z3,5,0.9659258262890683,0.25881904510252074,6,1,0,900,1200.0,0,0,1.0,21.7,0.0,174
2026-07-12T05:00:00+00:00,z4,5,0.9659258262890683,0.25881904510252074,6,1,0,300,350.0,468,1,5.0,21.7,0.0,176
2026-07-12T06:00:00+00:00,z1,6,1.0,6.123233995736766e-17,6,1,0,400,500.0,0,0,19.0,21.4,0.0,11
2026-07-12T06:00:00+00:00,z2,6,1.0,6.123233995736766e-17,6,1,0,600,450.0,2402,2,99.0,21.4,0.0,604
2026-07-12T06:00:00+00:00,z3,6,1.0,6.123233995736766e-17,6,1,0,900,1200.0,1328,1,14.0,21.4,0.0,556
2026-07-12T06:00:00+00:00,z4,6,1.0,6.123233995736766e-17,6,1,0,300,350.0,468,1,4.0,21.4,0.0,186
2026-07-12T07:00:00+00:00,z1,7,0.9659258262890683,-0.25881904510252063,6,1,0,400,500.0,0,0,18.0,25.9,0.0,13
2026-07-12T07:00:00+00:00,z2,7,0.9659258262890683,-0.25881904510252063,6,1,0,600,450.0,2402,2,99.0,25.9,0.0,577
2026-07-12T07:00:00+00:00,z3,7,0.9659258262890683,-0.25881904510252063,6,1,0,900,1200.0,1328,1,13.0,25.9,0.0,563
2026-07-12T07:00:00+00:00,z4,7,0.9659258262890683,-0.25881904510252063,6,1,0,300,350.0,0,0,3.0,25.9,0.0,0
2026-07-12T08:00:00+00:00,z1,8,0.8660254037844387,-0.4999999999999998,6,1,0,400,500.0,0,0,17.0,24.6,0.0,44
2026-07-12T08:00:00+00:00,z2,8,0.8660254037844387,-0.4999999999999998,6,1,0,600,450.0,1041,1,99.0,24.6,0.0,478
2026-07-12T08:00:00+00:00,z3,8,0.8660254037844387,-0.4999999999999998,6,1,0,900,1200.0,1328,1,12.0,24.6,0.0,544
2026-07-12T08:00:00+00:00,z4,8,0.8660254037844387,-0.4999999999999998,6,1,0,300,350.0,0,0,2.0,24.6,0.0,5
2026-07-12T09:00:00+00:00,z1,9,0.7071067811865476,-0.7071067811865475,6,1,0,400,500.0,0,0,16.0,28.5,0.0,264
2026-07-12T09:00:00+00:00,z2,9,0.7071067811865476,-0.7071067811865475,6,1,0,600,450.0,0,0,99.0,28.5,0.0,92
2026-07-12T09:00:00+00:00,z3,9,0.7071067811865476,-0.7071067811865475,6,1,0,900,1200.0,0,0,11.0,28.5,0.0,100
2026-07-12T09:00:00+00:00,z4,9,0.7071067811865476,-0.7071067811865475,6,1,0,300,350.0,0,0,1.0,28.5,0.0,117
2026-07-12T10:00:00+00:00,z1,10,0.49999999999999994,-0.8660254037844387,6,1,0,400,500.0,0,0,15.0,30.3,0.0,285
2026-07-12T10:00:00+00:00,z2,10,0.49999999999999994,-0.8660254037844387,6,1,0,600,450.0,0,0,99.0,30.3,0.0,116
2026-07-12T10:00:00+00:00,z3,10,0.49999999999999994,-0.8660254037844387,6,1,0,900,1200.0,0,0,10.0,30.3,0.0,105
2026-07-12T10:00:00+00:00,z4,10,0.49999999999999994,-0.8660254037844387,6,1,0,300,350.0,1117,1,4.0,30.3,0.0,246
2026-07-12T11:00:00+00:00,z1,11,0.258819045102521,-0.9659258262890682,6,1,0,400,500.0,0,0,14.0,32.6,0.0,312
2026-07-12T11:00:00+00:00,z2,11,0.258819045102521,-0.9659258262890682,6,1,0,600,450.0,0,0,99.0,32.6,0.0,120
2026-07-12T11:00:00+00:00,z3,11,0.258819045102521,-0.9659258262890682,6,1,0,900,1200.0,0,0,9.0,32.6,0.0,476
2026-07-12T11:00:00+00:00,z4,11,0.258819045102521,-0.9659258262890682,6,1,0,300,350.0,1117,1,3.0,32.6,0.0,245
2026-07-12T12:00:00+00:00,z1,12,1.2246467991473532e-16,-1.0,6,1,0,400,500.0,0,0,13.0,33.8,0.0,311
2026-07-12T12:00:00+00:00,z2,12,1.2246467991473532e-16,-1.0,6,1,0,600,450.0,0,0,99.0,33.8,0.0,203
2026-07-12T12:00:00+00:00,z3,12,1.2246467991473532e-16,-1.0,6,1,0,900,1200.0,0,0,8.0,33.8,0.0,415
2026-07-12T12:00:00+00:00,z4,12,1.2246467991473532e-16,-1.0,6,1,0,300,350.0,1117,1,2.0,33.8,0.0,460
2026-07-12T13:00:00+00:00,z1,13,-0.2588190451025208,-0.9659258262890683,6,1,0,400,500.0,0,0,12.0,34.4,0.0,340
2026-07-12T13:00:00+00:00,z2,13,-0.2588190451025208,-0.9659258262890683,6,1,0,600,450.0,0,0,99.0,34.4,0.0,247
2026-07-12T13:00:00+00:00,z3,13,-0.2588190451025208,-0.9659258262890683,6,1,0,900,1200.0,0,0,7.0,34.4,0.0,342
2026-07-12T13:00:00+00:00,z4,13,-0.2588190451025208,-0.9659258262890683,6,1,0,300,350.0,1117,1,1.0,34.4,0.0,770
2026-07-12T14:00:00+00:00,z1,14,-0.4999999999999997,-0.8660254037844388,6,1,0,400,500.0,0,0,11.0,33.7,0.0,296
2026-07-12T14:00:00+00:00,z2,14,-0.4999999999999997,-0.8660254037844388,6,1,0,600,450.0,0,0,99.0,33.7,0.0,292
2026-07-12T14:00:00+00:00,z3,14,-0.4999999999999997,-0.8660254037844388,6,1,0,900,1200.0,0,0,6.0,33.7,0.0,381
2026-07-12T14:00:00+00:00,z4,14,-0.4999999999999997,-0.8660254037844388,6,1,0,300,350.0,2454,2,22.0,33.7,0.0,465
2026-07-12T15:00:00+00:00,z1,15,-0.7071067811865471,-0.7071067811865479,6,1,0,400,500.0,0,0,10.0,35.4,0.0,292
2026-07-12T15:00:00+00:00,z2,15,-0.7071067811865471,-0.7071067811865479,6,1,0,600,450.0,0,0,99.0,35.4,0.0,286
2026-07-12T15:00:00+00:00,z3,15,-0.7071067811865471,-0.7071067811865479,6,1,0,900,1200.0,0,0,5.0,35.4,0.0,405
2026-07-12T15:00:00+00:00,z4,15,-0.7071067811865471,-0.7071067811865479,6,1,0,300,350.0,1337,1,21.0,35.4,0.0,325
2026-07-12T16:00:00+00:00,z1,16,-0.8660254037844385,-0.5000000000000004,6,1,0,400,500.0,0,0,9.0,37.5,0.0,298
2026-07-12T16:00:00+00:00,z2,16,-0.8660254037844385,-0.5000000000000004,6,1,0,600,450.0,0,0,99.0,37.5,0.0,299
2026-07-12T16:00:00+00:00,z3,16,-0.8660254037844385,-0.5000000000000004,6,1,0,900,1200.0,0,0,4.0,37.5,0.0,720
2026-07-12T16:00:00+00:00,z4,16,-0.8660254037844385,-0.5000000000000004,6,1,0,300,350.0,1337,1,20.0,37.5,0.0,304
2026-07-12T17:00:00+00:00,z1,17,-0.9659258262890683,-0.25881904510252063,6,1,0,400,500.0,0,0,8.0,34.6,0.0,279
2026-07-12T17:00:00+00:00,z2,17,-0.9659258262890683,-0.25881904510252063,6,1,0,600,450.0,0,0,99.0,34.6,0.0,310
2026-07-12T17:00:00+00:00,z3,17,-0.9659258262890683,-0.25881904510252063,6,1,0,900,1200.0,0,0,3.0,34.6,0.0,701
2026-07-12T17:00:00+00:00,z4,17,-0.9659258262890683,-0.25881904510252063,6,1,0,300,350.0,1337,1,19.0,34.6,0.0,300
2026-07-12T18:00:00+00:00,z1,18,-1.0,-1.8369701987210297e-16,6,1,0,400,500.0,0,0,7.0,31.7,0.0,273
2026-07-12T18:00:00+00:00,z2,18,-1.0,-1.8369701987210297e-16,6,1,0,600,450.0,0,0,99.0,31.7,0.0,303
2026-07-12T18:00:00+00:00,z3,18,-1.0,-1.8369701987210297e-16,6,1,0,900,1200.0,0,0,2.0,31.7,0.0,814
2026-07-12T18:00:00+00:00,z4,18,-1.0,-1.8369701987210297e-16,6,1,0,300,350.0,1337,1,18.0,31.7,0.0,297
2026-07-12T19:00:00+00:00,z1,19,-0.9659258262890684,0.2588190451025203,6,1,0,400,500.0,0,0,6.0,32.2,0.0,248
2026-07-12T19:00:00+00:00,z2,19,-0.9659258262890684,0.2588190451025203,6,1,0,600,450.0,0,0,99.0,32.2,0.0,282
2026-07-12T19:00:00+00:00,z3,19,-0.9659258262890684,0.2588190451025203,6,1,0,900,1200.0,0,0,1.0,32.2,0.0,926
2026-07-12T19:00:00+00:00,z4,19,-0.9659258262890684,0.2588190451025203,6,1,0,300,350.0,0,0,17.0,32.2,0.0,235
2026-07-12T20:00:00+00:00,z1,20,-0.8660254037844386,0.5000000000000001,6,1,0,400,500.0,0,0,5.0,28.7,0.0,94
2026-07-12T20:00:00+00:00,z2,20,-0.8660254037844386,0.5000000000000001,6,1,0,600,450.0,0,0,99.0,28.7,0.0,273
2026-07-12T20:00:00+00:00,z3,20,-0.8660254037844386,0.5000000000000001,6,1,0,900,1200.0,1429,1,67.0,28.7,0.0,1300
2026-07-12T20:00:00+00:00,z4,20,-0.8660254037844386,0.5000000000000001,6,1,0,300,350.0,0,0,16.0,28.7,0.0,269
2026-07-12T21:00:00+00:00,z1,21,-0.7071067811865477,0.7071067811865474,6,1,0,400,500.0,0,0,4.0,27.6,0.0,126
2026-07-12T21:00:00+00:00,z2,21,-0.7071067811865477,0.7071067811865474,6,1,0,600,450.0,0,0,99.0,27.6,0.0,214
2026-07-12T21:00:00+00:00,z3,21,-0.7071067811865477,0.7071067811865474,6,1,0,900,1200.0,1429,1,66.0,27.6,0.0,1224
2026-07-12T21:00:00+00:00,z4,21,-0.7071067811865477,0.7071067811865474,6,1,0,300,350.0,0,0,15.0,27.6,0.0,247
2026-07-12T22:00:00+00:00,z1,22,-0.5000000000000004,0.8660254037844384,6,1,0,400,500.0,0,0,3.0,25.0,0.0,92
2026-07-12T22:00:00+00:00,z2,22,-0.5000000000000004,0.8660254037844384,6,1,0,600,450.0,0,0,99.0,25.0,0.0,84
2026-07-12T22:00:00+00:00,z3,22,-0.5000000000000004,0.8660254037844384,6,1,0,900,1200.0,0,0,65.0,25.0,0.0,699
2026-07-12T22:00:00+00:00,z4,22,-0.5000000000000004,0.8660254037844384,6,1,0,300,350.0,0,0,14.0,25.0,0.0,13
2026-07-12T23:00:00+00:00,z1,23,-0.25881904510252157,0.9659258262890681,6,1,0,400,500.0,0,0,2.0,23.0,0.0,119
2026-07-12T23:00:00+00:00,z2,23,-0.25881904510252157,0.9659258262890681,6,1,0,600,450.0,0,0,99.0,23.0,0.0,104
2026-07-12T23:00:00+00:00,z3,23,-0.25881904510252157,0.9659258262890681,6,1,0,900,1200.0,0,0,64.0,23.0,0.0,113
2026-07-12T23:00:00+00:00,z4,23,-0.25881904510252157,0.9659258262890681,6,1,0,300,350.0,0,0,13.0,23.0,0.0,2
2026-07-13T00:00:00+00:00,z1,0,0.0,1.0,0,0,0,400,500.0,0,0,1.0,24.0,0.0,106
2026-07-13T00:00:00+00:00,z2,0,0.0,1.0,0,0,0,600,450.0,0,0,99.0,24.0,0.0,39
2026-07-13T00:00:00+00:00,z3,0,0.0,1.0,0,0,0,900,1200.0,0,0,63.0,24.0,0.0,50
2026-07-13T00:00:00+00:00,z4,0,0.0,1.0,0,0,0,300,350.0,0,0,12.0,24.0,0.0,24
2026-07-13T01:00:00+00:00,z1,1,0.25881904510252074,0.9659258262890683,0,0,0,400,500.0,418,1,9.0,21.8,0.0,169
2026-07-13T01:00:00+00:00,z2,1,0.25881904510252074,0.9659258262890683,0,0,0,600,450.0,0,0,99.0,21.8,0.0,23
2026-07-13T01:00:00+00:00,z3,1,0.25881904510252074,0.9659258262890683,0,0,0,900,1200.0,0,0,62.0,21.8,0.0,29
2026-07-13T01:00:00+00:00,z4,1,0.25881904510252074,0.9659258262890683,0,0,0,300,350.0,0,0,11.0,21.8,0.0,7
2026-07-13T02:00:00+00:00,z1,2,0.49999999999999994,0.8660254037844387,0,0,0,400,500.0,418,1,8.0,19.0,0.0,164
2026-07-13T02:00:00+00:00,z2,2,0.49999999999999994,0.8660254037844387,0,0,0,600,450.0,0,0,99.0,19.0,0.0,37
2026-07-13T02:00:00+00:00,z3,2,0.49999999999999994,0.8660254037844387,0,0,0,900,1200.0,0,0,61.0,19.0,0.0,0
2026-07-13T02:00:00+00:00,z4,2,0.49999999999999994,0.8660254037844387,0,0,0,300,350.0,0,0,10.0,19.0,0.0,14
2026-07-13T03:00:00+00:00,z1,3,0.7071067811865476,0.7071067811865476,0,0,0,400,500.0,418,1,7.0,18.8,3.1,100
2026-07-13T03:00:00+00:00,z2,3,0.7071067811865476,0.7071067811865476,0,0,0,600,450.0,0,0,98.0,18.8,3.1,4
2026-07-13T03:00:00+00:00,z3,3,0.7071067811865476,0.7071067811865476,0,0,0,900,1200.0,0,0,60.0,18.8,3.1,30
2026-07-13T03:00:00+00:00,z4,3,0.7071067811865476,0.7071067811865476,0,0,0,300,350.0,0,0,9.0,18.8,3.1,32
2026-07-13T04:00:00+00:00,z1,4,0.8660254037844386,0.5000000000000001,0,0,0,400,500.0,0,0,6.0,21.1,0.0,10
2026-07-13T04:00:00+00:00,z2,4,0.8660254037844386,0.5000000000000001,0,0,0,600,450.0,0,0,97.0,21.1,0.0,22
2026-07-13T04:00:00+00:00,z3,4,0.8660254037844386,0.5000000000000001,0,0,0,900,1200.0,0,0,59.0,21.1,0.0,11
2026-07-13T04:00:00+00:00,z4,4,0.8660254037844386,0.5000000000000001,0,0,0,300,350.0,0,0,8.0,21.1,0.0,11
2026-07-13T05:00:00+00:00,z1,5,0.9659258262890683,0.25881904510252074,0,0,0,400,500.0,0,0,5.0,20.3,0.0,25
2026-07-13T05:00:00+00:00,z2,5,0.9659258262890683,0.25881904510252074,0,0,0,600,450.0,0,0,96.0,20.3,0.0,24
2026-07-13T05:00:00+00:00,z3,5,0.9659258262890683,0.25881904510252074,0,0,0,900,1200.0,0,0,58.0,20.3,0.0,12
2026-07-13T05:00:00+00:00,z4,5,0.9659258262890683,0.25881904510252074,0,0,0,300,350.0,0,0,7.0,20.3,0.0,11
2026-07-13T06:00:00+00:00,z1,6,1.0,6.123233995736766e-17,0,0,0,400,500.0,0,0,4.0,23.7,0.0,38
2026-07-13T06:00:00+00:00,z2,6,1.0,6.123233995736766e-17,0,0,0,600,450.0,0,0,95.0,23.7,0.0,98
2026-07-13T06:00:00+00:00,z3,6,1.0,6.123233995736766e-17,0,0,0,900,1200.0,0,0,57.0,23.7,0.0,98
2026-07-13T06:00:00+00:00,z4,6,1.0,6.123233995736766e-17,0,0,0,300,350.0,0,0,6.0,23.7,0.0,13
2026-07-13T07:00:00+00:00,z1,7,0.9659258262890683,-0.25881904510252063,0,0,0,400,500.0,0,0,3.0,22.2,0.0,29
2026-07-13T07:00:00+00:00,z2,7,0.9659258262890683,-0.25881904510252063,0,0,0,600,450.0,0,0,94.0,22.2,0.0,95
2026-07-13T07:00:00+00:00,z3,7,0.9659258262890683,-0.25881904510252063,0,0,0,900,1200.0,0,0,56.0,22.2,0.0,46
2026-07-13T07:00:00+00:00,z4,7,0.9659258262890683,-0.25881904510252063,0,0,0,300,350.0,0,0,5.0,22.2,0.0,18
2026-07-13T08:00:00+00:00,z1,8,0.8660254037844387,-0.4999999999999998,0,0,0,400,500.0,0,0,2.0,24.2,0.0,8
2026-07-13T08:00:00+00:00,z2,8,0.8660254037844387,-0.4999999999999998,0,0,0,600,450.0,0,0,93.0,24.2,0.0,409
2026-07-13T08:00:00+00:00,z3,8,0.8660254037844387,-0.4999999999999998,0,0,0,900,1200.0,0,0,55.0,24.2,0.0,77
2026-07-13T08:00:00+00:00,z4,8,0.8660254037844387,-0.4999999999999998,0,0,0,300,350.0,0,0,4.0,24.2,0.0,18
2026-07-13T09:00:00+00:00,z1,9,0.7071067811865476,-0.7071067811865475,0,0,0,400,500.0,0,0,1.0,26.8,0.0,286
2026-07-13T09:00:00+00:00,z2,9,0.7071067811865476,-0.7071067811865475,0,0,0,600,450.0,0,0,92.0,26.8,0.0,529
2026-07-13T09:00:00+00:00,z3,9,0.7071067811865476,-0.7071067811865475,0,0,0,900,1200.0,0,0,54.0,26.8,0.0,87
2026-07-13T09:00:00+00:00,z4,9,0.7071067811865476,-0.7071067811865475,0,0,0,300,350.0,0,0,3.0,26.8,0.0,9
2026-07-13T10:00:00+00:00,z1,10,0.49999999999999994,-0.8660254037844387,0,0,0,400,500.0,1058,1,17.0,31.3,0.0,520
2026-07-13T10:00:00+00:00,z2,10,0.49999999999999994,-0.8660254037844387,0,0,0,600,450.0,0,0,91.0,31.3,0.0,417
2026-07-13T10:00:00+00:00,z3,10,0.49999999999999994,-0.8660254037844387,0,0,0,900,1200.0,0,0,53.0,31.3,0.0,60
2026-07-13T10:00:00+00:00,z4,10,0.49999999999999994,-0.8660254037844387,0,0,0,300,350.0,0,0,2.0,31.3,0.0,16
2026-07-13T11:00:00+00:00,z1,11,0.258819045102521,-0.9659258262890682,0,0,0,400,500.0,1058,1,16.0,30.5,0.0,551
2026-07-13T11:00:00+00:00,z2,11,0.258819045102521,-0.9659258262890682,0,0,0,600,450.0,0,0,90.0,30.5,0.0,159
2026-07-13T11:00:00+00:00,z3,11,0.258819045102521,-0.9659258262890682,0,0,0,900,1200.0,0,0,52.0,30.5,0.0,62
2026-07-13T11:00:00+00:00,z4,11,0.258819045102521,-0.9659258262890682,0,0,0,300,350.0,0,0,1.0,30.5,0.0,112
2026-07-13T12:00:00+00:00,z1,12,1.2246467991473532e-16,-1.0,0,0,0,400,500.0,0,0,15.0,34.7,0.0,256
2026-07-13T12:00:00+00:00,z2,12,1.2246467991473532e-16,-1.0,0,0,0,600,450.0,0,0,89.0,34.7,0.0,212
2026-07-13T12:00:00+00:00,z3,12,1.2246467991473532e-16,-1.0,0,0,0,900,1200.0,0,0,51.0,34.7,0.0,228
2026-07-13T12:00:00+00:00,z4,12,1.2246467991473532e-16,-1.0,0,0,0,300,350.0,1395,1,73.0,34.7,0.0,448
2026-07-13T13:00:00+00:00,z1,13,-0.2588190451025208,-0.9659258262890683,0,0,0,400,500.0,0,0,14.0,34.8,0.0,273
2026-07-13T13:00:00+00:00,z2,13,-0.2588190451025208,-0.9659258262890683,0,0,0,600,450.0,0,0,88.0,34.8,0.0,207
2026-07-13T13:00:00+00:00,z3,13,-0.2588190451025208,-0.9659258262890683,0,0,0,900,1200.0,0,0,50.0,34.8,0.0,292
2026-07-13T13:00:00+00:00,z4,13,-0.2588190451025208,-0.9659258262890683,0,0,0,300,350.0,1395,1,72.0,34.8,0.0,496
2026-07-13T14:00:00+00:00,z1,14,-0.4999999999999997,-0.8660254037844388,0,0,0,400,500.0,0,0,13.0,35.6,0.0,274
2026-07-13T14:00:00+00:00,z2,14,-0.4999999999999997,-0.8660254037844388,0,0,0,600,450.0,0,0,87.0,35.6,0.0,192
2026-07-13T14:00:00+00:00,z3,14,-0.4999999999999997,-0.8660254037844388,0,0,0,900,1200.0,0,0,49.0,35.6,0.0,179
2026-07-13T14:00:00+00:00,z4,14,-0.4999999999999997,-0.8660254037844388,0,0,0,300,350.0,1395,1,71.0,35.6,0.0,478
2026-07-13T15:00:00+00:00,z1,15,-0.7071067811865471,-0.7071067811865479,0,0,0,400,500.0,0,0,12.0,36.5,23.6,140
2026-07-13T15:00:00+00:00,z2,15,-0.7071067811865471,-0.7071067811865479,0,0,0,600,450.0,0,0,86.0,36.5,23.6,162
2026-07-13T15:00:00+00:00,z3,15,-0.7071067811865471,-0.7071067811865479,0,0,0,900,1200.0,0,0,48.0,36.5,23.6,145
2026-07-13T15:00:00+00:00,z4,15,-0.7071067811865471,-0.7071067811865479,0,0,0,300,350.0,1395,1,70.0,36.5,23.6,227
2026-07-13T16:00:00+00:00,z1,16,-0.8660254037844385,-0.5000000000000004,0,0,0,400,500.0,0,0,11.0,34.5,0.0,256
2026-07-13T16:00:00+00:00,z2,16,-0.8660254037844385,-0.5000000000000004,0,0,0,600,450.0,0,0,85.0,34.5,0.0,221
2026-07-13T16:00:00+00:00,z3,16,-0.8660254037844385,-0.5000000000000004,0,0,0,900,1200.0,0,0,47.0,34.5,0.0,196
2026-07-13T16:00:00+00:00,z4,16,-0.8660254037844385,-0.5000000000000004,0,0,0,300,350.0,0,0,69.0,34.5,0.0,63
2026-07-13T17:00:00+00:00,z1,17,-0.9659258262890683,-0.25881904510252063,0,0,0,400,500.0,0,0,10.0,35.5,0.0,217
2026-07-13T17:00:00+00:00,z2,17,-0.9659258262890683,-0.25881904510252063,0,0,0,600,450.0,0,0,84.0,35.5,0.0,436
2026-07-13T17:00:00+00:00,z3,17,-0.9659258262890683,-0.25881904510252063,0,0,0,900,1200.0,0,0,46.0,35.5,0.0,531
2026-07-13T17:00:00+00:00,z4,17,-0.9659258262890683,-0.25881904510252063,0,0,0,300,350.0,0,0,68.0,35.5,0.0,72
2026-07-13T18:00:00+00:00,z1,18,-1.0,-1.8369701987210297e-16,0,0,0,400,500.0,0,0,9.0,32.8,20.2,119
2026-07-13T18:00:00+00:00,z2,18,-1.0,-1.8369701987210297e-16,0,0,0,600,450.0,0,0,83.0,32.8,20.2,400
2026-07-13T18:00:00+00:00,z3,18,-1.0,-1.8369701987210297e-16,0,0,0,900,1200.0,0,0,45.0,32.8,20.2,299
2026-07-13T18:00:00+00:00,z4,18,-1.0,-1.8369701987210297e-16,0,0,0,300,350.0,0,0,67.0,32.8,20.2,57
2026-07-13T19:00:00+00:00,z1,19,-0.9659258262890684,0.2588190451025203,0,0,0,400,500.0,0,0,8.0,30.2,0.0,198
2026-07-13T19:00:00+00:00,z2,19,-0.9659258262890684,0.2588190451025203,0,0,0,600,450.0,0,0,82.0,30.2,0.0,532
2026-07-13T19:00:00+00:00,z3,19,-0.9659258262890684,0.2588190451025203,0,0,0,900,1200.0,0,0,44.0,30.2,0.0,616
2026-07-13T19:00:00+00:00,z4,19,-0.9659258262890684,0.2588190451025203,0,0,0,300,350.0,0,0,66.0,30.2,0.0,233
2026-07-13T20:00:00+00:00,z1,20,-0.8660254037844386,0.5000000000000001,0,0,0,400,500.0,0,0,7.0,30.0,0.0,119
2026-07-13T20:00:00+00:00,z2,20,-0.8660254037844386,0.5000000000000001,0,0,0,600,450.0,0,0,81.0,30.0,0.0,422
2026-07-13T20:00:00+00:00,z3,20,-0.8660254037844386,0.5000000000000001,0,0,0,900,1200.0,0,0,43.0,30.0,0.0,603
2026-07-13T20:00:00+00:00,z4,20,-0.8660254037844386,0.5000000000000001,0,0,0,300,350.0,0,0,65.0,30.0,0.0,267
2026-07-13T21:00:00+00:00,z1,21,-0.7071067811865477,0.7071067811865474,0,0,0,400,500.0,0,0,6.0,27.5,5.6,52
2026-07-13T21:00:00+00:00,z2,21,-0.7071067811865477,0.7071067811865474,0,0,0,600,450.0,0,0,80.0,27.5,5.6,33
2026-07-13T21:00:00+00:00,z3,21,-0.7071067811865477,0.7071067811865474,0,0,0,900,1200.0,0,0,42.0,27.5,5.6,260
2026-07-13T21:00:00+00:00,z4,21,-0.7071067811865477,0.7071067811865474,0,0,0,300,350.0,0,0,64.0,27.5,5.6,171
2026-07-13T22:00:00+00:00,z1,22,-0.5000000000000004,0.8660254037844384,0,0,0,400,500.0,0,0,5.0,24.3,0.0,93
2026-07-13T22:00:00+00:00,z2,22,-0.5000000000000004,0.8660254037844384,0,0,0,600,450.0,0,0,79.0,24.3,0.0,88
2026-07-13T22:00:00+00:00,z3,22,-0.5000000000000004,0.8660254037844384,0,0,0,900,1200.0,0,0,41.0,24.3,0.0,98
2026-07-13T22:00:00+00:00,z4,22,-0.5000000000000004,0.8660254037844384,0,0,0,300,350.0,0,0,63.0,24.3,0.0,17
2026-07-13T23:00:00+00:00,z1,23,-0.25881904510252157,0.9659258262890681,0,0,0,400,500.0,0,0,4.0,25.7,0.0,104
2026-07-13T23:00:00+00:00,z2,23,-0.25881904510252157,0.9659258262890681,0,0,0,600,450.0,0,0,78.0,25.7,0.0,70
2026-07-13T23:00:00+00:00,z3,23,-0.25881904510252157,0.9659258262890681,0,0,0,900,1200.0,0,0,40.0,25.7,0.0,48
2026-07-13T23:00:00+00:00,z4,23,-0.25881904510252157,0.9659258262890681,0,0,0,300,350.0,0,0,62.0,25.7,0.0,31
2026-07-14T00:00:00+00:00,z1,0,0.0,1.0,1,0,0,400,500.0,0,0,3.0,22.8,16.8,2
2026-07-14T00:00:00+00:00,z2,0,0.0,1.0,1,0,0,600,450.0,0,0,77.0,22.8,16.8,97
2026-07-14T00:00:00+00:00,z3,0,0.0,1.0,1,0,0,900,1200.0,0,0,39.0,22.8,16.8,33
2026-07-14T00:00:00+00:00,z4,0,0.0,1.0,1,0,0,300,350.0,0,0,61.0,22.8,16.8,11
2026-07-14T01:00:00+00:00,z1,1,0.25881904510252074,0.9659258262890683,1,0,0,400,500.0,0,0,2.0,21.9,0.0,22
2026-07-14T01:00:00+00:00,z2,1,0.25881904510252074,0.9659258262890683,1,0,0,600,450.0,0,0,76.0,21.9,0.0,39
2026-07-14T01:00:00+00:00,z3,1,0.25881904510252074,0.9659258262890683,1,0,0,900,1200.0,0,0,38.0,21.9,0.0,42
2026-07-14T01:00:00+00:00,z4,1,0.25881904510252074,0.9659258262890683,1,0,0,300,350.0,0,0,60.0,21.9,0.0,10
2026-07-14T02:00:00+00:00,z1,2,0.49999999999999994,0.8660254037844387,1,0,0,400,500.0,0,0,1.0,21.3,0.0,113
2026-07-14T02:00:00+00:00,z2,2,0.49999999999999994,0.8660254037844387,1,0,0,600,450.0,0,0,75.0,21.3,0.0,22
2026-07-14T02:00:00+00:00,z3,2,0.49999999999999994,0.8660254037844387,1,0,0,900,1200.0,0,0,37.0,21.3,0.0,61
2026-07-14T02:00:00+00:00,z4,2,0.49999999999999994,0.8660254037844387,1,0,0,300,350.0,0,0,59.0,21.3,0.0,9
2026-07-14T03:00:00+00:00,z1,3,0.7071067811865476,0.7071067811865476,1,0,0,400,500.0,668,1,8.0,18.5,0.0,255
2026-07-14T03:00:00+00:00,z2,3,0.7071067811865476,0.7071067811865476,1,0,0,600,450.0,0,0,74.0,18.5,0.0,49
2026-07-14T03:00:00+00:00,z3,3,0.7071067811865476,0.7071067811865476,1,0,0,900,1200.0,0,0,36.0,18.5,0.0,36
2026-07-14T03:00:00+00:00,z4,3,0.7071067811865476,0.7071067811865476,1,0,0,300,350.0,0,0,58.0,18.5,0.0,15
2026-07-14T04:00:00+00:00,z1,4,0.8660254037844386,0.5000000000000001,1,0,0,400,500.0,668,1,7.0,19.0,0.0,228
2026-07-14T04:00:00+00:00,z2,4,0.8660254037844386,0.5000000000000001,1,0,0,600,450.0,0,0,73.0,19.0,0.0,0
2026-07-14T04:00:00+00:00,z3,4,0.8660254037844386,0.5000000000000001,1,0,0,900,1200.0,0,0,35.0,19.0,0.0,36
2026-07-14T04:00:00+00:00,z4,4,0.8660254037844386,0.5000000000000001,1,0,0,300,350.0,0,0,57.0,19.0,0.0,13
2026-07-14T05:00:00+00:00,z1,5,0.9659258262890683,0.25881904510252074,1,0,0,400,500.0,0,0,6.0,22.7,0.0,3
2026-07-14T05:00:00+00:00,z2,5,0.9659258262890683,0.25881904510252074,1,0,0,600,450.0,0,0,72.0,22.7,0.0,19
2026-07-14T05:00:00+00:00,z3,5,0.9659258262890683,0.25881904510252074,1,0,0,900,1200.0,0,0,34.0,22.7,0.0,24
2026-07-14T05:00:00+00:00,z4,5,0.9659258262890683,0.25881904510252074,1,0,0,300,350.0,0,0,56.0,22.7,0.0,19
2026-07-14T06:00:00+00:00,z1,6,1.0,6.123233995736766e-17,1,0,0,400,500.0,0,0,5.0,21.8,16.7,12
2026-07-14T06:00:00+00:00,z2,6,1.0,6.123233995736766e-17,1,0,0,600,450.0,0,0,71.0,21.8,16.7,54
2026-07-14T06:00:00+00:00,z3,6,1.0,6.123233995736766e-17,1,0,0,900,1200.0,0,0,33.0,21.8,16.7,66
2026-07-14T06:00:00+00:00,z4,6,1.0,6.123233995736766e-17,1,0,0,300,350.0,0,0,55.0,21.8,16.7,9
2026-07-14T07:00:00+00:00,z1,7,0.9659258262890683,-0.25881904510252063,1,0,0,400,500.0,0,0,4.0,23.5,0.0,26
2026-07-14T07:00:00+00:00,z2,7,0.9659258262890683,-0.25881904510252063,1,0,0,600,450.0,0,0,70.0,23.5,0.0,81
2026-07-14T07:00:00+00:00,z3,7,0.9659258262890683,-0.25881904510252063,1,0,0,900,1200.0,0,0,32.0,23.5,0.0,54
2026-07-14T07:00:00+00:00,z4,7,0.9659258262890683,-0.25881904510252063,1,0,0,300,350.0,0,0,54.0,23.5,0.0,16
2026-07-14T08:00:00+00:00,z1,8,0.8660254037844387,-0.4999999999999998,1,0,0,400,500.0,0,0,3.0,24.0,0.0,20
2026-07-14T08:00:00+00:00,z2,8,0.8660254037844387,-0.4999999999999998,1,0,0,600,450.0,0,0,69.0,24.0,0.0,429
2026-07-14T08:00:00+00:00,z3,8,0.8660254037844387,-0.4999999999999998,1,0,0,900,1200.0,0,0,31.0,24.0,0.0,65
2026-07-14T08:00:00+00:00,z4,8,0.8660254037844387,-0.4999999999999998,1,0,0,300,350.0,0,0,53.0,24.0,0.0,0
2026-07-14T09:00:00+00:00,z1,9,0.7071067811865476,-0.7071067811865475,1,0,0,400,500.0,0,0,2.0,29.1,0.0,195
2026-07-14T09:00:00+00:00,z2,9,0.7071067811865476,-0.7071067811865475,1,0,0,600,450.0,0,0,68.0,29.1,0.0,524
2026-07-14T09:00:00+00:00,z3,9,0.7071067811865476,-0.7071067811865475,1,0,0,900,1200.0,0,0,30.0,29.1,0.0,64
2026-07-14T09:00:00+00:00,z4,9,0.7071067811865476,-0.7071067811865475,1,0,0,300,350.0,0,0,52.0,29.1,0.0,13
2026-07-14T10:00:00+00:00,z1,10,0.49999999999999994,-0.8660254037844387,1,0,0,400,500.0,0,0,1.0,31.0,0.0,330
2026-07-14T10:00:00+00:00,z2,10,0.49999999999999994,-0.8660254037844387,1,0,0,600,450.0,0,0,67.0,31.0,0.0,407
2026-07-14T10:00:00+00:00,z3,10,0.49999999999999994,-0.8660254037844387,1,0,0,900,1200.0,0,0,29.0,31.0,0.0,30
2026-07-14T10:00:00+00:00,z4,10,0.49999999999999994,-0.8660254037844387,1,0,0,300,350.0,0,0,51.0,31.0,0.0,14
2026-07-14T11:00:00+00:00,z1,11,0.258819045102521,-0.9659258262890682,1,0,0,400,500.0,1027,1,45.0,32.2,0.0,549
2026-07-14T11:00:00+00:00,z2,11,0.258819045102521,-0.9659258262890682,1,0,0,600,450.0,0,0,66.0,32.2,0.0,194
2026-07-14T11:00:00+00:00,z3,11,0.258819045102521,-0.9659258262890682,1,0,0,900,1200.0,0,0,28.0,32.2,0.0,67
2026-07-14T11:00:00+00:00,z4,11,0.258819045102521,-0.9659258262890682,1,0,0,300,350.0,0,0,50.0,32.2,0.0,19
2026-07-14T12:00:00+00:00,z1,12,1.2246467991473532e-16,-1.0,1,0,0,400,500.0,1027,1,44.0,33.6,0.0,568
2026-07-14T12:00:00+00:00,z2,12,1.2246467991473532e-16,-1.0,1,0,0,600,450.0,0,0,65.0,33.6,0.0,222
2026-07-14T12:00:00+00:00,z3,12,1.2246467991473532e-16,-1.0,1,0,0,900,1200.0,0,0,27.0,33.6,0.0,258
2026-07-14T12:00:00+00:00,z4,12,1.2246467991473532e-16,-1.0,1,0,0,300,350.0,0,0,49.0,33.6,0.0,222
2026-07-14T13:00:00+00:00,z1,13,-0.2588190451025208,-0.9659258262890683,1,0,0,400,500.0,1027,1,43.0,35.5,14.0,321
2026-07-14T13:00:00+00:00,z2,13,-0.2588190451025208,-0.9659258262890683,1,0,0,600,450.0,0,0,64.0,35.5,14.0,129
2026-07-14T13:00:00+00:00,z3,13,-0.2588190451025208,-0.9659258262890683,1,0,0,900,1200.0,0,0,26.0,35.5,14.0,117
2026-07-14T13:00:00+00:00,z4,13,-0.2588190451025208,-0.9659258262890683,1,0,0,300,350.0,0,0,48.0,35.5,14.0,186
2026-07-14T14:00:00+00:00,z1,14,-0.4999999999999997,-0.8660254037844388,1,0,0,400,500.0,1027,1,42.0,34.2,0.0,574
2026-07-14T14:00:00+00:00,z2,14,-0.4999999999999997,-0.8660254037844388,1,0,0,600,450.0,0,0,63.0,34.2,0.0,199
2026-07-14T14:00:00+00:00,z3,14,-0.4999999999999997,-0.8660254037844388,1,0,0,900,1200.0,0,0,25.0,34.2,0.0,287
2026-07-14T14:00:00+00:00,z4,14,-0.4999999999999997,-0.8660254037844388,1,0,0,300,350.0,0,0,47.0,34.2,0.0,219
2026-07-14T15:00:00+00:00,z1,15,-0.7071067811865471,-0.7071067811865479,1,0,0,400,500.0,0,0,41.0,34.4,0.0,252
2026-07-14T15:00:00+00:00,z2,15,-0.7071067811865471,-0.7071067811865479,1,0,0,600,450.0,0,0,62.0,34.4,0.0,229
2026-07-14T15:00:00+00:00,z3,15,-0.7071067811865471,-0.7071067811865479,1,0,0,900,1200.0,0,0,24.0,34.4,0.0,250
2026-07-14T15:00:00+00:00,z4,15,-0.7071067811865471,-0.7071067811865479,1,0,0,300,350.0,0,0,46.0,34.4,0.0,75
2026-07-14T16:00:00+00:00,z1,16,-0.8660254037844385,-0.5000000000000004,1,0,0,400,500.0,0,0,40.0,36.5,0.0,264
2026-07-14T16:00:00+00:00,z2,16,-0.8660254037844385,-0.5000000000000004,1,0,0,600,450.0,0,0,61.0,36.5,0.0,158
2026-07-14T16:00:00+00:00,z3,16,-0.8660254037844385,-0.5000000000000004,1,0,0,900,1200.0,0,0,23.0,36.5,0.0,170
2026-07-14T16:00:00+00:00,z4,16,-0.8660254037844385,-0.5000000000000004,1,0,0,300,350.0,0,0,45.0,36.5,0.0,57
2026-07-14T17:00:00+00:00,z1,17,-0.9659258262890683,-0.25881904510252063,1,0,0,400,500.0,0,0,39.0,36.6,0.0,248
2026-07-14T17:00:00+00:00,z2,17,-0.9659258262890683,-0.25881904510252063,1,0,0,600,450.0,0,0,60.0,36.6,0.0,422
2026-07-14T17:00:00+00:00,z3,17,-0.9659258262890683,-0.25881904510252063,1,0,0,900,1200.0,0,0,22.0,36.6,0.0,414
2026-07-14T17:00:00+00:00,z4,17,-0.9659258262890683,-0.25881904510252063,1,0,0,300,350.0,0,0,44.0,36.6,0.0,77
2026-07-14T18:00:00+00:00,z1,18,-1.0,-1.8369701987210297e-16,1,0,0,400,500.0,0,0,38.0,35.2,20.4,123
2026-07-14T18:00:00+00:00,z2,18,-1.0,-1.8369701987210297e-16,1,0,0,600,450.0,0,0,59.0,35.2,20.4,376
2026-07-14T18:00:00+00:00,z3,18,-1.0,-1.8369701987210297e-16,1,0,0,900,1200.0,0,0,21.0,35.2,20.4,281
2026-07-14T18:00:00+00:00,z4,18,-1.0,-1.8369701987210297e-16,1,0,0,300,350.0,0,0,43.0,35.2,20.4,37
2026-07-14T19:00:00+00:00,z1,19,-0.9659258262890684,0.2588190451025203,1,0,0,400,500.0,0,0,37.0,32.2,0.0,201
2026-07-14T19:00:00+00:00,z2,19,-0.9659258262890684,0.2588190451025203,1,0,0,600,450.0,0,0,58.0,32.2,0.0,517
2026-07-14T19:00:00+00:00,z3,19,-0.9659258262890684,0.2588190451025203,1,0,0,900,1200.0,0,0,20.0,32.2,0.0,598
2026-07-14T19:00:00+00:00,z4,19,-0.9659258262890684,0.2588190451025203,1,0,0,300,350.0,0,0,42.0,32.2,0.0,214
2026-07-14T20:00:00+00:00,z1,20,-0.8660254037844386,0.5000000000000001,1,0,0,400,500.0,0,0,36.0,29.7,0.0,90
2026-07-14T20:00:00+00:00,z2,20,-0.8660254037844386,0.5000000000000001,1,0,0,600,450.0,0,0,57.0,29.7,0.0,430
2026-07-14T20:00:00+00:00,z3,20,-0.8660254037844386,0.5000000000000001,1,0,0,900,1200.0,0,0,19.0,29.7,0.0,552
2026-07-14T20:00:00+00:00,z4,20,-0.8660254037844386,0.5000000000000001,1,0,0,300,350.0,0,0,41.0,29.7,0.0,265
2026-07-14T21:00:00+00:00,z1,21,-0.7071067811865477,0.7071067811865474,1,0,0,400,500.0,0,0,35.0,28.8,0.0,110
2026-07-14T21:00:00+00:00,z2,21,-0.7071067811865477,0.7071067811865474,1,0,0,600,450.0,0,0,56.0,28.8,0.0,57
2026-07-14T21:00:00+00:00,z3,21,-0.7071067811865477,0.7071067811865474,1,0,0,900,1200.0,0,0,18.0,28.8,0.0,496
2026-07-14T21:00:00+00:00,z4,21,-0.7071067811865477,0.7071067811865474,1,0,0,300,350.0,0,0,40.0,28.8,0.0,245
2026-07-14T22:00:00+00:00,z1,22,-0.5000000000000004,0.8660254037844384,1,0,0,400,500.0,0,0,34.0,25.0,3.6,77
2026-07-14T22:00:00+00:00,z2,22,-0.5000000000000004,0.8660254037844384,1,0,0,600,450.0,0,0,55.0,25.0,3.6,59
2026-07-14T22:00:00+00:00,z3,22,-0.5000000000000004,0.8660254037844384,1,0,0,900,1200.0,0,0,17.0,25.0,3.6,48
2026-07-14T22:00:00+00:00,z4,22,-0.5000000000000004,0.8660254037844384,1,0,0,300,350.0,0,0,39.0,25.0,3.6,0
2026-07-14T23:00:00+00:00,z1,23,-0.25881904510252157,0.9659258262890681,1,0,0,400,500.0,0,0,33.0,23.2,0.0,71
2026-07-14T23:00:00+00:00,z2,23,-0.25881904510252157,0.9659258262890681,1,0,0,600,450.0,0,0,54.0,23.2,0.0,105
2026-07-14T23:00:00+00:00,z3,23,-0.25881904510252157,0.9659258262890681,1,0,0,900,1200.0,0,0,16.0,23.2,0.0,72
2026-07-14T23:00:00+00:00,z4,23,-0.25881904510252157,0.9659258262890681,1,0,0,300,350.0,0,0,38.0,23.2,0.0,26
2026-07-15T00:00:00+00:00,z1,0,0.0,1.0,2,0,0,400,500.0,0,0,32.0,24.2,18.7,0
2026-07-15T00:00:00+00:00,z2,0,0.0,1.0,2,0,0,600,450.0,0,0,53.0,24.2,18.7,77
2026-07-15T00:00:00+00:00,z3,0,0.0,1.0,2,0,0,900,1200.0,0,0,15.0,24.2,18.7,90
2026-07-15T00:00:00+00:00,z4,0,0.0,1.0,2,0,0,300,350.0,0,0,37.0,24.2,18.7,15
2026-07-15T01:00:00+00:00,z1,1,0.25881904510252074,0.9659258262890683,2,0,0,400,500.0,0,0,31.0,21.2,0.0,18
2026-07-15T01:00:00+00:00,z2,1,0.25881904510252074,0.9659258262890683,2,0,0,600,450.0,0,0,52.0,21.2,0.0,17
2026-07-15T01:00:00+00:00,z3,1,0.25881904510252074,0.9659258262890683,2,0,0,900,1200.0,0,0,14.0,21.2,0.0,0
2026-07-15T01:00:00+00:00,z4,1,0.25881904510252074,0.9659258262890683,2,0,0,300,350.0,0,0,36.0,21.2,0.0,20
2026-07-15T02:00:00+00:00,z1,2,0.49999999999999994,0.8660254037844387,2,0,0,400,500.0,0,0,30.0,21.3,0.0,2
2026-07-15T02:00:00+00:00,z2,2,0.49999999999999994,0.8660254037844387,2,0,0,600,450.0,0,0,51.0,21.3,0.0,33
2026-07-15T02:00:00+00:00,z3,2,0.49999999999999994,0.8660254037844387,2,0,0,900,1200.0,0,0,13.0,21.3,0.0,0
2026-07-15T02:00:00+00:00,z4,2,0.49999999999999994,0.8660254037844387,2,0,0,300,350.0,0,0,35.0,21.3,0.0,0
2026-07-15T03:00:00+00:00,z1,3,0.7071067811865476,0.7071067811865476,2,0,0,400,500.0,0,0,29.0,20.7,0.0,27
2026-07-15T03:00:00+00:00,z2,3,0.7071067811865476,0.7071067811865476,2,0,0,600,450.0,0,0,50.0,20.7,0.0,9
2026-07-15T03:00:00+00:00,z3,3,0.7071067811865476,0.7071067811865476,2,0,0,900,1200.0,0,0,12.0,20.7,0.0,68
2026-07-15T03:00:00+00:00,z4,3,0.7071067811865476,0.7071067811865476,2,0,0,300,350.0,0,0,34.0,20.7,0.0,8
2026-07-15T04:00:00+00:00,z1,4,0.8660254037844386,0.5000000000000001,2,0,0,400,500.0,0,0,28.0,18.9,0.0,0
2026-07-15T04:00:00+00:00,z2,4,0.8660254037844386,0.5000000000000001,2,0,0,600,450.0,0,0,49.0,18.9,0.0,34
2026-07-15T04:00:00+00:00,z3,4,0.8660254037844386,0.5000000000000001,2,0,0,900,1200.0,0,0,11.0,18.9,0.0,11
2026-07-15T04:00:00+00:00,z4,4,0.8660254037844386,0.5000000000000001,2,0,0,300,350.0,0,0,33.0,18.9,0.0,21
2026-07-15T05:00:00+00:00,z1,5,0.9659258262890683,0.25881904510252074,2,0,0,400,500.0,0,0,27.0,20.4,0.0,17
2026-07-15T05:00:00+00:00,z2,5,0.9659258262890683,0.25881904510252074,2,0,0,600,450.0,0,0,48.0,20.4,0.0,0
2026-07-15T05:00:00+00:00,z3,5,0.9659258262890683,0.25881904510252074,2,0,0,900,1200.0,0,0,10.0,20.4,0.0,42
2026-07-15T05:00:00+00:00,z4,5,0.9659258262890683,0.25881904510252074,2,0,0,300,350.0,0,0,32.0,20.4,0.0,31
2026-07-15T06:00:00+00:00,z1,6,1.0,6.123233995736766e-17,2,0,0,400,500.0,0,0,26.0,22.6,0.0,26
2026-07-15T06:00:00+00:00,z2,6,1.0,6.123233995736766e-17,2,0,0,600,450.0,0,0,47.0,22.6,0.0,89
2026-07-15T06:00:00+00:00,z3,6,1.0,6.123233995736766e-17,2,0,0,900,1200.0,0,0,9.0,22.6,0.0,101
2026-07-15T06:00:00+00:00,z4,6,1.0,6.123233995736766e-17,2,0,0,300,350.0,0,0,31.0,22.6,0.0,17
2026-07-15T07:00:00+00:00,z1,7,0.9659258262890683,-0.25881904510252063,2,0,0,400,500.0,0,0,25.0,25.1,0.0,23
2026-07-15T07:00:00+00:00,z2,7,0.9659258262890683,-0.25881904510252063,2,0,0,600,450.0,0,0,46.0,25.1,0.0,70
2026-07-15T07:00:00+00:00,z3,7,0.9659258262890683,-0.25881904510252063,2,0,0,900,1200.0,0,0,8.0,25.1,0.0,78
2026-07-15T07:00:00+00:00,z4,7,0.9659258262890683,-0.25881904510252063,2,0,0,300,350.0,0,0,30.0,25.1,0.0,24
2026-07-15T08:00:00+00:00,z1,8,0.8660254037844387,-0.4999999999999998,2,0,0,400,500.0,0,0,24.0,24.9,0.0,10
2026-07-15T08:00:00+00:00,z2,8,0.8660254037844387,-0.4999999999999998,2,0,0,600,450.0,0,0,45.0,24.9,0.0,446
2026-07-15T08:00:00+00:00,z3,8,0.8660254037844387,-0.4999999999999998,2,0,0,900,1200.0,0,0,7.0,24.9,0.0,70
2026-07-15T08:00:00+00:00,z4,8,0.8660254037844387,-0.4999999999999998,2,0,0,300,350.0,0,0,29.0,24.9,0.0,7
2026-07-15T09:00:00+00:00,z1,9,0.7071067811865476,-0.7071067811865475,2,0,0,400,500.0,0,0,23.0,27.8,0.0,212
2026-07-15T09:00:00+00:00,z2,9,0.7071067811865476,-0.7071067811865475,2,0,0,600,450.0,0,0,44.0,27.8,0.0,505
2026-07-15T09:00:00+00:00,z3,9,0.7071067811865476,-0.7071067811865475,2,0,0,900,1200.0,0,0,6.0,27.8,0.0,93
2026-07-15T09:00:00+00:00,z4,9,0.7071067811865476,-0.7071067811865475,2,0,0,300,350.0,0,0,28.0,27.8,0.0,12
2026-07-15T10:00:00+00:00,z1,10,0.49999999999999994,-0.8660254037844387,2,0,0,400,500.0,0,0,22.0,31.0,0.0,218
2026-07-15T10:00:00+00:00,z2,10,0.49999999999999994,-0.8660254037844387,2,0,0,600,450.0,0,0,43.0,31.0,0.0,429
2026-07-15T10:00:00+00:00,z3,10,0.49999999999999994,-0.8660254037844387,2,0,0,900,1200.0,0,0,5.0,31.0,0.0,80
2026-07-15T10:00:00+00:00,z4,10,0.49999999999999994,-0.8660254037844387,2,0,0,300,350.0,0,0,27.0,31.0,0.0,0
2026-07-15T11:00:00+00:00,z1,11,0.258819045102521,-0.9659258262890682,2,0,0,400,500.0,0,0,21.0,32.4,0.0,222
2026-07-15T11:00:00+00:00,z2,11,0.258819045102521,-0.9659258262890682,2,0,0,600,450.0,0,0,42.0,32.4,0.0,256
2026-07-15T11:00:00+00:00,z3,11,0.258819045102521,-0.9659258262890682,2,0,0,900,1200.0,0,0,4.0,32.4,0.0,68
2026-07-15T11:00:00+00:00,z4,11,0.258819045102521,-0.9659258262890682,2,0,0,300,350.0,0,0,26.0,32.4,0.0,10
2026-07-15T12:00:00+00:00,z1,12,1.2246467991473532e-16,-1.0,2,0,0,400,500.0,0,0,20.0,32.9,0.0,232
2026-07-15T12:00:00+00:00,z2,12,1.2246467991473532e-16,-1.0,2,0,0,600,450.0,0,0,41.0,32.9,0.0,174
2026-07-15T12:00:00+00:00,z3,12,1.2246467991473532e-16,-1.0,2,0,0,900,1200.0,0,0,3.0,32.9,0.0,202
2026-07-15T12:00:00+00:00,z4,12,1.2246467991473532e-16,-1.0,2,0,0,300,350.0,0,0,25.0,32.9,0.0,224
2026-07-15T13:00:00+00:00,z1,13,-0.2588190451025208,-0.9659258262890683,2,0,0,400,500.0,0,0,19.0,33.0,0.0,250
2026-07-15T13:00:00+00:00,z2,13,-0.2588190451025208,-0.9659258262890683,2,0,0,600,450.0,0,0,40.0,33.0,0.0,204
2026-07-15T13:00:00+00:00,z3,13,-0.2588190451025208,-0.9659258262890683,2,0,0,900,1200.0,0,0,2.0,33.0,0.0,203
2026-07-15T13:00:00+00:00,z4,13,-0.2588190451025208,-0.9659258262890683,2,0,0,300,350.0,0,0,24.0,33.0,0.0,258
2026-07-15T14:00:00+00:00,z1,14,-0.4999999999999997,-0.8660254037844388,2,0,0,400,500.0,0,0,18.0,35.9,0.0,285
2026-07-15T14:00:00+00:00,z2,14,-0.4999999999999997,-0.8660254037844388,2,0,0,600,450.0,0,0,39.0,35.9,0.0,208
2026-07-15T14:00:00+00:00,z3,14,-0.4999999999999997,-0.8660254037844388,2,0,0,900,1200.0,0,0,1.0,35.9,0.0,325
2026-07-15T14:00:00+00:00,z4,14,-0.4999999999999997,-0.8660254037844388,2,0,0,300,350.0,0,0,23.0,35.9,0.0,234
2026-07-15T15:00:00+00:00,z1,15,-0.7071067811865471,-0.7071067811865479,2,0,0,400,500.0,0,0,17.0,34.2,0.0,248
2026-07-15T15:00:00+00:00,z2,15,-0.7071067811865471,-0.7071067811865479,2,0,0,600,450.0,0,0,38.0,34.2,0.0,192
2026-07-15T15:00:00+00:00,z3,15,-0.7071067811865471,-0.7071067811865479,2,0,0,900,1200.0,1267,1,8.0,34.2,0.0,644
2026-07-15T15:00:00+00:00,z4,15,-0.7071067811865471,-0.7071067811865479,2,0,0,300,350.0,0,0,22.0,34.2,0.0,76
2026-07-15T16:00:00+00:00,z1,16,-0.8660254037844385,-0.5000000000000004,2,0,0,400,500.0,0,0,16.0,34.7,0.0,267
2026-07-15T16:00:00+00:00,z2,16,-0.8660254037844385,-0.5000000000000004,2,0,0,600,450.0,0,0,37.0,34.7,0.0,196
2026-07-15T16:00:00+00:00,z3,16,-0.8660254037844385,-0.5000000000000004,2,0,0,900,1200.0,1267,1,7.0,34.7,0.0,673
2026-07-15T16:00:00+00:00,z4,16,-0.8660254037844385,-0.5000000000000004,2,0,0,300,350.0,0,0,21.0,34.7,0.0,78
2026-07-15T17:00:00+00:00,z1,17,-0.9659258262890683,-0.25881904510252063,2,0,0,400,500.0,0,0,15.0,35.9,0.0,217
2026-07-15T17:00:00+00:00,z2,17,-0.9659258262890683,-0.25881904510252063,2,0,0,600,450.0,0,0,36.0,35.9,0.0,446
2026-07-15T17:00:00+00:00,z3,17,-0.9659258262890683,-0.25881904510252063,2,0,0,900,1200.0,1267,1,6.0,35.9,0.0,971
2026-07-15T17:00:00+00:00,z4,17,-0.9659258262890683,-0.25881904510252063,2,0,0,300,350.0,0,0,20.0,35.9,0.0,65
2026-07-15T18:00:00+00:00,z1,18,-1.0,-1.8369701987210297e-16,2,0,0,400,500.0,0,0,14.0,32.3,0.0,206
2026-07-15T18:00:00+00:00,z2,18,-1.0,-1.8369701987210297e-16,2,0,0,600,450.0,0,0,35.0,32.3,0.0,530
2026-07-15T18:00:00+00:00,z3,18,-1.0,-1.8369701987210297e-16,2,0,0,900,1200.0,0,0,5.0,32.3,0.0,532
2026-07-15T18:00:00+00:00,z4,18,-1.0,-1.8369701987210297e-16,2,0,0,300,350.0,0,0,19.0,32.3,0.0,69
2026-07-15T19:00:00+00:00,z1,19,-0.9659258262890684,0.2588190451025203,2,0,0,400,500.0,0,0,13.0,32.3,0.0,195
2026-07-15T19:00:00+00:00,z2,19,-0.9659258262890684,0.2588190451025203,2,0,0,600,450.0,0,0,34.0,32.3,0.0,503
2026-07-15T19:00:00+00:00,z3,19,-0.9659258262890684,0.2588190451025203,2,0,0,900,1200.0,0,0,4.0,32.3,0.0,559
2026-07-15T19:00:00+00:00,z4,19,-0.9659258262890684,0.2588190451025203,2,0,0,300,350.0,0,0,18.0,32.3,0.0,246
2026-07-15T20:00:00+00:00,z1,20,-0.8660254037844386,0.5000000000000001,2,0,0,400,500.0,0,0,12.0,30.5,0.0,84
2026-07-15T20:00:00+00:00,z2,20,-0.8660254037844386,0.5000000000000001,2,0,0,600,450.0,0,0,33.0,30.5,0.0,421
2026-07-15T20:00:00+00:00,z3,20,-0.8660254037844386,0.5000000000000001,2,0,0,900,1200.0,0,0,3.0,30.5,0.0,542
2026-07-15T20:00:00+00:00,z4,20,-0.8660254037844386,0.5000000000000001,2,0,0,300,350.0,0,0,17.0,30.5,0.0,277
2026-07-15T21:00:00+00:00,z1,21,-0.7071067811865477,0.7071067811865474,2,0,0,400,500.0,0,0,11.0,28.9,0.0,98
2026-07-15T21:00:00+00:00,z2,21,-0.7071067811865477,0.7071067811865474,2,0,0,600,450.0,0,0,32.0,28.9,0.0,82
2026-07-15T21:00:00+00:00,z3,21,-0.7071067811865477,0.7071067811865474,2,0,0,900,1200.0,0,0,2.0,28.9,0.0,496
2026-07-15T21:00:00+00:00,z4,21,-0.7071067811865477,0.7071067811865474,2,0,0,300,350.0,0,0,16.0,28.9,0.0,224
2026-07-15T22:00:00+00:00,z1,22,-0.5000000000000004,0.8660254037844384,2,0,0,400,500.0,0,0,10.0,24.2,19.7,61
2026-07-15T22:00:00+00:00,z2,22,-0.5000000000000004,0.8660254037844384,2,0,0,600,450.0,0,0,31.0,24.2,19.7,74
2026-07-15T22:00:00+00:00,z3,22,-0.5000000000000004,0.8660254037844384,2,0,0,900,1200.0,0,0,1.0,24.2,19.7,84
2026-07-15T22:00:00+00:00,z4,22,-0.5000000000000004,0.8660254037844384,2,0,0,300,350.0,0,0,15.0,24.2,19.7,20
2026-07-15T23:00:00+00:00,z1,23,-0.25881904510252157,0.9659258262890681,2,0,0,400,500.0,0,0,9.0,23.4,0.0,86
2026-07-15T23:00:00+00:00,z2,23,-0.25881904510252157,0.9659258262890681,2,0,0,600,450.0,0,0,30.0,23.4,0.0,110
2026-07-15T23:00:00+00:00,z3,23,-0.25881904510252157,0.9659258262890681,2,0,0,900,1200.0,278,1,12.0,23.4,0.0,173
2026-07-15T23:00:00+00:00,z4,23,-0.25881904510252157,0.9659258262890681,2,0,0,300,350.0,0,0,14.0,23.4,0.0,12
2026-07-16T00:00:00+00:00,z1,0,0.0,1.0,3,0,0,400,500.0,0,0,8.0,22.0,0.0,20
2026-07-16T00:00:00+00:00,z2,0,0.0,1.0,3,0,0,600,450.0,0,0,29.0,22.0,0.0,88
2026-07-16T00:00:00+00:00,z3,0,0.0,1.0,3,0,0,900,1200.0,278,1,11.0,22.0,0.0,202
2026-07-16T00:00:00+00:00,z4,0,0.0,1.0,3,0,0,300,350.0,0,0,13.0,22.0,0.0,5
2026-07-16T01:00:00+00:00,z1,1,0.25881904510252074,0.9659258262890683,3,0,0,400,500.0,0,0,7.0,22.6,0.0,7
2026-07-16T01:00:00+00:00,z2,1,0.25881904510252074,0.9659258262890683,3,0,0,600,450.0,0,0,28.0,22.6,0.0,41
2026-07-16T01:00:00+00:00,z3,1,0.25881904510252074,0.9659258262890683,3,0,0,900,1200.0,278,1,10.0,22.6,0.0,100
2026-07-16T01:00:00+00:00,z4,1,0.25881904510252074,0.9659258262890683,3,0,0,300,350.0,0,0,12.0,22.6,0.0,21
2026-07-16T02:00:00+00:00,z1,2,0.49999999999999994,0.8660254037844387,3,0,0,400,500.0,0,0,6.0,19.8,0.0,29
2026-07-16T02:00:00+00:00,z2,2,0.49999999999999994,0.8660254037844387,3,0,0,600,450.0,0,0,27.0,19.8,0.0,14
2026-07-16T02:00:00+00:00,z3,2,0.49999999999999994,0.8660254037844387,3,0,0,900,1200.0,0,0,9.0,19.8,0.0,40
2026-07-16T02:00:00+00:00,z4,2,0.49999999999999994,0.8660254037844387,3,0,0,300,350.0,0,0,11.0,19.8,0.0,0
2026-07-16T03:00:00+00:00,z1,3,0.7071067811865476,0.7071067811865476,3,0,0,400,500.0,0,0,5.0,18.9,18.8,16
2026-07-16T03:00:00+00:00,z2,3,0.7071067811865476,0.7071067811865476,3,0,0,600,450.0,0,0,26.0,18.9,18.8,19
2026-07-16T03:00:00+00:00,z3,3,0.7071067811865476,0.7071067811865476,3,0,0,900,1200.0,0,0,8.0,18.9,18.8,32
2026-07-16T03:00:00+00:00,z4,3,0.7071067811865476,0.7071067811865476,3,0,0,300,350.0,0,0,10.0,18.9,18.8,2
2026-07-16T04:00:00+00:00,z1,4,0.8660254037844386,0.5000000000000001,3,0,0,400,500.0,0,0,4.0,19.2,0.0,0
2026-07-16T04:00:00+00:00,z2,4,0.8660254037844386,0.5000000000000001,3,0,0,600,450.0,0,0,25.0,19.2,0.0,23
2026-07-16T04:00:00+00:00,z3,4,0.8660254037844386,0.5000000000000001,3,0,0,900,1200.0,0,0,7.0,19.2,0.0,0
2026-07-16T04:00:00+00:00,z4,4,0.8660254037844386,0.5000000000000001,3,0,0,300,350.0,0,0,9.0,19.2,0.0,8
2026-07-16T05:00:00+00:00,z1,5,0.9659258262890683,0.25881904510252074,3,0,0,400,500.0,0,0,3.0,19.3,0.0,20
2026-07-16T05:00:00+00:00,z2,5,0.9659258262890683,0.25881904510252074,3,0,0,600,450.0,0,0,24.0,19.3,0.0,24
2026-07-16T05:00:00+00:00,z3,5,0.9659258262890683,0.25881904510252074,3,0,0,900,1200.0,0,0,6.0,19.3,0.0,91
2026-07-16T05:00:00+00:00,z4,5,0.9659258262890683,0.25881904510252074,3,0,0,300,350.0,0,0,8.0,19.3,0.0,16
2026-07-16T06:00:00+00:00,z1,6,1.0,6.123233995736766e-17,3,0,0,400,500.0,0,0,2.0,20.9,0.0,12
2026-07-16T06:00:00+00:00,z2,6,1.0,6.123233995736766e-17,3,0,0,600,450.0,0,0,23.0,20.9,0.0,90
2026-07-16T06:00:00+00:00,z3,6,1.0,6.123233995736766e-17,3,0,0,900,1200.0,0,0,5.0,20.9,0.0,71
2026-07-16T06:00:00+00:00,z4,6,1.0,6.123233995736766e-17,3,0,0,300,350.0,0,0,7.0,20.9,0.0,1
2026-07-16T07:00:00+00:00,z1,7,0.9659258262890683,-0.25881904510252063,3,0,0,400,500.0,0,0,1.0,24.0,0.0,109
2026-07-16T07:00:00+00:00,z2,7,0.9659258262890683,-0.25881904510252063,3,0,0,600,450.0,0,0,22.0,24.0,0.0,80
2026-07-16T07:00:00+00:00,z3,7,0.9659258262890683,-0.25881904510252063,3,0,0,900,1200.0,0,0,4.0,24.0,0.0,17
2026-07-16T07:00:00+00:00,z4,7,0.9659258262890683,-0.25881904510252063,3,0,0,300,350.0,0,0,6.0,24.0,0.0,15
2026-07-16T08:00:00+00:00,z1,8,0.8660254037844387,-0.4999999999999998,3,0,0,400,500.0,1480,1,5.0,24.7,0.0,337
2026-07-16T08:00:00+00:00,z2,8,0.8660254037844387,-0.4999999999999998,3,0,0,600,450.0,0,0,21.0,24.7,0.0,390
2026-07-16T08:00:00+00:00,z3,8,0.8660254037844387,-0.4999999999999998,3,0,0,900,1200.0,0,0,3.0,24.7,0.0,83
2026-07-16T08:00:00+00:00,z4,8,0.8660254037844387,-0.4999999999999998,3,0,0,300,350.0,0,0,5.0,24.7,0.0,21
2026-07-16T09:00:00+00:00,z1,9,0.7071067811865476,-0.7071067811865475,3,0,0,400,500.0,1480,1,4.0,28.9,0.0,523
2026-07-16T09:00:00+00:00,z2,9,0.7071067811865476,-0.7071067811865475,3,0,0,600,450.0,0,0,20.0,28.9,0.0,504
2026-07-16T09:00:00+00:00,z3,9,0.7071067811865476,-0.7071067811865475,3,0,0,900,1200.0,0,0,2.0,28.9,0.0,88
2026-07-16T09:00:00+00:00,z4,9,0.7071067811865476,-0.7071067811865475,3,0,0,300,350.0,0,0,4.0,28.9,0.0,21
2026-07-16T10:00:00+00:00,z1,10,0.49999999999999994,-0.8660254037844387,3,0,0,400,500.0,1480,1,3.0,28.4,0.0,542
2026-07-16T10:00:00+00:00,z2,10,0.49999999999999994,-0.8660254037844387,3,0,0,600,450.0,0,0,19.0,28.4,0.0,405
2026-07-16T10:00:00+00:00,z3,10,0.49999999999999994,-0.8660254037844387,3,0,0,900,1200.0,0,0,1.0,28.4,0.0,179
2026-07-16T10:00:00+00:00,z4,10,0.49999999999999994,-0.8660254037844387,3,0,0,300,350.0,0,0,3.0,28.4,0.0,26
2026-07-16T11:00:00+00:00,z1,11,0.258819045102521,-0.9659258262890682,3,0,0,400,500.0,0,0,2.0,31.3,0.0,228
2026-07-16T11:00:00+00:00,z2,11,0.258819045102521,-0.9659258262890682,3,0,0,600,450.0,0,0,18.0,31.3,0.0,223
2026-07-16T11:00:00+00:00,z3,11,0.258819045102521,-0.9659258262890682,3,0,0,900,1200.0,304,1,12.0,31.3,0.0,164
2026-07-16T11:00:00+00:00,z4,11,0.258819045102521,-0.9659258262890682,3,0,0,300,350.0,0,0,2.0,31.3,0.0,15
2026-07-16T12:00:00+00:00,z1,12,1.2246467991473532e-16,-1.0,3,0,0,400,500.0,0,0,1.0,34.3,0.0,340
2026-07-16T12:00:00+00:00,z2,12,1.2246467991473532e-16,-1.0,3,0,0,600,450.0,0,0,17.0,34.3,0.0,205
2026-07-16T12:00:00+00:00,z3,12,1.2246467991473532e-16,-1.0,3,0,0,900,1200.0,304,1,11.0,34.3,0.0,268
2026-07-16T12:00:00+00:00,z4,12,1.2246467991473532e-16,-1.0,3,0,0,300,350.0,0,0,1.0,34.3,0.0,320
2026-07-16T13:00:00+00:00,z1,13,-0.2588190451025208,-0.9659258262890683,3,0,0,400,500.0,1333,1,9.0,35.3,9.0,304
2026-07-16T13:00:00+00:00,z2,13,-0.2588190451025208,-0.9659258262890683,3,0,0,600,450.0,0,0,16.0,35.3,9.0,182
2026-07-16T13:00:00+00:00,z3,13,-0.2588190451025208,-0.9659258262890683,3,0,0,900,1200.0,304,1,10.0,35.3,9.0,215
2026-07-16T13:00:00+00:00,z4,13,-0.2588190451025208,-0.9659258262890683,3,0,0,300,350.0,1298,1,2.0,35.3,9.0,377
2026-07-16T14:00:00+00:00,z1,14,-0.4999999999999997,-0.8660254037844388,3,0,0,400,500.0,1333,1,8.0,37.7,0.0,552
2026-07-16T14:00:00+00:00,z2,14,-0.4999999999999997,-0.8660254037844388,3,0,0,600,450.0,0,0,15.0,37.7,0.0,226
2026-07-16T14:00:00+00:00,z3,14,-0.4999999999999997,-0.8660254037844388,3,0,0,900,1200.0,304,1,9.0,37.7,0.0,298
2026-07-16T14:00:00+00:00,z4,14,-0.4999999999999997,-0.8660254037844388,3,0,0,300,350.0,1298,1,1.0,37.7,0.0,783
2026-07-16T15:00:00+00:00,z1,15,-0.7071067811865471,-0.7071067811865479,3,0,0,400,500.0,0,0,7.0,37.3,0.0,259
2026-07-16T15:00:00+00:00,z2,15,-0.7071067811865471,-0.7071067811865479,3,0,0,600,450.0,0,0,14.0,37.3,0.0,206
2026-07-16T15:00:00+00:00,z3,15,-0.7071067811865471,-0.7071067811865479,3,0,0,900,1200.0,304,1,8.0,37.3,0.0,337
2026-07-16T15:00:00+00:00,z4,15,-0.7071067811865471,-0.7071067811865479,3,0,0,300,350.0,364,1,21.0,37.3,0.0,210
2026-07-16T16:00:00+00:00,z1,16,-0.8660254037844385,-0.5000000000000004,3,0,0,400,500.0,0,0,6.0,34.2,23.8,129
2026-07-16T16:00:00+00:00,z2,16,-0.8660254037844385,-0.5000000000000004,3,0,0,600,450.0,0,0,13.0,34.2,23.8,169
2026-07-16T16:00:00+00:00,z3,16,-0.8660254037844385,-0.5000000000000004,3,0,0,900,1200.0,0,0,7.0,34.2,23.8,123
2026-07-16T16:00:00+00:00,z4,16,-0.8660254037844385,-0.5000000000000004,3,0,0,300,350.0,364,1,20.0,34.2,23.8,142
2026-07-16T17:00:00+00:00,z1,17,-0.9659258262890683,-0.25881904510252063,3,0,0,400,500.0,0,0,5.0,33.0,0.0,237
2026-07-16T17:00:00+00:00,z2,17,-0.9659258262890683,-0.25881904510252063,3,0,0,600,450.0,0,0,12.0,33.0,0.0,461
2026-07-16T17:00:00+00:00,z3,17,-0.9659258262890683,-0.25881904510252063,3,0,0,900,1200.0,0,0,6.0,33.0,0.0,509
2026-07-16T17:00:00+00:00,z4,17,-0.9659258262890683,-0.25881904510252063,3,0,0,300,350.0,364,1,19.0,33.0,0.0,197
2026-07-16T18:00:00+00:00,z1,18,-1.0,-1.8369701987210297e-16,3,0,0,400,500.0,0,0,4.0,33.5,6.8,124
2026-07-16T18:00:00+00:00,z2,18,-1.0,-1.8369701987210297e-16,3,0,0,600,450.0,0,0,11.0,33.5,6.8,386
2026-07-16T18:00:00+00:00,z3,18,-1.0,-1.8369701987210297e-16,3,0,0,900,1200.0,0,0,5.0,33.5,6.8,330
2026-07-16T18:00:00+00:00,z4,18,-1.0,-1.8369701987210297e-16,3,0,0,300,350.0,364,1,18.0,33.5,6.8,138
2026-07-16T19:00:00+00:00,z1,19,-0.9659258262890684,0.2588190451025203,3,0,0,400,500.0,0,0,3.0,30.8,0.0,189
2026-07-16T19:00:00+00:00,z2,19,-0.9659258262890684,0.2588190451025203,3,0,0,600,450.0,0,0,10.0,30.8,0.0,511
2026-07-16T19:00:00+00:00,z3,19,-0.9659258262890684,0.2588190451025203,3,0,0,900,1200.0,0,0,4.0,30.8,0.0,614
2026-07-16T19:00:00+00:00,z4,19,-0.9659258262890684,0.2588190451025203,3,0,0,300,350.0,0,0,17.0,30.8,0.0,248
2026-07-16T20:00:00+00:00,z1,20,-0.8660254037844386,0.5000000000000001,3,0,0,400,500.0,0,0,2.0,29.1,0.0,106
2026-07-16T20:00:00+00:00,z2,20,-0.8660254037844386,0.5000000000000001,3,0,0,600,450.0,0,0,9.0,29.1,0.0,469
2026-07-16T20:00:00+00:00,z3,20,-0.8660254037844386,0.5000000000000001,3,0,0,900,1200.0,0,0,3.0,29.1,0.0,535
2026-07-16T20:00:00+00:00,z4,20,-0.8660254037844386,0.5000000000000001,3,0,0,300,350.0,0,0,16.0,29.1,0.0,273
2026-07-16T21:00:00+00:00,z1,21,-0.7071067811865477,0.7071067811865474,3,0,0,400,500.0,0,0,1.0,28.9,0.0,198
2026-07-16T21:00:00+00:00,z2,21,-0.7071067811865477,0.7071067811865474,3,0,0,600,450.0,0,0,8.0,28.9,0.0,105
2026-07-16T21:00:00+00:00,z3,21,-0.7071067811865477,0.7071067811865474,3,0,0,900,1200.0,0,0,2.0,28.9,0.0,492
2026-07-16T21:00:00+00:00,z4,21,-0.7071067811865477,0.7071067811865474,3,0,0,300,350.0,0,0,15.0,28.9,0.0,237
2026-07-16T22:00:00+00:00,z1,22,-0.5000000000000004,0.8660254037844384,3,0,0,400,500.0,801,1,40.0,26.7,15.4,216
2026-07-16T22:00:00+00:00,z2,22,-0.5000000000000004,0.8660254037844384,3,0,0,600,450.0,0,0,7.0,26.7,15.4,83
2026-07-16T22:00:00+00:00,z3,22,-0.5000000000000004,0.8660254037844384,3,0,0,900,1200.0,0,0,1.0,26.7,15.4,77
2026-07-16T22:00:00+00:00,z4,22,-0.5000000000000004,0.8660254037844384,3,0,0,300,350.0,0,0,14.0,26.7,15.4,11
2026-07-16T23:00:00+00:00,z1,23,-0.25881904510252157,0.9659258262890681,3,0,0,400,500.0,801,1,39.0,24.7,5.9,196
2026-07-16T23:00:00+00:00,z2,23,-0.25881904510252157,0.9659258262890681,3,0,0,600,450.0,0,0,6.0,24.7,5.9,23
2026-07-16T23:00:00+00:00,z3,23,-0.25881904510252157,0.9659258262890681,3,0,0,900,1200.0,1097,1,99.0,24.7,5.9,256
2026-07-16T23:00:00+00:00,z4,23,-0.25881904510252157,0.9659258262890681,3,0,0,300,350.0,0,0,13.0,24.7,5.9,17
2026-07-17T00:00:00+00:00,z1,0,0.0,1.0,4,0,0,400,500.0,801,1,38.0,21.5,0.0,303
2026-07-17T00:00:00+00:00,z2,0,0.0,1.0,4,0,0,600,450.0,0,0,5.0,21.5,0.0,55
2026-07-17T00:00:00+00:00,z3,0,0.0,1.0,4,0,0,900,1200.0,1097,1,99.0,21.5,0.0,446
2026-07-17T00:00:00+00:00,z4,0,0.0,1.0,4,0,0,300,350.0,0,0,12.0,21.5,0.0,0
2026-07-17T01:00:00+00:00,z1,1,0.25881904510252074,0.9659258262890683,4,0,0,400,500.0,801,1,37.0,21.5,17.1,175
2026-07-17T01:00:00+00:00,z2,1,0.25881904510252074,0.9659258262890683,4,0,0,600,450.0,0,0,4.0,21.5,17.1,0
2026-07-17T01:00:00+00:00,z3,1,0.25881904510252074,0.9659258262890683,4,0,0,900,1200.0,1097,1,99.0,21.5,17.1,259
2026-07-17T01:00:00+00:00,z4,1,0.25881904510252074,0.9659258262890683,4,0,0,300,350.0,0,0,11.0,21.5,17.1,19
2026-07-17T02:00:00+00:00,z1,2,0.49999999999999994,0.8660254037844387,4,0,0,400,500.0,0,0,36.0,20.9,0.0,0
2026-07-17T02:00:00+00:00,z2,2,0.49999999999999994,0.8660254037844387,4,0,0,600,450.0,0,0,3.0,20.9,0.0,7
2026-07-17T02:00:00+00:00,z3,2,0.49999999999999994,0.8660254037844387,4,0,0,900,1200.0,0,0,99.0,20.9,0.0,45
2026-07-17T02:00:00+00:00,z4,2,0.49999999999999994,0.8660254037844387,4,0,0,300,350.0,0,0,10.0,20.9,0.0,0
2026-07-17T03:00:00+00:00,z1,3,0.7071067811865476,0.7071067811865476,4,0,0,400,500.0,0,0,35.0,19.5,0.0,10
2026-07-17T03:00:00+00:00,z2,3,0.7071067811865476,0.7071067811865476,4,0,0,600,450.0,0,0,2.0,19.5,0.0,9
2026-07-17T03:00:00+00:00,z3,3,0.7071067811865476,0.7071067811865476,4,0,0,900,1200.0,0,0,99.0,19.5,0.0,0
2026-07-17T03:00:00+00:00,z4,3,0.7071067811865476,0.7071067811865476,4,0,0,300,350.0,0,0,9.0,19.5,0.0,0
2026-07-17T04:00:00+00:00,z1,4,0.8660254037844386,0.5000000000000001,4,0,0,400,500.0,0,0,34.0,19.0,0.0,16
2026-07-17T04:00:00+00:00,z2,4,0.8660254037844386,0.5000000000000001,4,0,0,600,450.0,0,0,1.0,19.0,0.0,119
2026-07-17T04:00:00+00:00,z3,4,0.8660254037844386,0.5000000000000001,4,0,0,900,1200.0,0,0,99.0,19.0,0.0,4
2026-07-17T04:00:00+00:00,z4,4,0.8660254037844386,0.5000000000000001,4,0,0,300,350.0,0,0,8.0,19.0,0.0,14
2026-07-17T05:00:00+00:00,z1,5,0.9659258262890683,0.25881904510252074,4,0,0,400,500.0,0,0,33.0,21.2,0.0,27
2026-07-17T05:00:00+00:00,z2,5,0.9659258262890683,0.25881904510252074,4,0,0,600,450.0,377,1,32.0,21.2,0.0,142
2026-07-17T05:00:00+00:00,z3,5,0.9659258262890683,0.25881904510252074,4,0,0,900,1200.0,0,0,99.0,21.2,0.0,18
2026-07-17T05:00:00+00:00,z4,5,0.9659258262890683,0.25881904510252074,4,0,0,300,350.0,0,0,7.0,21.2,0.0,14
2026-07-17T06:00:00+00:00,z1,6,1.0,6.123233995736766e-17,4,0,0,400,500.0,0,0,32.0,22.8,0.0,4
2026-07-17T06:00:00+00:00,z2,6,1.0,6.123233995736766e-17,4,0,0,600,450.0,377,1,31.0,22.8,0.0,226
2026-07-17T06:00:00+00:00,z3,6,1.0,6.123233995736766e-17,4,0,0,900,1200.0,0,0,99.0,22.8,0.0,87
2026-07-17T06:00:00+00:00,z4,6,1.0,6.123233995736766e-17,4,0,0,300,350.0,0,0,6.0,22.8,0.0,21
2026-07-17T07:00:00+00:00,z1,7,0.9659258262890683,-0.25881904510252063,4,0,0,400,500.0,0,0,31.0,25.9,0.0,0
2026-07-17T07:00:00+00:00,z2,7,0.9659258262890683,-0.25881904510252063,4,0,0,600,450.0,377,1,30.0,25.9,0.0,208
2026-07-17T07:00:00+00:00,z3,7,0.9659258262890683,-0.25881904510252063,4,0,0,900,1200.0,0,0,99.0,25.9,0.0,48
2026-07-17T07:00:00+00:00,z4,7,0.9659258262890683,-0.25881904510252063,4,0,0,300,350.0,0,0,5.0,25.9,0.0,16
2026-07-17T08:00:00+00:00,z1,8,0.8660254037844387,-0.4999999999999998,4,0,0,400,500.0,0,0,30.0,27.2,0.0,26
2026-07-17T08:00:00+00:00,z2,8,0.8660254037844387,-0.4999999999999998,4,0,0,600,450.0,377,1,29.0,27.2,0.0,579
2026-07-17T08:00:00+00:00,z3,8,0.8660254037844387,-0.4999999999999998,4,0,0,900,1200.0,0,0,99.0,27.2,0.0,59
2026-07-17T08:00:00+00:00,z4,8,0.8660254037844387,-0.4999999999999998,4,0,0,300,350.0,0,0,4.0,27.2,0.0,11
2026-07-17T09:00:00+00:00,z1,9,0.7071067811865476,-0.7071067811865475,4,0,0,400,500.0,0,0,29.0,29.5,0.0,214
2026-07-17T09:00:00+00:00,z2,9,0.7071067811865476,-0.7071067811865475,4,0,0,600,450.0,0,0,28.0,29.5,0.0,515
2026-07-17T09:00:00+00:00,z3,9,0.7071067811865476,-0.7071067811865475,4,0,0,900,1200.0,0,0,99.0,29.5,0.0,106
2026-07-17T09:00:00+00:00,z4,9,0.7071067811865476,-0.7071067811865475,4,0,0,300,350.0,0,0,3.0,29.5,0.0,18
2026-07-17T10:00:00+00:00,z1,10,0.49999999999999994,-0.8660254037844387,4,0,0,400,500.0,0,0,28.0,31.3,14.8,106
2026-07-17T10:00:00+00:00,z2,10,0.49999999999999994,-0.8660254037844387,4,0,0,600,450.0,0,0,27.0,31.3,14.8,291
2026-07-17T10:00:00+00:00,z3,10,0.49999999999999994,-0.8660254037844387,4,0,0,900,1200.0,0,0,99.0,31.3,14.8,0
2026-07-17T10:00:00+00:00,z4,10,0.49999999999999994,-0.8660254037844387,4,0,0,300,350.0,0,0,2.0,31.3,14.8,17
2026-07-17T11:00:00+00:00,z1,11,0.258819045102521,-0.9659258262890682,4,0,0,400,500.0,0,0,27.0,31.1,0.0,250
2026-07-17T11:00:00+00:00,z2,11,0.258819045102521,-0.9659258262890682,4,0,0,600,450.0,0,0,26.0,31.1,0.0,267
2026-07-17T11:00:00+00:00,z3,11,0.258819045102521,-0.9659258262890682,4,0,0,900,1200.0,0,0,99.0,31.1,0.0,95
2026-07-17T11:00:00+00:00,z4,11,0.258819045102521,-0.9659258262890682,4,0,0,300,350.0,0,0,1.0,31.1,0.0,125
2026-07-17T12:00:00+00:00,z1,12,1.2246467991473532e-16,-1.0,4,0,0,400,500.0,0,0,26.0,34.3,10.8,130
2026-07-17T12:00:00+00:00,z2,12,1.2246467991473532e-16,-1.0,4,0,0,600,450.0,0,0,25.0,34.3,10.8,157
2026-07-17T12:00:00+00:00,z3,12,1.2246467991473532e-16,-1.0,4,0,0,900,1200.0,0,0,99.0,34.3,10.8,152
2026-07-17T12:00:00+00:00,z4,12,1.2246467991473532e-16,-1.0,4,0,0,300,350.0,1092,1,52.0,34.3,10.8,353
2026-07-17T13:00:00+00:00,z1,13,-0.2588190451025208,-0.9659258262890683,4,0,0,400,500.0,0,0,25.0,35.4,0.0,258
2026-07-17T13:00:00+00:00,z2,13,-0.2588190451025208,-0.9659258262890683,4,0,0,600,450.0,0,0,24.0,35.4,0.0,201
2026-07-17T13:00:00+00:00,z3,13,-0.2588190451025208,-0.9659258262890683,4,0,0,900,1200.0,0,0,99.0,35.4,0.0,202
2026-07-17T13:00:00+00:00,z4,13,-0.2588190451025208,-0.9659258262890683,4,0,0,300,350.0,1092,1,51.0,35.4,0.0,507
2026-07-17T14:00:00+00:00,z1,14,-0.4999999999999997,-0.8660254037844388,4,0,0,400,500.0,0,0,24.0,37.6,0.0,276
2026-07-17T14:00:00+00:00,z2,14,-0.4999999999999997,-0.8660254037844388,4,0,0,600,450.0,0,0,23.0,37.6,0.0,210
2026-07-17T14:00:00+00:00,z3,14,-0.4999999999999997,-0.8660254037844388,4,0,0,900,1200.0,0,0,99.0,37.6,0.0,252
2026-07-17T14:00:00+00:00,z4,14,-0.4999999999999997,-0.8660254037844388,4,0,0,300,350.0,1092,1,50.0,37.6,0.0,470
2026-07-17T15:00:00+00:00,z1,15,-0.7071067811865471,-0.7071067811865479,4,0,0,400,500.0,0,0,23.0,34.8,0.0,252
2026-07-17T15:00:00+00:00,z2,15,-0.7071067811865471,-0.7071067811865479,4,0,0,600,450.0,0,0,22.0,34.8,0.0,226
2026-07-17T15:00:00+00:00,z3,15,-0.7071067811865471,-0.7071067811865479,4,0,0,900,1200.0,0,0,99.0,34.8,0.0,214
2026-07-17T15:00:00+00:00,z4,15,-0.7071067811865471,-0.7071067811865479,4,0,0,300,350.0,1092,1,49.0,34.8,0.0,330
2026-07-17T16:00:00+00:00,z1,16,-0.8660254037844385,-0.5000000000000004,4,0,0,400,500.0,0,0,22.0,35.0,0.0,234
2026-07-17T16:00:00+00:00,z2,16,-0.8660254037844385,-0.5000000000000004,4,0,0,600,450.0,0,0,21.0,35.0,0.0,217
2026-07-17T16:00:00+00:00,z3,16,-0.8660254037844385,-0.5000000000000004,4,0,0,900,1200.0,0,0,99.0,35.0,0.0,169
2026-07-17T16:00:00+00:00,z4,16,-0.8660254037844385,-0.5000000000000004,4,0,0,300,350.0,1092,1,48.0,35.0,0.0,329
2026-07-17T17:00:00+00:00,z1,17,-0.9659258262890683,-0.25881904510252063,4,0,0,400,500.0,0,0,21.0,36.8,0.0,235
2026-07-17T17:00:00+00:00,z2,17,-0.9659258262890683,-0.25881904510252063,4,0,0,600,450.0,0,0,20.0,36.8,0.0,421
2026-07-17T17:00:00+00:00,z3,17,-0.9659258262890683,-0.25881904510252063,4,0,0,900,1200.0,0,0,99.0,36.8,0.0,506
2026-07-17T17:00:00+00:00,z4,17,-0.9659258262890683,-0.25881904510252063,4,0,0,300,350.0,0,0,47.0,36.8,0.0,77
2026-07-17T18:00:00+00:00,z1,18,-1.0,-1.8369701987210297e-16,4,0,0,400,500.0,0,0,20.0,35.3,0.0,229
2026-07-17T18:00:00+00:00,z2,18,-1.0,-1.8369701987210297e-16,4,0,0,600,450.0,0,0,19.0,35.3,0.0,528
2026-07-17T18:00:00+00:00,z3,18,-1.0,-1.8369701987210297e-16,4,0,0,900,1200.0,0,0,99.0,35.3,0.0,569
2026-07-17T18:00:00+00:00,z4,18,-1.0,-1.8369701987210297e-16,4,0,0,300,350.0,0,0,46.0,35.3,0.0,65
2026-07-17T19:00:00+00:00,z1,19,-0.9659258262890684,0.2588190451025203,4,0,0,400,500.0,0,0,19.0,33.8,9.3,103
2026-07-17T19:00:00+00:00,z2,19,-0.9659258262890684,0.2588190451025203,4,0,0,600,450.0,0,0,18.0,33.8,9.3,388
2026-07-17T19:00:00+00:00,z3,19,-0.9659258262890684,0.2588190451025203,4,0,0,900,1200.0,0,0,99.0,33.8,9.3,345
2026-07-17T19:00:00+00:00,z4,19,-0.9659258262890684,0.2588190451025203,4,0,0,300,350.0,0,0,45.0,33.8,9.3,195
2026-07-17T20:00:00+00:00,z1,20,-0.8660254037844386,0.5000000000000001,4,0,0,400,500.0,0,0,18.0,31.6,0.0,90
2026-07-17T20:00:00+00:00,z2,20,-0.8660254037844386,0.5000000000000001,4,0,0,600,450.0,0,0,17.0,31.6,0.0,469
2026-07-17T20:00:00+00:00,z3,20,-0.8660254037844386,0.5000000000000001,4,0,0,900,1200.0,0,0,99.0,31.6,0.0,500
2026-07-17T20:00:00+00:00,z4,20,-0.8660254037844386,0.5000000000000001,4,0,0,300,350.0,0,0,44.0,31.6,0.0,259
2026-07-17T21:00:00+00:00,z1,21,-0.7071067811865477,0.7071067811865474,4,0,0,400,500.0,0,0,17.0,29.1,0.0,88
2026-07-17T21:00:00+00:00,z2,21,-0.7071067811865477,0.7071067811865474,4,0,0,600,450.0,0,0,16.0,29.1,0.0,66
2026-07-17T21:00:00+00:00,z3,21,-0.7071067811865477,0.7071067811865474,4,0,0,900,1200.0,0,0,98.0,29.1,0.0,452
2026-07-17T21:00:00+00:00,z4,21,-0.7071067811865477,0.7071067811865474,4,0,0,300,350.0,0,0,43.0,29.1,0.0,244
2026-07-17T22:00:00+00:00,z1,22,-0.5000000000000004,0.8660254037844384,4,0,0,400,500.0,0,0,16.0,25.6,0.0,97
2026-07-17T22:00:00+00:00,z2,22,-0.5000000000000004,0.8660254037844384,4,0,0,600,450.0,0,0,15.0,25.6,0.0,97
2026-07-17T22:00:00+00:00,z3,22,-0.5000000000000004,0.8660254037844384,4,0,0,900,1200.0,0,0,97.0,25.6,0.0,91
2026-07-17T22:00:00+00:00,z4,22,-0.5000000000000004,0.8660254037844384,4,0,0,300,350.0,0,0,42.0,25.6,0.0,17
2026-07-17T23:00:00+00:00,z1,23,-0.25881904510252157,0.9659258262890681,4,0,0,400,500.0,0,0,15.0,23.8,0.0,108
2026-07-17T23:00:00+00:00,z2,23,-0.25881904510252157,0.9659258262890681,4,0,0,600,450.0,0,0,14.0,23.8,0.0,89
2026-07-17T23:00:00+00:00,z3,23,-0.25881904510252157,0.9659258262890681,4,0,0,900,1200.0,0,0,96.0,23.8,0.0,40
2026-07-17T23:00:00+00:00,z4,23,-0.25881904510252157,0.9659258262890681,4,0,0,300,350.0,0,0,41.0,23.8,0.0,25
2026-07-18T00:00:00+00:00,z1,0,0.0,1.0,5,1,0,400,500.0,0,0,14.0,23.9,0.0,13
2026-07-18T00:00:00+00:00,z2,0,0.0,1.0,5,1,0,600,450.0,0,0,13.0,23.9,0.0,73
2026-07-18T00:00:00+00:00,z3,0,0.0,1.0,5,1,0,900,1200.0,0,0,95.0,23.9,0.0,85
2026-07-18T00:00:00+00:00,z4,0,0.0,1.0,5,1,0,300,350.0,0,0,40.0,23.9,0.0,7
2026-07-18T01:00:00+00:00,z1,1,0.25881904510252074,0.9659258262890683,5,1,0,400,500.0,0,0,13.0,20.2,0.0,4
2026-07-18T01:00:00+00:00,z2,1,0.25881904510252074,0.9659258262890683,5,1,0,600,450.0,0,0,12.0,20.2,0.0,22
2026-07-18T01:00:00+00:00,z3,1,0.25881904510252074,0.9659258262890683,5,1,0,900,1200.0,0,0,94.0,20.2,0.0,48
2026-07-18T01:00:00+00:00,z4,1,0.25881904510252074,0.9659258262890683,5,1,0,300,350.0,0,0,39.0,20.2,0.0,3
2026-07-18T02:00:00+00:00,z1,2,0.49999999999999994,0.8660254037844387,5,1,0,400,500.0,0,0,12.0,19.3,0.0,5
2026-07-18T02:00:00+00:00,z2,2,0.49999999999999994,0.8660254037844387,5,1,0,600,450.0,0,0,11.0,19.3,0.0,36
2026-07-18T02:00:00+00:00,z3,2,0.49999999999999994,0.8660254037844387,5,1,0,900,1200.0,0,0,93.0,19.3,0.0,50
2026-07-18T02:00:00+00:00,z4,2,0.49999999999999994,0.8660254037844387,5,1,0,300,350.0,0,0,38.0,19.3,0.0,28
2026-07-18T03:00:00+00:00,z1,3,0.7071067811865476,0.7071067811865476,5,1,0,400,500.0,0,0,11.0,20.8,0.0,28
2026-07-18T03:00:00+00:00,z2,3,0.7071067811865476,0.7071067811865476,5,1,0,600,450.0,0,0,10.0,20.8,0.0,43
2026-07-18T03:00:00+00:00,z3,3,0.7071067811865476,0.7071067811865476,5,1,0,900,1200.0,0,0,92.0,20.8,0.0,0
2026-07-18T03:00:00+00:00,z4,3,0.7071067811865476,0.7071067811865476,5,1,0,300,350.0,0,0,37.0,20.8,0.0,16
2026-07-18T04:00:00+00:00,z1,4,0.8660254037844386,0.5000000000000001,5,1,0,400,500.0,0,0,10.0,21.7,0.0,9
2026-07-18T04:00:00+00:00,z2,4,0.8660254037844386,0.5000000000000001,5,1,0,600,450.0,0,0,9.0,21.7,0.0,6
2026-07-18T04:00:00+00:00,z3,4,0.8660254037844386,0.5000000000000001,5,1,0,900,1200.0,0,0,91.0,21.7,0.0,23
2026-07-18T04:00:00+00:00,z4,4,0.8660254037844386,0.5000000000000001,5,1,0,300,350.0,0,0,36.0,21.7,0.0,21
2026-07-18T05:00:00+00:00,z1,5,0.9659258262890683,0.25881904510252074,5,1,0,400,500.0,0,0,9.0,19.1,0.0,19
2026-07-18T05:00:00+00:00,z2,5,0.9659258262890683,0.25881904510252074,5,1,0,600,450.0,0,0,8.0,19.1,0.0,10
2026-07-18T05:00:00+00:00,z3,5,0.9659258262890683,0.25881904510252074,5,1,0,900,1200.0,0,0,90.0,19.1,0.0,65
2026-07-18T05:00:00+00:00,z4,5,0.9659258262890683,0.25881904510252074,5,1,0,300,350.0,0,0,35.0,19.1,0.0,7
2026-07-18T06:00:00+00:00,z1,6,1.0,6.123233995736766e-17,5,1,0,400,500.0,0,0,8.0,20.6,0.0,23
2026-07-18T06:00:00+00:00,z2,6,1.0,6.123233995736766e-17,5,1,0,600,450.0,0,0,7.0,20.6,0.0,85
2026-07-18T06:00:00+00:00,z3,6,1.0,6.123233995736766e-17,5,1,0,900,1200.0,0,0,89.0,20.6,0.0,84
2026-07-18T06:00:00+00:00,z4,6,1.0,6.123233995736766e-17,5,1,0,300,350.0,0,0,34.0,20.6,0.0,22
2026-07-18T07:00:00+00:00,z1,7,0.9659258262890683,-0.25881904510252063,5,1,0,400,500.0,0,0,7.0,25.9,0.0,8
2026-07-18T07:00:00+00:00,z2,7,0.9659258262890683,-0.25881904510252063,5,1,0,600,450.0,0,0,6.0,25.9,0.0,125
2026-07-18T07:00:00+00:00,z3,7,0.9659258262890683,-0.25881904510252063,5,1,0,900,1200.0,0,0,88.0,25.9,0.0,41
2026-07-18T07:00:00+00:00,z4,7,0.9659258262890683,-0.25881904510252063,5,1,0,300,350.0,0,0,33.0,25.9,0.0,10
2026-07-18T08:00:00+00:00,z1,8,0.8660254037844387,-0.4999999999999998,5,1,0,400,500.0,0,0,6.0,25.9,0.0,24
2026-07-18T08:00:00+00:00,z2,8,0.8660254037844387,-0.4999999999999998,5,1,0,600,450.0,0,0,5.0,25.9,0.0,101
2026-07-18T08:00:00+00:00,z3,8,0.8660254037844387,-0.4999999999999998,5,1,0,900,1200.0,0,0,87.0,25.9,0.0,87
2026-07-18T08:00:00+00:00,z4,8,0.8660254037844387,-0.4999999999999998,5,1,0,300,350.0,0,0,32.0,25.9,0.0,14
2026-07-18T09:00:00+00:00,z1,9,0.7071067811865476,-0.7071067811865475,5,1,0,400,500.0,0,0,5.0,27.8,0.0,265
2026-07-18T09:00:00+00:00,z2,9,0.7071067811865476,-0.7071067811865475,5,1,0,600,450.0,0,0,4.0,27.8,0.0,86
2026-07-18T09:00:00+00:00,z3,9,0.7071067811865476,-0.7071067811865475,5,1,0,900,1200.0,0,0,86.0,27.8,0.0,128
2026-07-18T09:00:00+00:00,z4,9,0.7071067811865476,-0.7071067811865475,5,1,0,300,350.0,0,0,31.0,27.8,0.0,23
2026-07-18T10:00:00+00:00,z1,10,0.49999999999999994,-0.8660254037844387,5,1,0,400,500.0,0,0,4.0,29.7,18.9,164
2026-07-18T10:00:00+00:00,z2,10,0.49999999999999994,-0.8660254037844387,5,1,0,600,450.0,0,0,3.0,29.7,18.9,50
2026-07-18T10:00:00+00:00,z3,10,0.49999999999999994,-0.8660254037844387,5,1,0,900,1200.0,0,0,85.0,29.7,18.9,47
2026-07-18T10:00:00+00:00,z4,10,0.49999999999999994,-0.8660254037844387,5,1,0,300,350.0,0,0,30.0,29.7,18.9,9
2026-07-18T11:00:00+00:00,z1,11,0.258819045102521,-0.9659258262890682,5,1,0,400,500.0,0,0,3.0,31.5,0.0,283
2026-07-18T11:00:00+00:00,z2,11,0.258819045102521,-0.9659258262890682,5,1,0,600,450.0,0,0,2.0,31.5,0.0,96
2026-07-18T11:00:00+00:00,z3,11,0.258819045102521,-0.9659258262890682,5,1,0,900,1200.0,0,0,84.0,31.5,0.0,401
2026-07-18T11:00:00+00:00,z4,11,0.258819045102521,-0.9659258262890682,5,1,0,300,350.0,0,0,29.0,31.5,0.0,21
2026-07-18T12:00:00+00:00,z1,12,1.2246467991473532e-16,-1.0,5,1,0,400,500.0,0,0,2.0,34.6,0.0,296
2026-07-18T12:00:00+00:00,z2,12,1.2246467991473532e-16,-1.0,5,1,0,600,450.0,0,0,1.0,34.6,0.0,371
2026-07-18T12:00:00+00:00,z3,12,1.2246467991473532e-16,-1.0,5,1,0,900,1200.0,0,0,83.0,34.6,0.0,383
2026-07-18T12:00:00+00:00,z4,12,1.2246467991473532e-16,-1.0,5,1,0,300,350.0,0,0,28.0,34.6,0.0,227
2026-07-18T13:00:00+00:00,z1,13,-0.2588190451025208,-0.9659258262890683,5,1,0,400,500.0,0,0,1.0,36.4,0.0,427
2026-07-18T13:00:00+00:00,z2,13,-0.2588190451025208,-0.9659258262890683,5,1,0,600,450.0,375,1,11.0,36.4,0.0,381
2026-07-18T13:00:00+00:00,z3,13,-0.2588190451025208,-0.9659258262890683,5,1,0,900,1200.0,0,0,82.0,36.4,0.0,430
2026-07-18T13:00:00+00:00,z4,13,-0.2588190451025208,-0.9659258262890683,5,1,0,300,350.0,0,0,27.0,36.4,0.0,244
2026-07-18T14:00:00+00:00,z1,14,-0.4999999999999997,-0.8660254037844388,5,1,0,400,500.0,597,1,30.0,35.5,0.0,546
2026-07-18T14:00:00+00:00,z2,14,-0.4999999999999997,-0.8660254037844388,5,1,0,600,450.0,375,1,10.0,35.5,0.0,410
2026-07-18T14:00:00+00:00,z3,14,-0.4999999999999997,-0.8660254037844388,5,1,0,900,1200.0,0,0,81.0,35.5,0.0,348
2026-07-18T14:00:00+00:00,z4,14,-0.4999999999999997,-0.8660254037844388,5,1,0,300,350.0,0,0,26.0,35.5,0.0,222
2026-07-18T15:00:00+00:00,z1,15,-0.7071067811865471,-0.7071067811865479,5,1,0,400,500.0,597,1,29.0,38.0,0.0,536
2026-07-18T15:00:00+00:00,z2,15,-0.7071067811865471,-0.7071067811865479,5,1,0,600,450.0,0,0,9.0,38.0,0.0,281
2026-07-18T15:00:00+00:00,z3,15,-0.7071067811865471,-0.7071067811865479,5,1,0,900,1200.0,0,0,80.0,38.0,0.0,375
2026-07-18T15:00:00+00:00,z4,15,-0.7071067811865471,-0.7071067811865479,5,1,0,300,350.0,0,0,25.0,38.0,0.0,76
2026-07-18T16:00:00+00:00,z1,16,-0.8660254037844385,-0.5000000000000004,5,1,0,400,500.0,597,1,28.0,36.0,0.0,503
2026-07-18T16:00:00+00:00,z2,16,-0.8660254037844385,-0.5000000000000004,5,1,0,600,450.0,0,0,8.0,36.0,0.0,332
2026-07-18T16:00:00+00:00,z3,16,-0.8660254037844385,-0.5000000000000004,5,1,0,900,1200.0,0,0,79.0,36.0,0.0,705
2026-07-18T16:00:00+00:00,z4,16,-0.8660254037844385,-0.5000000000000004,5,1,0,300,350.0,0,0,24.0,36.0,0.0,83
2026-07-18T17:00:00+00:00,z1,17,-0.9659258262890683,-0.25881904510252063,5,1,0,400,500.0,597,1,27.0,33.1,0.0,507
2026-07-18T17:00:00+00:00,z2,17,-0.9659258262890683,-0.25881904510252063,5,1,0,600,450.0,0,0,7.0,33.1,0.0,281
2026-07-18T17:00:00+00:00,z3,17,-0.9659258262890683,-0.25881904510252063,5,1,0,900,1200.0,0,0,78.0,33.1,0.0,774
2026-07-18T17:00:00+00:00,z4,17,-0.9659258262890683,-0.25881904510252063,5,1,0,300,350.0,0,0,23.0,33.1,0.0,77
2026-07-18T18:00:00+00:00,z1,18,-1.0,-1.8369701987210297e-16,5,1,0,400,500.0,0,0,26.0,32.9,0.0,276
2026-07-18T18:00:00+00:00,z2,18,-1.0,-1.8369701987210297e-16,5,1,0,600,450.0,0,0,6.0,32.9,0.0,313
2026-07-18T18:00:00+00:00,z3,18,-1.0,-1.8369701987210297e-16,5,1,0,900,1200.0,0,0,77.0,32.9,0.0,841
2026-07-18T18:00:00+00:00,z4,18,-1.0,-1.8369701987210297e-16,5,1,0,300,350.0,0,0,22.0,32.9,0.0,79
2026-07-18T19:00:00+00:00,z1,19,-0.9659258262890684,0.2588190451025203,5,1,0,400,500.0,0,0,25.0,31.7,0.0,254
2026-07-18T19:00:00+00:00,z2,19,-0.9659258262890684,0.2588190451025203,5,1,0,600,450.0,0,0,5.0,31.7,0.0,259
2026-07-18T19:00:00+00:00,z3,19,-0.9659258262890684,0.2588190451025203,5,1,0,900,1200.0,0,0,76.0,31.7,0.0,811
2026-07-18T19:00:00+00:00,z4,19,-0.9659258262890684,0.2588190451025203,5,1,0,300,350.0,0,0,21.0,31.7,0.0,242
2026-07-18T20:00:00+00:00,z1,20,-0.8660254037844386,0.5000000000000001,5,1,0,400,500.0,0,0,24.0,28.3,0.0,107
2026-07-18T20:00:00+00:00,z2,20,-0.8660254037844386,0.5000000000000001,5,1,0,600,450.0,0,0,4.0,28.3,0.0,221
2026-07-18T20:00:00+00:00,z3,20,-0.8660254037844386,0.5000000000000001,5,1,0,900,1200.0,0,0,75.0,28.3,0.0,813
2026-07-18T20:00:00+00:00,z4,20,-0.8660254037844386,0.5000000000000001,5,1,0,300,350.0,0,0,20.0,28.3,0.0,271
2026-07-18T21:00:00+00:00,z1,21,-0.7071067811865477,0.7071067811865474,5,1,0,400,500.0,0,0,23.0,26.6,0.0,97
2026-07-18T21:00:00+00:00,z2,21,-0.7071067811865477,0.7071067811865474,5,1,0,600,450.0,0,0,3.0,26.6,0.0,263
2026-07-18T21:00:00+00:00,z3,21,-0.7071067811865477,0.7071067811865474,5,1,0,900,1200.0,0,0,74.0,26.6,0.0,785
2026-07-18T21:00:00+00:00,z4,21,-0.7071067811865477,0.7071067811865474,5,1,0,300,350.0,0,0,19.0,26.6,0.0,252
2026-07-18T22:00:00+00:00,z1,22,-0.5000000000000004,0.8660254037844384,5,1,0,400,500.0,0,0,22.0,25.7,0.0,97
2026-07-18T22:00:00+00:00,z2,22,-0.5000000000000004,0.8660254037844384,5,1,0,600,450.0,0,0,2.0,25.7,0.0,107
2026-07-18T22:00:00+00:00,z3,22,-0.5000000000000004,0.8660254037844384,5,1,0,900,1200.0,0,0,73.0,25.7,0.0,764
2026-07-18T22:00:00+00:00,z4,22,-0.5000000000000004,0.8660254037844384,5,1,0,300,350.0,0,0,18.0,25.7,0.0,27
2026-07-18T23:00:00+00:00,z1,23,-0.25881904510252157,0.9659258262890681,5,1,0,400,500.0,0,0,21.0,22.5,0.0,87
2026-07-18T23:00:00+00:00,z2,23,-0.25881904510252157,0.9659258262890681,5,1,0,600,450.0,0,0,1.0,22.5,0.0,185
2026-07-18T23:00:00+00:00,z3,23,-0.25881904510252157,0.9659258262890681,5,1,0,900,1200.0,0,0,72.0,22.5,0.0,81
2026-07-18T23:00:00+00:00,z4,23,-0.25881904510252157,0.9659258262890681,5,1,0,300,350.0,0,0,17.0,22.5,0.0,19
2026-07-19T00:00:00+00:00,z1,0,0.0,1.0,6,1,0,400,500.0,0,0,20.0,24.1,0.0,28
2026-07-19T00:00:00+00:00,z2,0,0.0,1.0,6,1,0,600,450.0,1151,1,58.0,24.1,0.0,478
2026-07-19T00:00:00+00:00,z3,0,0.0,1.0,6,1,0,900,1200.0,0,0,71.0,24.1,0.0,92
2026-07-19T00:00:00+00:00,z4,0,0.0,1.0,6,1,0,300,350.0,0,0,16.0,24.1,0.0,0
2026-07-19T01:00:00+00:00,z1,1,0.25881904510252074,0.9659258262890683,6,1,0,400,500.0,0,0,19.0,19.6,0.0,31
2026-07-19T01:00:00+00:00,z2,1,0.25881904510252074,0.9659258262890683,6,1,0,600,450.0,1151,1,57.0,19.6,0.0,409
2026-07-19T01:00:00+00:00,z3,1,0.25881904510252074,0.9659258262890683,6,1,0,900,1200.0,0,0,70.0,19.6,0.0,35
2026-07-19T01:00:00+00:00,z4,1,0.25881904510252074,0.9659258262890683,6,1,0,300,350.0,0,0,15.0,19.6,0.0,10
2026-07-19T02:00:00+00:00,z1,2,0.49999999999999994,0.8660254037844387,6,1,0,400,500.0,0,0,18.0,19.1,0.0,25
2026-07-19T02:00:00+00:00,z2,2,0.49999999999999994,0.8660254037844387,6,1,0,600,450.0,1151,1,56.0,19.1,0.0,376
2026-07-19T02:00:00+00:00,z3,2,0.49999999999999994,0.8660254037844387,6,1,0,900,1200.0,0,0,69.0,19.1,0.0,42
2026-07-19T02:00:00+00:00,z4,2,0.49999999999999994,0.8660254037844387,6,1,0,300,350.0,0,0,14.0,19.1,0.0,12
2026-07-19T03:00:00+00:00,z1,3,0.7071067811865476,0.7071067811865476,6,1,0,400,500.0,0,0,17.0,20.9,0.0,4
2026-07-19T03:00:00+00:00,z2,3,0.7071067811865476,0.7071067811865476,6,1,0,600,450.0,1151,1,55.0,20.9,0.0,454
2026-07-19T03:00:00+00:00,z3,3,0.7071067811865476,0.7071067811865476,6,1,0,900,1200.0,0,0,68.0,20.9,0.0,4
2026-07-19T03:00:00+00:00,z4,3,0.7071067811865476,0.7071067811865476,6,1,0,300,350.0,0,0,13.0,20.9,0.0,18
2026-07-19T04:00:00+00:00,z1,4,0.8660254037844386,0.5000000000000001,6,1,0,400,500.0,0,0,16.0,19.8,0.0,18
2026-07-19T04:00:00+00:00,z2,4,0.8660254037844386,0.5000000000000001,6,1,0,600,450.0,1151,1,54.0,19.8,0.0,455
2026-07-19T04:00:00+00:00,z3,4,0.8660254037844386,0.5000000000000001,6,1,0,900,1200.0,0,0,67.0,19.8,0.0,10
2026-07-19T04:00:00+00:00,z4,4,0.8660254037844386,0.5000000000000001,6,1,0,300,350.0,0,0,12.0,19.8,0.0,3
2026-07-19T05:00:00+00:00,z1,5,0.9659258262890683,0.25881904510252074,6,1,0,400,500.0,0,0,15.0,22.1,0.0,28
2026-07-19T05:00:00+00:00,z2,5,0.9659258262890683,0.25881904510252074,6,1,0,600,450.0,0,0,53.0,22.1,0.0,32
2026-07-19T05:00:00+00:00,z3,5,0.9659258262890683,0.25881904510252074,6,1,0,900,1200.0,0,0,66.0,22.1,0.0,0
2026-07-19T05:00:00+00:00,z4,5,0.9659258262890683,0.25881904510252074,6,1,0,300,350.0,0,0,11.0,22.1,0.0,9
2026-07-19T06:00:00+00:00,z1,6,1.0,6.123233995736766e-17,6,1,0,400,500.0,0,0,14.0,21.1,0.0,25
2026-07-19T06:00:00+00:00,z2,6,1.0,6.123233995736766e-17,6,1,0,600,450.0,0,0,52.0,21.1,0.0,105
2026-07-19T06:00:00+00:00,z3,6,1.0,6.123233995736766e-17,6,1,0,900,1200.0,0,0,65.0,21.1,0.0,72
2026-07-19T06:00:00+00:00,z4,6,1.0,6.123233995736766e-17,6,1,0,300,350.0,0,0,10.0,21.1,0.0,0
2026-07-19T07:00:00+00:00,z1,7,0.9659258262890683,-0.25881904510252063,6,1,0,400,500.0,0,0,13.0,23.7,0.0,26
2026-07-19T07:00:00+00:00,z2,7,0.9659258262890683,-0.25881904510252063,6,1,0,600,450.0,0,0,51.0,23.7,0.0,68
2026-07-19T07:00:00+00:00,z3,7,0.9659258262890683,-0.25881904510252063,6,1,0,900,1200.0,0,0,64.0,23.7,0.0,36
2026-07-19T07:00:00+00:00,z4,7,0.9659258262890683,-0.25881904510252063,6,1,0,300,350.0,0,0,9.0,23.7,0.0,0
2026-07-19T08:00:00+00:00,z1,8,0.8660254037844387,-0.4999999999999998,6,1,0,400,500.0,0,0,12.0,27.0,0.0,30
2026-07-19T08:00:00+00:00,z2,8,0.8660254037844387,-0.4999999999999998,6,1,0,600,450.0,0,0,50.0,27.0,0.0,92
2026-07-19T08:00:00+00:00,z3,8,0.8660254037844387,-0.4999999999999998,6,1,0,900,1200.0,0,0,63.0,27.0,0.0,84
2026-07-19T08:00:00+00:00,z4,8,0.8660254037844387,-0.4999999999999998,6,1,0,300,350.0,0,0,8.0,27.0,0.0,28
2026-07-19T09:00:00+00:00,z1,9,0.7071067811865476,-0.7071067811865475,6,1,0,400,500.0,0,0,11.0,28.5,5.0,151
2026-07-19T09:00:00+00:00,z2,9,0.7071067811865476,-0.7071067811865475,6,1,0,600,450.0,0,0,49.0,28.5,5.0,97
2026-07-19T09:00:00+00:00,z3,9,0.7071067811865476,-0.7071067811865475,6,1,0,900,1200.0,0,0,62.0,28.5,5.0,12
2026-07-19T09:00:00+00:00,z4,9,0.7071067811865476,-0.7071067811865475,6,1,0,300,350.0,0,0,7.0,28.5,5.0,11
2026-07-19T10:00:00+00:00,z1,10,0.49999999999999994,-0.8660254037844387,6,1,0,400,500.0,0,0,10.0,28.9,0.0,259
2026-07-19T10:00:00+00:00,z2,10,0.49999999999999994,-0.8660254037844387,6,1,0,600,450.0,0,0,48.0,28.9,0.0,86
2026-07-19T10:00:00+00:00,z3,10,0.49999999999999994,-0.8660254037844387,6,1,0,900,1200.0,0,0,61.0,28.9,0.0,83
2026-07-19T10:00:00+00:00,z4,10,0.49999999999999994,-0.8660254037844387,6,1,0,300,350.0,0,0,6.0,28.9,0.0,21
2026-07-19T11:00:00+00:00,z1,11,0.258819045102521,-0.9659258262890682,6,1,0,400,500.0,0,0,9.0,31.0,0.0,296
2026-07-19T11:00:00+00:00,z2,11,0.258819045102521,-0.9659258262890682,6,1,0,600,450.0,0,0,47.0,31.0,0.0,101
2026-07-19T11:00:00+00:00,z3,11,0.258819045102521,-0.9659258262890682,6,1,0,900,1200.0,0,0,60.0,31.0,0.0,456
2026-07-19T11:00:00+00:00,z4,11,0.258819045102521,-0.9659258262890682,6,1,0,300,350.0,0,0,5.0,31.0,0.0,34
2026-07-19T12:00:00+00:00,z1,12,1.2246467991473532e-16,-1.0,6,1,0,400,500.0,0,0,8.0,33.8,22.3,166
2026-07-19T12:00:00+00:00,z2,12,1.2246467991473532e-16,-1.0,6,1,0,600,450.0,0,0,46.0,33.8,22.3,163
2026-07-19T12:00:00+00:00,z3,12,1.2246467991473532e-16,-1.0,6,1,0,900,1200.0,0,0,59.0,33.8,22.3,216
2026-07-19T12:00:00+00:00,z4,12,1.2246467991473532e-16,-1.0,6,1,0,300,350.0,0,0,4.0,33.8,22.3,162
2026-07-19T13:00:00+00:00,z1,13,-0.2588190451025208,-0.9659258262890683,6,1,0,400,500.0,0,0,7.0,35.3,0.0,335
2026-07-19T13:00:00+00:00,z2,13,-0.2588190451025208,-0.9659258262890683,6,1,0,600,450.0,0,0,45.0,35.3,0.0,255
2026-07-19T13:00:00+00:00,z3,13,-0.2588190451025208,-0.9659258262890683,6,1,0,900,1200.0,0,0,58.0,35.3,0.0,382
2026-07-19T13:00:00+00:00,z4,13,-0.2588190451025208,-0.9659258262890683,6,1,0,300,350.0,0,0,3.0,35.3,0.0,251
2026-07-19T14:00:00+00:00,z1,14,-0.4999999999999997,-0.8660254037844388,6,1,0,400,500.0,0,0,6.0,34.0,0.0,329
2026-07-19T14:00:00+00:00,z2,14,-0.4999999999999997,-0.8660254037844388,6,1,0,600,450.0,0,0,44.0,34.0,0.0,276
2026-07-19T14:00:00+00:00,z3,14,-0.4999999999999997,-0.8660254037844388,6,1,0,900,1200.0,0,0,57.0,34.0,0.0,365
2026-07-19T14:00:00+00:00,z4,14,-0.4999999999999997,-0.8660254037844388,6,1,0,300,350.0,0,0,2.0,34.0,0.0,240
2026-07-19T15:00:00+00:00,z1,15,-0.7071067811865471,-0.7071067811865479,6,1,0,400,500.0,0,0,5.0,36.2,0.0,307
2026-07-19T15:00:00+00:00,z2,15,-0.7071067811865471,-0.7071067811865479,6,1,0,600,450.0,0,0,43.0,36.2,0.0,293
2026-07-19T15:00:00+00:00,z3,15,-0.7071067811865471,-0.7071067811865479,6,1,0,900,1200.0,0,0,56.0,36.2,0.0,428
2026-07-19T15:00:00+00:00,z4,15,-0.7071067811865471,-0.7071067811865479,6,1,0,300,350.0,0,0,1.0,36.2,0.0,165
2026-07-19T16:00:00+00:00,z1,16,-0.8660254037844385,-0.5000000000000004,6,1,0,400,500.0,0,0,4.0,33.9,0.0,314
2026-07-19T16:00:00+00:00,z2,16,-0.8660254037844385,-0.5000000000000004,6,1,0,600,450.0,0,0,42.0,33.9,0.0,280
2026-07-19T16:00:00+00:00,z3,16,-0.8660254037844385,-0.5000000000000004,6,1,0,900,1200.0,0,0,55.0,33.9,0.0,742
2026-07-19T16:00:00+00:00,z4,16,-0.8660254037844385,-0.5000000000000004,6,1,0,300,350.0,504,1,6.0,33.9,0.0,243
2026-07-19T17:00:00+00:00,z1,17,-0.9659258262890683,-0.25881904510252063,6,1,0,400,500.0,0,0,3.0,33.1,0.0,304
2026-07-19T17:00:00+00:00,z2,17,-0.9659258262890683,-0.25881904510252063,6,1,0,600,450.0,0,0,41.0,33.1,0.0,319
2026-07-19T17:00:00+00:00,z3,17,-0.9659258262890683,-0.25881904510252063,6,1,0,900,1200.0,0,0,54.0,33.1,0.0,797
2026-07-19T17:00:00+00:00,z4,17,-0.9659258262890683,-0.25881904510252063,6,1,0,300,350.0,504,1,5.0,33.1,0.0,255
2026-07-19T18:00:00+00:00,z1,18,-1.0,-1.8369701987210297e-16,6,1,0,400,500.0,0,0,2.0,35.0,0.0,276
2026-07-19T18:00:00+00:00,z2,18,-1.0,-1.8369701987210297e-16,6,1,0,600,450.0,0,0,40.0,35.0,0.0,282
2026-07-19T18:00:00+00:00,z3,18,-1.0,-1.8369701987210297e-16,6,1,0,900,1200.0,0,0,53.0,35.0,0.0,853
2026-07-19T18:00:00+00:00,z4,18,-1.0,-1.8369701987210297e-16,6,1,0,300,350.0,504,1,4.0,35.0,0.0,252
2026-07-19T19:00:00+00:00,z1,19,-0.9659258262890684,0.2588190451025203,6,1,0,400,500.0,0,0,1.0,30.2,0.0,348
2026-07-19T19:00:00+00:00,z2,19,-0.9659258262890684,0.2588190451025203,6,1,0,600,450.0,0,0,39.0,30.2,0.0,291
2026-07-19T19:00:00+00:00,z3,19,-0.9659258262890684,0.2588190451025203,6,1,0,900,1200.0,0,0,52.0,30.2,0.0,807
2026-07-19T19:00:00+00:00,z4,19,-0.9659258262890684,0.2588190451025203,6,1,0,300,350.0,504,1,3.0,30.2,0.0,408
2026-07-19T20:00:00+00:00,z1,20,-0.8660254037844386,0.5000000000000001,6,1,0,400,500.0,681,1,20.0,28.8,0.0,321
2026-07-19T20:00:00+00:00,z2,20,-0.8660254037844386,0.5000000000000001,6,1,0,600,450.0,0,0,38.0,28.8,0.0,252
2026-07-19T20:00:00+00:00,z3,20,-0.8660254037844386,0.5000000000000001,6,1,0,900,1200.0,0,0,51.0,28.8,0.0,811
2026-07-19T20:00:00+00:00,z4,20,-0.8660254037844386,0.5000000000000001,6,1,0,300,350.0,0,0,2.0,28.8,0.0,272
2026-07-19T21:00:00+00:00,z1,21,-0.7071067811865477,0.7071067811865474,6,1,0,400,500.0,681,1,19.0,28.4,0.0,350
2026-07-19T21:00:00+00:00,z2,21,-0.7071067811865477,0.7071067811865474,6,1,0,600,450.0,0,0,37.0,28.4,0.0,249
2026-07-19T21:00:00+00:00,z3,21,-0.7071067811865477,0.7071067811865474,6,1,0,900,1200.0,0,0,50.0,28.4,0.0,769
2026-07-19T21:00:00+00:00,z4,21,-0.7071067811865477,0.7071067811865474,6,1,0,300,350.0,0,0,1.0,28.4,0.0,338
2026-07-19T22:00:00+00:00,z1,22,-0.5000000000000004,0.8660254037844384,6,1,0,400,500.0,681,1,18.0,26.3,0.0,344
2026-07-19T22:00:00+00:00,z2,22,-0.5000000000000004,0.8660254037844384,6,1,0,600,450.0,0,0,36.0,26.3,0.0,113
2026-07-19T22:00:00+00:00,z3,22,-0.5000000000000004,0.8660254037844384,6,1,0,900,1200.0,0,0,49.0,26.3,0.0,723
2026-07-19T22:00:00+00:00,z4,22,-0.5000000000000004,0.8660254037844384,6,1,0,300,350.0,1102,1,4.0,26.3,0.0,251
2026-07-19T23:00:00+00:00,z1,23,-0.25881904510252157,0.9659258262890681,6,1,0,400,500.0,681,1,17.0,22.7,0.0,326
2026-07-19T23:00:00+00:00,z2,23,-0.25881904510252157,0.9659258262890681,6,1,0,600,450.0,0,0,35.0,22.7,0.0,64
2026-07-19T23:00:00+00:00,z3,23,-0.25881904510252157,0.9659258262890681,6,1,0,900,1200.0,0,0,48.0,22.7,0.0,108
2026-07-19T23:00:00+00:00,z4,23,-0.25881904510252157,0.9659258262890681,6,1,0,300,350.0,1102,1,3.0,22.7,0.0,260
2026-07-20T00:00:00+00:00,z1,0,0.0,1.0,0,0,0,400,500.0,0,0,16.0,22.7,0.0,27
2026-07-20T00:00:00+00:00,z2,0,0.0,1.0,0,0,0,600,450.0,0,0,34.0,22.7,0.0,88
2026-07-20T00:00:00+00:00,z3,0,0.0,1.0,0,0,0,900,1200.0,0,0,47.0,22.7,0.0,110
2026-07-20T00:00:00+00:00,z4,0,0.0,1.0,0,0,0,300,350.0,1102,1,2.0,22.7,0.0,251
2026-07-20T01:00:00+00:00,z1,1,0.25881904510252074,0.9659258262890683,0,0,0,400,500.0,0,0,15.0,19.4,0.0,24
2026-07-20T01:00:00+00:00,z2,1,0.25881904510252074,0.9659258262890683,0,0,0,600,450.0,0,0,33.0,19.4,0.0,18
2026-07-20T01:00:00+00:00,z3,1,0.25881904510252074,0.9659258262890683,0,0,0,900,1200.0,0,0,46.0,19.4,0.0,3
2026-07-20T01:00:00+00:00,z4,1,0.25881904510252074,0.9659258262890683,0,0,0,300,350.0,1102,1,1.0,19.4,0.0,531
2026-07-20T02:00:00+00:00,z1,2,0.49999999999999994,0.8660254037844387,0,0,0,400,500.0,0,0,14.0,20.5,0.0,15
2026-07-20T02:00:00+00:00,z2,2,0.49999999999999994,0.8660254037844387,0,0,0,600,450.0,0,0,32.0,20.5,0.0,31
2026-07-20T02:00:00+00:00,z3,2,0.49999999999999994,0.8660254037844387,0,0,0,900,1200.0,0,0,45.0,20.5,0.0,28
2026-07-20T02:00:00+00:00,z4,2,0.49999999999999994,0.8660254037844387,0,0,0,300,350.0,1619,2,7.0,20.5,0.0,250
2026-07-20T03:00:00+00:00,z1,3,0.7071067811865476,0.7071067811865476,0,0,0,400,500.0,0,0,13.0,20.1,0.0,44
2026-07-20T03:00:00+00:00,z2,3,0.7071067811865476,0.7071067811865476,0,0,0,600,450.0,0,0,31.0,20.1,0.0,35
2026-07-20T03:00:00+00:00,z3,3,0.7071067811865476,0.7071067811865476,0,0,0,900,1200.0,0,0,44.0,20.1,0.0,57
2026-07-20T03:00:00+00:00,z4,3,0.7071067811865476,0.7071067811865476,0,0,0,300,350.0,517,1,6.0,20.1,0.0,194
2026-07-20T04:00:00+00:00,z1,4,0.8660254037844386,0.5000000000000001,0,0,0,400,500.0,0,0,12.0,22.2,0.0,28
2026-07-20T04:00:00+00:00,z2,4,0.8660254037844386,0.5000000000000001,0,0,0,600,450.0,0,0,30.0,22.2,0.0,38
2026-07-20T04:00:00+00:00,z3,4,0.8660254037844386,0.5000000000000001,0,0,0,900,1200.0,0,0,43.0,22.2,0.0,45
2026-07-20T04:00:00+00:00,z4,4,0.8660254037844386,0.5000000000000001,0,0,0,300,350.0,517,1,5.0,22.2,0.0,187
2026-07-20T05:00:00+00:00,z1,5,0.9659258262890683,0.25881904510252074,0,0,0,400,500.0,0,0,11.0,21.5,0.0,13
2026-07-20T05:00:00+00:00,z2,5,0.9659258262890683,0.25881904510252074,0,0,0,600,450.0,0,0,29.0,21.5,0.0,0
2026-07-20T05:00:00+00:00,z3,5,0.9659258262890683,0.25881904510252074,0,0,0,900,1200.0,0,0,42.0,21.5,0.0,33
2026-07-20T05:00:00+00:00,z4,5,0.9659258262890683,0.25881904510252074,0,0,0,300,350.0,517,1,4.0,21.5,0.0,184
2026-07-20T06:00:00+00:00,z1,6,1.0,6.123233995736766e-17,0,0,0,400,500.0,0,0,10.0,22.6,0.0,39
2026-07-20T06:00:00+00:00,z2,6,1.0,6.123233995736766e-17,0,0,0,600,450.0,0,0,28.0,22.6,0.0,90
2026-07-20T06:00:00+00:00,z3,6,1.0,6.123233995736766e-17,0,0,0,900,1200.0,0,0,41.0,22.6,0.0,40
2026-07-20T06:00:00+00:00,z4,6,1.0,6.123233995736766e-17,0,0,0,300,350.0,517,1,3.0,22.6,0.0,196
2026-07-20T07:00:00+00:00,z1,7,0.9659258262890683,-0.25881904510252063,0,0,0,400,500.0,0,0,9.0,24.5,0.0,7
2026-07-20T07:00:00+00:00,z2,7,0.9659258262890683,-0.25881904510252063,0,0,0,600,450.0,0,0,27.0,24.5,0.0,99
2026-07-20T07:00:00+00:00,z3,7,0.9659258262890683,-0.25881904510252063,0,0,0,900,1200.0,0,0,40.0,24.5,0.0,80
2026-07-20T07:00:00+00:00,z4,7,0.9659258262890683,-0.25881904510252063,0,0,0,300,350.0,0,0,2.0,24.5,0.0,24
2026-07-20T08:00:00+00:00,z1,8,0.8660254037844387,-0.4999999999999998,0,0,0,400,500.0,0,0,8.0,24.6,0.0,11
2026-07-20T08:00:00+00:00,z2,8,0.8660254037844387,-0.4999999999999998,0,0,0,600,450.0,0,0,26.0,24.6,0.0,421
2026-07-20T08:00:00+00:00,z3,8,0.8660254037844387,-0.4999999999999998,0,0,0,900,1200.0,0,0,39.0,24.6,0.0,35
2026-07-20T08:00:00+00:00,z4,8,0.8660254037844387,-0.4999999999999998,0,0,0,300,350.0,0,0,1.0,24.6,0.0,121
2026-07-20T09:00:00+00:00,z1,9,0.7071067811865476,-0.7071067811865475,0,0,0,400,500.0,0,0,7.0,28.8,0.0,206
2026-07-20T09:00:00+00:00,z2,9,0.7071067811865476,-0.7071067811865475,0,0,0,600,450.0,0,0,25.0,28.8,0.0,519
2026-07-20T09:00:00+00:00,z3,9,0.7071067811865476,-0.7071067811865475,0,0,0,900,1200.0,0,0,38.0,28.8,0.0,72
2026-07-20T09:00:00+00:00,z4,9,0.7071067811865476,-0.7071067811865475,0,0,0,300,350.0,1387,1,55.0,28.8,0.0,259
2026-07-20T10:00:00+00:00,z1,10,0.49999999999999994,-0.8660254037844387,0,0,0,400,500.0,0,0,6.0,28.1,16.4,139
2026-07-20T10:00:00+00:00,z2,10,0.49999999999999994,-0.8660254037844387,0,0,0,600,450.0,0,0,24.0,28.1,16.4,310
2026-07-20T10:00:00+00:00,z3,10,0.49999999999999994,-0.8660254037844387,0,0,0,900,1200.0,0,0,37.0,28.1,16.4,43
2026-07-20T10:00:00+00:00,z4,10,0.49999999999999994,-0.8660254037844387,0,0,0,300,350.0,1387,1,54.0,28.1,16.4,181
2026-07-20T11:00:00+00:00,z1,11,0.258819045102521,-0.9659258262890682,0,0,0,400,500.0,0,0,5.0,30.5,0.0,225
2026-07-20T11:00:00+00:00,z2,11,0.258819045102521,-0.9659258262890682,0,0,0,600,450.0,0,0,23.0,30.5,0.0,230
2026-07-20T11:00:00+00:00,z3,11,0.258819045102521,-0.9659258262890682,0,0,0,900,1200.0,0,0,36.0,30.5,0.0,102
2026-07-20T11:00:00+00:00,z4,11,0.258819045102521,-0.9659258262890682,0,0,0,300,350.0,1387,1,53.0,30.5,0.0,253
2026-07-20T12:00:00+00:00,z1,12,1.2246467991473532e-16,-1.0,0,0,0,400,500.0,0,0,4.0,35.7,0.0,246
2026-07-20T12:00:00+00:00,z2,12,1.2246467991473532e-16,-1.0,0,0,0,600,450.0,0,0,22.0,35.7,0.0,193
2026-07-20T12:00:00+00:00,z3,12,1.2246467991473532e-16,-1.0,0,0,0,900,1200.0,0,0,35.0,35.7,0.0,216
2026-07-20T12:00:00+00:00,z4,12,1.2246467991473532e-16,-1.0,0,0,0,300,350.0,0,0,52.0,35.7,0.0,228
2026-07-20T13:00:00+00:00,z1,13,-0.2588190451025208,-0.9659258262890683,0,0,0,400,500.0,0,0,3.0,35.5,6.6,123
2026-07-20T13:00:00+00:00,z2,13,-0.2588190451025208,-0.9659258262890683,0,0,0,600,450.0,0,0,21.0,35.5,6.6,171
2026-07-20T13:00:00+00:00,z3,13,-0.2588190451025208,-0.9659258262890683,0,0,0,900,1200.0,0,0,34.0,35.5,6.6,120
2026-07-20T13:00:00+00:00,z4,13,-0.2588190451025208,-0.9659258262890683,0,0,0,300,350.0,0,0,51.0,35.5,6.6,198
2026-07-20T14:00:00+00:00,z1,14,-0.4999999999999997,-0.8660254037844388,0,0,0,400,500.0,0,0,2.0,35.0,0.0,245
2026-07-20T14:00:00+00:00,z2,14,-0.4999999999999997,-0.8660254037844388,0,0,0,600,450.0,0,0,20.0,35.0,0.0,211
2026-07-20T14:00:00+00:00,z3,14,-0.4999999999999997,-0.8660254037844388,0,0,0,900,1200.0,0,0,33.0,35.0,0.0,199
2026-07-20T14:00:00+00:00,z4,14,-0.4999999999999997,-0.8660254037844388,0,0,0,300,350.0,0,0,50.0,35.0,0.0,228
2026-07-20T15:00:00+00:00,z1,15,-0.7071067811865471,-0.7071067811865479,0,0,0,400,500.0,0,0,1.0,36.7,0.0,345
2026-07-20T15:00:00+00:00,z2,15,-0.7071067811865471,-0.7071067811865479,0,0,0,600,450.0,0,0,19.0,36.7,0.0,228
2026-07-20T15:00:00+00:00,z3,15,-0.7071067811865471,-0.7071067811865479,0,0,0,900,1200.0,0,0,32.0,36.7,0.0,203
2026-07-20T15:00:00+00:00,z4,15,-0.7071067811865471,-0.7071067811865479,0,0,0,300,350.0,0,0,49.0,36.7,0.0,58
2026-07-20T16:00:00+00:00,z1,16,-0.8660254037844385,-0.5000000000000004,0,0,0,400,500.0,1159,1,50.0,34.4,0.0,581
2026-07-20T16:00:00+00:00,z2,16,-0.8660254037844385,-0.5000000000000004,0,0,0,600,450.0,0,0,18.0,34.4,0.0,215
2026-07-20T16:00:00+00:00,z3,16,-0.8660254037844385,-0.5000000000000004,0,0,0,900,1200.0,0,0,31.0,34.4,0.0,241
2026-07-20T16:00:00+00:00,z4,16,-0.8660254037844385,-0.5000000000000004,0,0,0,300,350.0,0,0,48.0,34.4,0.0,73
2026-07-20T17:00:00+00:00,z1,17,-0.9659258262890683,-0.25881904510252063,0,0,0,400,500.0,1159,1,49.0,36.1,0.0,563
2026-07-20T17:00:00+00:00,z2,17,-0.9659258262890683,-0.25881904510252063,0,0,0,600,450.0,0,0,17.0,36.1,0.0,450
2026-07-20T17:00:00+00:00,z3,17,-0.9659258262890683,-0.25881904510252063,0,0,0,900,1200.0,0,0,30.0,36.1,0.0,432
2026-07-20T17:00:00+00:00,z4,17,-0.9659258262890683,-0.25881904510252063,0,0,0,300,350.0,0,0,47.0,36.1,0.0,79
2026-07-20T18:00:00+00:00,z1,18,-1.0,-1.8369701987210297e-16,0,0,0,400,500.0,1159,1,48.0,34.2,0.0,538
2026-07-20T18:00:00+00:00,z2,18,-1.0,-1.8369701987210297e-16,0,0,0,600,450.0,0,0,16.0,34.2,0.0,550
2026-07-20T18:00:00+00:00,z3,18,-1.0,-1.8369701987210297e-16,0,0,0,900,1200.0,0,0,29.0,34.2,0.0,529
2026-07-20T18:00:00+00:00,z4,18,-1.0,-1.8369701987210297e-16,0,0,0,300,350.0,0,0,46.0,34.2,0.0,44
2026-07-20T19:00:00+00:00,z1,19,-0.9659258262890684,0.2588190451025203,0,0,0,400,500.0,1159,1,47.0,31.3,0.0,523
2026-07-20T19:00:00+00:00,z2,19,-0.9659258262890684,0.2588190451025203,0,0,0,600,450.0,0,0,15.0,31.3,0.0,533
2026-07-20T19:00:00+00:00,z3,19,-0.9659258262890684,0.2588190451025203,0,0,0,900,1200.0,0,0,28.0,31.3,0.0,539
2026-07-20T19:00:00+00:00,z4,19,-0.9659258262890684,0.2588190451025203,0,0,0,300,350.0,0,0,45.0,31.3,0.0,231
2026-07-20T20:00:00+00:00,z1,20,-0.8660254037844386,0.5000000000000001,0,0,0,400,500.0,1159,1,46.0,29.7,0.0,453
2026-07-20T20:00:00+00:00,z2,20,-0.8660254037844386,0.5000000000000001,0,0,0,600,450.0,0,0,14.0,29.7,0.0,444
2026-07-20T20:00:00+00:00,z3,20,-0.8660254037844386,0.5000000000000001,0,0,0,900,1200.0,0,0,27.0,29.7,0.0,578
2026-07-20T20:00:00+00:00,z4,20,-0.8660254037844386,0.5000000000000001,0,0,0,300,350.0,0,0,44.0,29.7,0.0,264
2026-07-20T21:00:00+00:00,z1,21,-0.7071067811865477,0.7071067811865474,0,0,0,400,500.0,0,0,45.0,29.3,0.0,75
2026-07-20T21:00:00+00:00,z2,21,-0.7071067811865477,0.7071067811865474,0,0,0,600,450.0,0,0,13.0,29.3,0.0,87
2026-07-20T21:00:00+00:00,z3,21,-0.7071067811865477,0.7071067811865474,0,0,0,900,1200.0,0,0,26.0,29.3,0.0,488
2026-07-20T21:00:00+00:00,z4,21,-0.7071067811865477,0.7071067811865474,0,0,0,300,350.0,0,0,43.0,29.3,0.0,236
2026-07-20T22:00:00+00:00,z1,22,-0.5000000000000004,0.8660254037844384,0,0,0,400,500.0,0,0,44.0,26.8,0.0,99
2026-07-20T22:00:00+00:00,z2,22,-0.5000000000000004,0.8660254037844384,0,0,0,600,450.0,0,0,12.0,26.8,0.0,95
2026-07-20T22:00:00+00:00,z3,22,-0.5000000000000004,0.8660254037844384,0,0,0,900,1200.0,0,0,25.0,26.8,0.0,68
2026-07-20T22:00:00+00:00,z4,22,-0.5000000000000004,0.8660254037844384,0,0,0,300,350.0,0,0,42.0,26.8,0.0,4
2026-07-20T23:00:00+00:00,z1,23,-0.25881904510252157,0.9659258262890681,0,0,0,400,500.0,0,0,43.0,24.1,0.0,106
2026-07-20T23:00:00+00:00,z2,23,-0.25881904510252157,0.9659258262890681,0,0,0,600,450.0,0,0,11.0,24.1,0.0,55
2026-07-20T23:00:00+00:00,z3,23,-0.25881904510252157,0.9659258262890681,0,0,0,900,1200.0,0,0,24.0,24.1,0.0,17
2026-07-20T23:00:00+00:00,z4,23,-0.25881904510252157,0.9659258262890681,0,0,0,300,350.0,0,0,41.0,24.1,0.0,22
2026-07-21T00:00:00+00:00,z1,0,0.0,1.0,1,0,0,400,500.0,0,0,42.0,23.1,0.0,26
2026-07-21T00:00:00+00:00,z2,0,0.0,1.0,1,0,0,600,450.0,0,0,10.0,23.1,0.0,89
2026-07-21T00:00:00+00:00,z3,0,0.0,1.0,1,0,0,900,1200.0,0,0,23.0,23.1,0.0,34
2026-07-21T00:00:00+00:00,z4,0,0.0,1.0,1,0,0,300,350.0,0,0,40.0,23.1,0.0,9
2026-07-21T01:00:00+00:00,z1,1,0.25881904510252074,0.9659258262890683,1,0,0,400,500.0,0,0,41.0,22.6,0.0,16
2026-07-21T01:00:00+00:00,z2,1,0.25881904510252074,0.9659258262890683,1,0,0,600,450.0,0,0,9.0,22.6,0.0,0
2026-07-21T01:00:00+00:00,z3,1,0.25881904510252074,0.9659258262890683,1,0,0,900,1200.0,0,0,22.0,22.6,0.0,0
2026-07-21T01:00:00+00:00,z4,1,0.25881904510252074,0.9659258262890683,1,0,0,300,350.0,0,0,39.0,22.6,0.0,21
2026-07-21T02:00:00+00:00,z1,2,0.49999999999999994,0.8660254037844387,1,0,0,400,500.0,0,0,40.0,20.8,0.0,32
2026-07-21T02:00:00+00:00,z2,2,0.49999999999999994,0.8660254037844387,1,0,0,600,450.0,0,0,8.0,20.8,0.0,11
2026-07-21T02:00:00+00:00,z3,2,0.49999999999999994,0.8660254037844387,1,0,0,900,1200.0,0,0,21.0,20.8,0.0,54
2026-07-21T02:00:00+00:00,z4,2,0.49999999999999994,0.8660254037844387,1,0,0,300,350.0,0,0,38.0,20.8,0.0,0
2026-07-21T03:00:00+00:00,z1,3,0.7071067811865476,0.7071067811865476,1,0,0,400,500.0,0,0,39.0,21.0,0.0,20
2026-07-21T03:00:00+00:00,z2,3,0.7071067811865476,0.7071067811865476,1,0,0,600,450.0,0,0,7.0,21.0,0.0,0
2026-07-21T03:00:00+00:00,z3,3,0.7071067811865476,0.7071067811865476,1,0,0,900,1200.0,0,0,20.0,21.0,0.0,37
2026-07-21T03:00:00+00:00,z4,3,0.7071067811865476,0.7071067811865476,1,0,0,300,350.0,0,0,37.0,21.0,0.0,8
2026-07-21T04:00:00+00:00,z1,4,0.8660254037844386,0.5000000000000001,1,0,0,400,500.0,0,0,38.0,19.2,0.0,35
2026-07-21T04:00:00+00:00,z2,4,0.8660254037844386,0.5000000000000001,1,0,0,600,450.0,0,0,6.0,19.2,0.0,0
2026-07-21T04:00:00+00:00,z3,4,0.8660254037844386,0.5000000000000001,1,0,0,900,1200.0,0,0,19.0,19.2,0.0,43
2026-07-21T04:00:00+00:00,z4,4,0.8660254037844386,0.5000000000000001,1,0,0,300,350.0,0,0,36.0,19.2,0.0,4
2026-07-21T05:00:00+00:00,z1,5,0.9659258262890683,0.25881904510252074,1,0,0,400,500.0,0,0,37.0,22.2,0.0,17
2026-07-21T05:00:00+00:00,z2,5,0.9659258262890683,0.25881904510252074,1,0,0,600,450.0,0,0,5.0,22.2,0.0,17
2026-07-21T05:00:00+00:00,z3,5,0.9659258262890683,0.25881904510252074,1,0,0,900,1200.0,0,0,18.0,22.2,0.0,0
2026-07-21T05:00:00+00:00,z4,5,0.9659258262890683,0.25881904510252074,1,0,0,300,350.0,0,0,35.0,22.2,0.0,10
2026-07-21T06:00:00+00:00,z1,6,1.0,6.123233995736766e-17,1,0,0,400,500.0,0,0,36.0,22.3,0.0,19
2026-07-21T06:00:00+00:00,z2,6,1.0,6.123233995736766e-17,1,0,0,600,450.0,0,0,4.0,22.3,0.0,94
2026-07-21T06:00:00+00:00,z3,6,1.0,6.123233995736766e-17,1,0,0,900,1200.0,0,0,17.0,22.3,0.0,74
2026-07-21T06:00:00+00:00,z4,6,1.0,6.123233995736766e-17,1,0,0,300,350.0,0,0,34.0,22.3,0.0,22
2026-07-21T07:00:00+00:00,z1,7,0.9659258262890683,-0.25881904510252063,1,0,0,400,500.0,0,0,35.0,25.7,0.0,31
2026-07-21T07:00:00+00:00,z2,7,0.9659258262890683,-0.25881904510252063,1,0,0,600,450.0,0,0,3.0,25.7,0.0,71
2026-07-21T07:00:00+00:00,z3,7,0.9659258262890683,-0.25881904510252063,1,0,0,900,1200.0,0,0,16.0,25.7,0.0,95
2026-07-21T07:00:00+00:00,z4,7,0.9659258262890683,-0.25881904510252063,1,0,0,300,350.0,0,0,33.0,25.7,0.0,4
2026-07-21T08:00:00+00:00,z1,8,0.8660254037844387,-0.4999999999999998,1,0,0,400,500.0,0,0,34.0,26.0,0.0,27
2026-07-21T08:00:00+00:00,z2,8,0.8660254037844387,-0.4999999999999998,1,0,0,600,450.0,0,0,2.0,26.0,0.0,431
2026-07-21T08:00:00+00:00,z3,8,0.8660254037844387,-0.4999999999999998,1,0,0,900,1200.0,0,0,15.0,26.0,0.0,20
2026-07-21T08:00:00+00:00,z4,8,0.8660254037844387,-0.4999999999999998,1,0,0,300,350.0,0,0,32.0,26.0,0.0,16
2026-07-21T09:00:00+00:00,z1,9,0.7071067811865476,-0.7071067811865475,1,0,0,400,500.0,0,0,33.0,26.6,0.0,194
2026-07-21T09:00:00+00:00,z2,9,0.7071067811865476,-0.7071067811865475,1,0,0,600,450.0,0,0,1.0,26.6,0.0,596
2026-07-21T09:00:00+00:00,z3,9,0.7071067811865476,-0.7071067811865475,1,0,0,900,1200.0,0,0,14.0,26.6,0.0,108
2026-07-21T09:00:00+00:00,z4,9,0.7071067811865476,-0.7071067811865475,1,0,0,300,350.0,0,0,31.0,26.6,0.0,9
2026-07-21T10:00:00+00:00,z1,10,0.49999999999999994,-0.8660254037844387,1,0,0,400,500.0,0,0,32.0,31.4,0.0,209
2026-07-21T10:00:00+00:00,z2,10,0.49999999999999994,-0.8660254037844387,1,0,0,600,450.0,342,1,22.0,31.4,0.0,541
2026-07-21T10:00:00+00:00,z3,10,0.49999999999999994,-0.8660254037844387,1,0,0,900,1200.0,0,0,13.0,31.4,0.0,91
2026-07-21T10:00:00+00:00,z4,10,0.49999999999999994,-0.8660254037844387,1,0,0,300,350.0,0,0,30.0,31.4,0.0,14
2026-07-21T11:00:00+00:00,z1,11,0.258819045102521,-0.9659258262890682,1,0,0,400,500.0,0,0,31.0,32.7,0.0,249
2026-07-21T11:00:00+00:00,z2,11,0.258819045102521,-0.9659258262890682,1,0,0,600,450.0,342,1,21.0,32.7,0.0,353
2026-07-21T11:00:00+00:00,z3,11,0.258819045102521,-0.9659258262890682,1,0,0,900,1200.0,0,0,12.0,32.7,0.0,13
2026-07-21T11:00:00+00:00,z4,11,0.258819045102521,-0.9659258262890682,1,0,0,300,350.0,0,0,29.0,32.7,0.0,10
2026-07-21T12:00:00+00:00,z1,12,1.2246467991473532e-16,-1.0,1,0,0,400,500.0,0,0,30.0,33.5,0.0,242
2026-07-21T12:00:00+00:00,z2,12,1.2246467991473532e-16,-1.0,1,0,0,600,450.0,342,1,20.0,33.5,0.0,340
2026-07-21T12:00:00+00:00,z3,12,1.2246467991473532e-16,-1.0,1,0,0,900,1200.0,0,0,11.0,33.5,0.0,109
2026-07-21T12:00:00+00:00,z4,12,1.2246467991473532e-16,-1.0,1,0,0,300,350.0,0,0,28.0,33.5,0.0,248
2026-07-21T13:00:00+00:00,z1,13,-0.2588190451025208,-0.9659258262890683,1,0,0,400,500.0,0,0,29.0,36.7,0.0,263
2026-07-21T13:00:00+00:00,z2,13,-0.2588190451025208,-0.9659258262890683,1,0,0,600,450.0,342,1,19.0,36.7,0.0,338
2026-07-21T13:00:00+00:00,z3,13,-0.2588190451025208,-0.9659258262890683,1,0,0,900,1200.0,0,0,10.0,36.7,0.0,220
2026-07-21T13:00:00+00:00,z4,13,-0.2588190451025208,-0.9659258262890683,1,0,0,300,350.0,0,0,27.0,36.7,0.0,276
2026-07-21T14:00:00+00:00,z1,14,-0.4999999999999997,-0.8660254037844388,1,0,0,400,500.0,0,0,28.0,35.6,14.0,153
2026-07-21T14:00:00+00:00,z2,14,-0.4999999999999997,-0.8660254037844388,1,0,0,600,450.0,0,0,18.0,35.6,14.0,182
2026-07-21T14:00:00+00:00,z3,14,-0.4999999999999997,-0.8660254037844388,1,0,0,900,1200.0,0,0,9.0,35.6,14.0,118
2026-07-21T14:00:00+00:00,z4,14,-0.4999999999999997,-0.8660254037844388,1,0,0,300,350.0,0,0,26.0,35.6,14.0,167
2026-07-21T15:00:00+00:00,z1,15,-0.7071067811865471,-0.7071067811865479,1,0,0,400,500.0,0,0,27.0,36.3,0.0,251
2026-07-21T15:00:00+00:00,z2,15,-0.7071067811865471,-0.7071067811865479,1,0,0,600,450.0,0,0,17.0,36.3,0.0,219
2026-07-21T15:00:00+00:00,z3,15,-0.7071067811865471,-0.7071067811865479,1,0,0,900,1200.0,0,0,8.0,36.3,0.0,190
2026-07-21T15:00:00+00:00,z4,15,-0.7071067811865471,-0.7071067811865479,1,0,0,300,350.0,0,0,25.0,36.3,0.0,52
2026-07-21T16:00:00+00:00,z1,16,-0.8660254037844385,-0.5000000000000004,1,0,0,400,500.0,0,0,26.0,34.8,0.0,248
2026-07-21T16:00:00+00:00,z2,16,-0.8660254037844385,-0.5000000000000004,1,0,0,600,450.0,0,0,16.0,34.8,0.0,176
2026-07-21T16:00:00+00:00,z3,16,-0.8660254037844385,-0.5000000000000004,1,0,0,900,1200.0,0,0,7.0,34.8,0.0,196
2026-07-21T16:00:00+00:00,z4,16,-0.8660254037844385,-0.5000000000000004,1,0,0,300,350.0,0,0,24.0,34.8,0.0,63
2026-07-21T17:00:00+00:00,z1,17,-0.9659258262890683,-0.25881904510252063,1,0,0,400,500.0,0,0,25.0,34.0,16.3,131
2026-07-21T17:00:00+00:00,z2,17,-0.9659258262890683,-0.25881904510252063,1,0,0,600,450.0,0,0,15.0,34.0,16.3,328
2026-07-21T17:00:00+00:00,z3,17,-0.9659258262890683,-0.25881904510252063,1,0,0,900,1200.0,0,0,6.0,34.0,16.3,355
2026-07-21T17:00:00+00:00,z4,17,-0.9659258262890683,-0.25881904510252063,1,0,0,300,350.0,0,0,23.0,34.0,16.3,66
2026-07-21T18:00:00+00:00,z1,18,-1.0,-1.8369701987210297e-16,1,0,0,400,500.0,0,0,24.0,32.5,0.0,204
2026-07-21T18:00:00+00:00,z2,18,-1.0,-1.8369701987210297e-16,1,0,0,600,450.0,0,0,14.0,32.5,0.0,532
2026-07-21T18:00:00+00:00,z3,18,-1.0,-1.8369701987210297e-16,1,0,0,900,1200.0,0,0,5.0,32.5,0.0,542
2026-07-21T18:00:00+00:00,z4,18,-1.0,-1.8369701987210297e-16,1,0,0,300,350.0,0,0,22.0,32.5,0.0,59
2026-07-21T19:00:00+00:00,z1,19,-0.9659258262890684,0.2588190451025203,1,0,0,400,500.0,0,0,23.0,30.6,0.0,184
2026-07-21T19:00:00+00:00,z2,19,-0.9659258262890684,0.2588190451025203,1,0,0,600,450.0,0,0,13.0,30.6,0.0,536
2026-07-21T19:00:00+00:00,z3,19,-0.9659258262890684,0.2588190451025203,1,0,0,900,1200.0,0,0,4.0,30.6,0.0,567
2026-07-21T19:00:00+00:00,z4,19,-0.9659258262890684,0.2588190451025203,1,0,0,300,350.0,0,0,21.0,30.6,0.0,249
2026-07-21T20:00:00+00:00,z1,20,-0.8660254037844386,0.5000000000000001,1,0,0,400,500.0,0,0,22.0,29.2,0.0,112
2026-07-21T20:00:00+00:00,z2,20,-0.8660254037844386,0.5000000000000001,1,0,0,600,450.0,0,0,12.0,29.2,0.0,475
2026-07-21T20:00:00+00:00,z3,20,-0.8660254037844386,0.5000000000000001,1,0,0,900,1200.0,0,0,3.0,29.2,0.0,536
2026-07-21T20:00:00+00:00,z4,20,-0.8660254037844386,0.5000000000000001,1,0,0,300,350.0,0,0,20.0,29.2,0.0,274
2026-07-21T21:00:00+00:00,z1,21,-0.7071067811865477,0.7071067811865474,1,0,0,400,500.0,0,0,21.0,26.3,0.0,108
2026-07-21T21:00:00+00:00,z2,21,-0.7071067811865477,0.7071067811865474,1,0,0,600,450.0,0,0,11.0,26.3,0.0,81
2026-07-21T21:00:00+00:00,z3,21,-0.7071067811865477,0.7071067811865474,1,0,0,900,1200.0,0,0,2.0,26.3,0.0,474
2026-07-21T21:00:00+00:00,z4,21,-0.7071067811865477,0.7071067811865474,1,0,0,300,350.0,0,0,19.0,26.3,0.0,254
2026-07-21T22:00:00+00:00,z1,22,-0.5000000000000004,0.8660254037844384,1,0,0,400,500.0,0,0,20.0,25.3,0.0,103
2026-07-21T22:00:00+00:00,z2,22,-0.5000000000000004,0.8660254037844384,1,0,0,600,450.0,0,0,10.0,25.3,0.0,101
2026-07-21T22:00:00+00:00,z3,22,-0.5000000000000004,0.8660254037844384,1,0,0,900,1200.0,0,0,1.0,25.3,0.0,150
2026-07-21T22:00:00+00:00,z4,22,-0.5000000000000004,0.8660254037844384,1,0,0,300,350.0,0,0,18.0,25.3,0.0,4
2026-07-21T23:00:00+00:00,z1,23,-0.25881904510252157,0.9659258262890681,1,0,0,400,500.0,0,0,19.0,22.5,0.0,93
2026-07-21T23:00:00+00:00,z2,23,-0.25881904510252157,0.9659258262890681,1,0,0,600,450.0,0,0,9.0,22.5,0.0,88
2026-07-21T23:00:00+00:00,z3,23,-0.25881904510252157,0.9659258262890681,1,0,0,900,1200.0,567,1,15.0,22.5,0.0,242
2026-07-21T23:00:00+00:00,z4,23,-0.25881904510252157,0.9659258262890681,1,0,0,300,350.0,0,0,17.0,22.5,0.0,15
2026-07-22T00:00:00+00:00,z1,0,0.0,1.0,2,0,0,400,500.0,0,0,18.0,23.0,3.2,0
2026-07-22T00:00:00+00:00,z2,0,0.0,1.0,2,0,0,600,450.0,0,0,8.0,23.0,3.2,47
2026-07-22T00:00:00+00:00,z3,0,0.0,1.0,2,0,0,900,1200.0,567,1,14.0,23.0,3.2,167
2026-07-22T00:00:00+00:00,z4,0,0.0,1.0,2,0,0,300,350.0,0,0,16.0,23.0,3.2,17
2026-07-22T01:00:00+00:00,z1,1,0.25881904510252074,0.9659258262890683,2,0,0,400,500.0,0,0,17.0,20.8,0.0,10
2026-07-22T01:00:00+00:00,z2,1,0.25881904510252074,0.9659258262890683,2,0,0,600,450.0,0,0,7.0,20.8,0.0,4
2026-07-22T01:00:00+00:00,z3,1,0.25881904510252074,0.9659258262890683,2,0,0,900,1200.0,567,1,13.0,20.8,0.0,211
2026-07-22T01:00:00+00:00,z4,1,0.25881904510252074,0.9659258262890683,2,0,0,300,350.0,0,0,15.0,20.8,0.0,9
2026-07-22T02:00:00+00:00,z1,2,0.49999999999999994,0.8660254037844387,2,0,0,400,500.0,0,0,16.0,20.7,0.0,26
2026-07-22T02:00:00+00:00,z2,2,0.49999999999999994,0.8660254037844387,2,0,0,600,450.0,0,0,6.0,20.7,0.0,42
2026-07-22T02:00:00+00:00,z3,2,0.49999999999999994,0.8660254037844387,2,0,0,900,1200.0,0,0,12.0,20.7,0.0,23
2026-07-22T02:00:00+00:00,z4,2,0.49999999999999994,0.8660254037844387,2,0,0,300,350.0,0,0,14.0,20.7,0.0,0
2026-07-22T03:00:00+00:00,z1,3,0.7071067811865476,0.7071067811865476,2,0,0,400,500.0,0,0,15.0,21.9,0.0,17
2026-07-22T03:00:00+00:00,z2,3,0.7071067811865476,0.7071067811865476,2,0,0,600,450.0,0,0,5.0,21.9,0.0,0
2026-07-22T03:00:00+00:00,z3,3,0.7071067811865476,0.7071067811865476,2,0,0,900,1200.0,0,0,11.0,21.9,0.0,26
2026-07-22T03:00:00+00:00,z4,3,0.7071067811865476,0.7071067811865476,2,0,0,300,350.0,0,0,13.0,21.9,0.0,26
2026-07-22T04:00:00+00:00,z1,4,0.8660254037844386,0.5000000000000001,2,0,0,400,500.0,0,0,14.0,20.1,0.0,26
2026-07-22T04:00:00+00:00,z2,4,0.8660254037844386,0.5000000000000001,2,0,0,600,450.0,0,0,4.0,20.1,0.0,28
2026-07-22T04:00:00+00:00,z3,4,0.8660254037844386,0.5000000000000001,2,0,0,900,1200.0,0,0,10.0,20.1,0.0,0
2026-07-22T04:00:00+00:00,z4,4,0.8660254037844386,0.5000000000000001,2,0,0,300,350.0,0,0,12.0,20.1,0.0,10
2026-07-22T05:00:00+00:00,z1,5,0.9659258262890683,0.25881904510252074,2,0,0,400,500.0,0,0,13.0,20.0,0.0,28
2026-07-22T05:00:00+00:00,z2,5,0.9659258262890683,0.25881904510252074,2,0,0,600,450.0,0,0,3.0,20.0,0.0,22
2026-07-22T05:00:00+00:00,z3,5,0.9659258262890683,0.25881904510252074,2,0,0,900,1200.0,0,0,9.0,20.0,0.0,65
2026-07-22T05:00:00+00:00,z4,5,0.9659258262890683,0.25881904510252074,2,0,0,300,350.0,0,0,11.0,20.0,0.0,24
2026-07-22T06:00:00+00:00,z1,6,1.0,6.123233995736766e-17,2,0,0,400,500.0,0,0,12.0,23.0,0.0,40
2026-07-22T06:00:00+00:00,z2,6,1.0,6.123233995736766e-17,2,0,0,600,450.0,0,0,2.0,23.0,0.0,95
2026-07-22T06:00:00+00:00,z3,6,1.0,6.123233995736766e-17,2,0,0,900,1200.0,0,0,8.0,23.0,0.0,88
2026-07-22T06:00:00+00:00,z4,6,1.0,6.123233995736766e-17,2,0,0,300,350.0,0,0,10.0,23.0,0.0,28
2026-07-22T07:00:00+00:00,z1,7,0.9659258262890683,-0.25881904510252063,2,0,0,400,500.0,0,0,11.0,25.5,0.0,25
2026-07-22T07:00:00+00:00,z2,7,0.9659258262890683,-0.25881904510252063,2,0,0,600,450.0,0,0,1.0,25.5,0.0,181
2026-07-22T07:00:00+00:00,z3,7,0.9659258262890683,-0.25881904510252063,2,0,0,900,1200.0,0,0,7.0,25.5,0.0,60
2026-07-22T07:00:00+00:00,z4,7,0.9659258262890683,-0.25881904510252063,2,0,0,300,350.0,0,0,9.0,25.5,0.0,17
2026-07-22T08:00:00+00:00,z1,8,0.8660254037844387,-0.4999999999999998,2,0,0,400,500.0,0,0,10.0,24.1,0.0,5
2026-07-22T08:00:00+00:00,z2,8,0.8660254037844387,-0.4999999999999998,2,0,0,600,450.0,965,1,16.0,24.1,0.0,755
2026-07-22T08:00:00+00:00,z3,8,0.8660254037844387,-0.4999999999999998,2,0,0,900,1200.0,0,0,6.0,24.1,0.0,102
2026-07-22T08:00:00+00:00,z4,8,0.8660254037844387,-0.4999999999999998,2,0,0,300,350.0,0,0,8.0,24.1,0.0,0
2026-07-22T09:00:00+00:00,z1,9,0.7071067811865476,-0.7071067811865475,2,0,0,400,500.0,0,0,9.0,27.4,0.0,218
2026-07-22T09:00:00+00:00,z2,9,0.7071067811865476,-0.7071067811865475,2,0,0,600,450.0,965,1,15.0,27.4,0.0,868
2026-07-22T09:00:00+00:00,z3,9,0.7071067811865476,-0.7071067811865475,2,0,0,900,1200.0,0,0,5.0,27.4,0.0,60
2026-07-22T09:00:00+00:00,z4,9,0.7071067811865476,-0.7071067811865475,2,0,0,300,350.0,0,0,7.0,27.4,0.0,20
2026-07-22T10:00:00+00:00,z1,10,0.49999999999999994,-0.8660254037844387,2,0,0,400,500.0,0,0,8.0,28.8,0.0,219
2026-07-22T10:00:00+00:00,z2,10,0.49999999999999994,-0.8660254037844387,2,0,0,600,450.0,965,1,14.0,28.8,0.0,780
2026-07-22T10:00:00+00:00,z3,10,0.49999999999999994,-0.8660254037844387,2,0,0,900,1200.0,0,0,4.0,28.8,0.0,99
2026-07-22T10:00:00+00:00,z4,10,0.49999999999999994,-0.8660254037844387,2,0,0,300,350.0,0,0,6.0,28.8,0.0,2
2026-07-22T11:00:00+00:00,z1,11,0.258819045102521,-0.9659258262890682,2,0,0,400,500.0,0,0,7.0,32.4,0.0,242
2026-07-22T11:00:00+00:00,z2,11,0.258819045102521,-0.9659258262890682,2,0,0,600,450.0,0,0,13.0,32.4,0.0,182
2026-07-22T11:00:00+00:00,z3,11,0.258819045102521,-0.9659258262890682,2,0,0,900,1200.0,0,0,3.0,32.4,0.0,74
2026-07-22T11:00:00+00:00,z4,11,0.258819045102521,-0.9659258262890682,2,0,0,300,350.0,0,0,5.0,32.4,0.0,8
2026-07-22T12:00:00+00:00,z1,12,1.2246467991473532e-16,-1.0,2,0,0,400,500.0,0,0,6.0,34.9,0.0,270
2026-07-22T12:00:00+00:00,z2,12,1.2246467991473532e-16,-1.0,2,0,0,600,450.0,0,0,12.0,34.9,0.0,218
2026-07-22T12:00:00+00:00,z3,12,1.2246467991473532e-16,-1.0,2,0,0,900,1200.0,0,0,2.0,34.9,0.0,218
2026-07-22T12:00:00+00:00,z4,12,1.2246467991473532e-16,-1.0,2,0,0,300,350.0,0,0,4.0,34.9,0.0,213
2026-07-22T13:00:00+00:00,z1,13,-0.2588190451025208,-0.9659258262890683,2,0,0,400,500.0,0,0,5.0,36.1,0.0,252
2026-07-22T13:00:00+00:00,z2,13,-0.2588190451025208,-0.9659258262890683,2,0,0,600,450.0,0,0,11.0,36.1,0.0,212
2026-07-22T13:00:00+00:00,z3,13,-0.2588190451025208,-0.9659258262890683,2,0,0,900,1200.0,0,0,1.0,36.1,0.0,324
2026-07-22T13:00:00+00:00,z4,13,-0.2588190451025208,-0.9659258262890683,2,0,0,300,350.0,0,0,3.0,36.1,0.0,266
2026-07-22T14:00:00+00:00,z1,14,-0.4999999999999997,-0.8660254037844388,2,0,0,400,500.0,0,0,4.0,36.2,0.0,269
2026-07-22T14:00:00+00:00,z2,14,-0.4999999999999997,-0.8660254037844388,2,0,0,600,450.0,0,0,10.0,36.2,0.0,256
2026-07-22T14:00:00+00:00,z3,14,-0.4999999999999997,-0.8660254037844388,2,0,0,900,1200.0,348,1,17.0,36.2,0.0,345
2026-07-22T14:00:00+00:00,z4,14,-0.4999999999999997,-0.8660254037844388,2,0,0,300,350.0,0,0,2.0,36.2,0.0,212
2026-07-22T15:00:00+00:00,z1,15,-0.7071067811865471,-0.7071067811865479,2,0,0,400,500.0,0,0,3.0,35.4,0.0,255
2026-07-22T15:00:00+00:00,z2,15,-0.7071067811865471,-0.7071067811865479,2,0,0,600,450.0,0,0,9.0,35.4,0.0,235
2026-07-22T15:00:00+00:00,z3,15,-0.7071067811865471,-0.7071067811865479,2,0,0,900,1200.0,348,1,16.0,35.4,0.0,371
2026-07-22T15:00:00+00:00,z4,15,-0.7071067811865471,-0.7071067811865479,2,0,0,300,350.0,0,0,1.0,35.4,0.0,175
2026-07-22T16:00:00+00:00,z1,16,-0.8660254037844385,-0.5000000000000004,2,0,0,400,500.0,0,0,2.0,36.9,0.0,245
2026-07-22T16:00:00+00:00,z2,16,-0.8660254037844385,-0.5000000000000004,2,0,0,600,450.0,0,0,8.0,36.9,0.0,176
2026-07-22T16:00:00+00:00,z3,16,-0.8660254037844385,-0.5000000000000004,2,0,0,900,1200.0,348,1,15.0,36.9,0.0,358
2026-07-22T16:00:00+00:00,z4,16,-0.8660254037844385,-0.5000000000000004,2,0,0,300,350.0,868,1,58.0,36.9,0.0,305
2026-07-22T17:00:00+00:00,z1,17,-0.9659258262890683,-0.25881904510252063,2,0,0,400,500.0,0,0,1.0,36.7,0.0,327
2026-07-22T17:00:00+00:00,z2,17,-0.9659258262890683,-0.25881904510252063,2,0,0,600,450.0,0,0,7.0,36.7,0.0,446
2026-07-22T17:00:00+00:00,z3,17,-0.9659258262890683,-0.25881904510252063,2,0,0,900,1200.0,348,1,14.0,36.7,0.0,591
2026-07-22T17:00:00+00:00,z4,17,-0.9659258262890683,-0.25881904510252063,2,0,0,300,350.0,868,1,57.0,36.7,0.0,322
2026-07-22T18:00:00+00:00,z1,18,-1.0,-1.8369701987210297e-16,2,0,0,400,500.0,822,1,99.0,34.0,0.0,503
2026-07-22T18:00:00+00:00,z2,18,-1.0,-1.8369701987210297e-16,2,0,0,600,450.0,0,0,6.0,34.0,0.0,554
2026-07-22T18:00:00+00:00,z3,18,-1.0,-1.8369701987210297e-16,2,0,0,900,1200.0,348,1,13.0,34.0,0.0,722
2026-07-22T18:00:00+00:00,z4,18,-1.0,-1.8369701987210297e-16,2,0,0,300,350.0,868,1,56.0,34.0,0.0,313
2026-07-22T19:00:00+00:00,z1,19,-0.9659258262890684,0.2588190451025203,2,0,0,400,500.0,822,1,99.0,33.3,0.0,476
2026-07-22T19:00:00+00:00,z2,19,-0.9659258262890684,0.2588190451025203,2,0,0,600,450.0,0,0,5.0,33.3,0.0,490
2026-07-22T19:00:00+00:00,z3,19,-0.9659258262890684,0.2588190451025203,2,0,0,900,1200.0,0,0,12.0,33.3,0.0,545
2026-07-22T19:00:00+00:00,z4,19,-0.9659258262890684,0.2588190451025203,2,0,0,300,350.0,868,1,55.0,33.3,0.0,468
2026-07-22T20:00:00+00:00,z1,20,-0.8660254037844386,0.5000000000000001,2,0,0,400,500.0,822,1,99.0,31.9,4.5,230
2026-07-22T20:00:00+00:00,z2,20,-0.8660254037844386,0.5000000000000001,2,0,0,600,450.0,0,0,4.0,31.9,4.5,340
2026-07-22T20:00:00+00:00,z3,20,-0.8660254037844386,0.5000000000000001,2,0,0,900,1200.0,0,0,11.0,31.9,4.5,318
2026-07-22T20:00:00+00:00,z4,20,-0.8660254037844386,0.5000000000000001,2,0,0,300,350.0,0,0,54.0,31.9,4.5,183
2026-07-22T21:00:00+00:00,z1,21,-0.7071067811865477,0.7071067811865474,2,0,0,400,500.0,822,1,99.0,29.3,0.0,373
2026-07-22T21:00:00+00:00,z2,21,-0.7071067811865477,0.7071067811865474,2,0,0,600,450.0,0,0,3.0,29.3,0.0,106
2026-07-22T21:00:00+00:00,z3,21,-0.7071067811865477,0.7071067811865474,2,0,0,900,1200.0,0,0,10.0,29.3,0.0,503
2026-07-22T21:00:00+00:00,z4,21,-0.7071067811865477,0.7071067811865474,2,0,0,300,350.0,0,0,53.0,29.3,0.0,239
2026-07-22T22:00:00+00:00,z1,22,-0.5000000000000004,0.8660254037844384,2,0,0,400,500.0,822,1,99.0,25.4,0.0,394
2026-07-22T22:00:00+00:00,z2,22,-0.5000000000000004,0.8660254037844384,2,0,0,600,450.0,0,0,2.0,25.4,0.0,119
2026-07-22T22:00:00+00:00,z3,22,-0.5000000000000004,0.8660254037844384,2,0,0,900,1200.0,0,0,9.0,25.4,0.0,66
2026-07-22T22:00:00+00:00,z4,22,-0.5000000000000004,0.8660254037844384,2,0,0,300,350.0,0,0,52.0,25.4,0.0,16
2026-07-22T23:00:00+00:00,z1,23,-0.25881904510252157,0.9659258262890681,2,0,0,400,500.0,0,0,99.0,24.6,20.8,57
2026-07-22T23:00:00+00:00,z2,23,-0.25881904510252157,0.9659258262890681,2,0,0,600,450.0,0,0,1.0,24.6,20.8,186
2026-07-22T23:00:00+00:00,z3,23,-0.25881904510252157,0.9659258262890681,2,0,0,900,1200.0,0,0,8.0,24.6,20.8,0
2026-07-22T23:00:00+00:00,z4,23,-0.25881904510252157,0.9659258262890681,2,0,0,300,350.0,0,0,51.0,24.6,20.8,17
2026-07-23T00:00:00+00:00,z1,0,0.0,1.0,3,0,0,400,500.0,0,0,99.0,23.9,0.0,19
2026-07-23T00:00:00+00:00,z2,0,0.0,1.0,3,0,0,600,450.0,761,1,12.0,23.9,0.0,367
2026-07-23T00:00:00+00:00,z3,0,0.0,1.0,3,0,0,900,1200.0,0,0,7.0,23.9,0.0,54
2026-07-23T00:00:00+00:00,z4,0,0.0,1.0,3,0,0,300,350.0,0,0,50.0,23.9,0.0,15
2026-07-23T01:00:00+00:00,z1,1,0.25881904510252074,0.9659258262890683,3,0,0,400,500.0,0,0,99.0,21.6,5.4,14
2026-07-23T01:00:00+00:00,z2,1,0.25881904510252074,0.9659258262890683,3,0,0,600,450.0,761,1,11.0,21.6,5.4,272
2026-07-23T01:00:00+00:00,z3,1,0.25881904510252074,0.9659258262890683,3,0,0,900,1200.0,0,0,6.0,21.6,5.4,38
2026-07-23T01:00:00+00:00,z4,1,0.25881904510252074,0.9659258262890683,3,0,0,300,350.0,0,0,49.0,21.6,5.4,1
2026-07-23T02:00:00+00:00,z1,2,0.49999999999999994,0.8660254037844387,3,0,0,400,500.0,0,0,99.0,19.1,0.0,7
2026-07-23T02:00:00+00:00,z2,2,0.49999999999999994,0.8660254037844387,3,0,0,600,450.0,0,0,10.0,19.1,0.0,14
2026-07-23T02:00:00+00:00,z3,2,0.49999999999999994,0.8660254037844387,3,0,0,900,1200.0,0,0,5.0,19.1,0.0,0
2026-07-23T02:00:00+00:00,z4,2,0.49999999999999994,0.8660254037844387,3,0,0,300,350.0,0,0,48.0,19.1,0.0,6
2026-07-23T03:00:00+00:00,z1,3,0.7071067811865476,0.7071067811865476,3,0,0,400,500.0,0,0,99.0,21.8,0.0,29
2026-07-23T03:00:00+00:00,z2,3,0.7071067811865476,0.7071067811865476,3,0,0,600,450.0,0,0,9.0,21.8,0.0,0
2026-07-23T03:00:00+00:00,z3,3,0.7071067811865476,0.7071067811865476,3,0,0,900,1200.0,0,0,4.0,21.8,0.0,49
2026-07-23T03:00:00+00:00,z4,3,0.7071067811865476,0.7071067811865476,3,0,0,300,350.0,0,0,47.0,21.8,0.0,10
2026-07-23T04:00:00+00:00,z1,4,0.8660254037844386,0.5000000000000001,3,0,0,400,500.0,0,0,99.0,22.2,0.0,1
2026-07-23T04:00:00+00:00,z2,4,0.8660254037844386,0.5000000000000001,3,0,0,600,450.0,0,0,8.0,22.2,0.0,15
2026-07-23T04:00:00+00:00,z3,4,0.8660254037844386,0.5000000000000001,3,0,0,900,1200.0,0,0,3.0,22.2,0.0,71
2026-07-23T04:00:00+00:00,z4,4,0.8660254037844386,0.5000000000000001,3,0,0,300,350.0,0,0,46.0,22.2,0.0,18
2026-07-23T05:00:00+00:00,z1,5,0.9659258262890683,0.25881904510252074,3,0,0,400,500.0,0,0,99.0,19.3,0.0,18
2026-07-23T05:00:00+00:00,z2,5,0.9659258262890683,0.25881904510252074,3,0,0,600,450.0,0,0,7.0,19.3,0.0,14
2026-07-23T05:00:00+00:00,z3,5,0.9659258262890683,0.25881904510252074,3,0,0,900,1200.0,0,0,2.0,19.3,0.0,43
2026-07-23T05:00:00+00:00,z4,5,0.9659258262890683,0.25881904510252074,3,0,0,300,350.0,0,0,45.0,19.3,0.0,9
2026-07-23T06:00:00+00:00,z1,6,1.0,6.123233995736766e-17,3,0,0,400,500.0,0,0,99.0,21.3,0.0,0
2026-07-23T06:00:00+00:00,z2,6,1.0,6.123233995736766e-17,3,0,0,600,450.0,0,0,6.0,21.3,0.0,127
2026-07-23T06:00:00+00:00,z3,6,1.0,6.123233995736766e-17,3,0,0,900,1200.0,0,0,1.0,21.3,0.0,176
2026-07-23T06:00:00+00:00,z4,6,1.0,6.123233995736766e-17,3,0,0,300,350.0,0,0,44.0,21.3,0.0,19
2026-07-23T07:00:00+00:00,z1,7,0.9659258262890683,-0.25881904510252063,3,0,0,400,500.0,0,0,99.0,23.6,0.0,19
2026-07-23T07:00:00+00:00,z2,7,0.9659258262890683,-0.25881904510252063,3,0,0,600,450.0,0,0,5.0,23.6,0.0,77
2026-07-23T07:00:00+00:00,z3,7,0.9659258262890683,-0.25881904510252063,3,0,0,900,1200.0,1224,1,99.0,23.6,0.0,495
2026-07-23T07:00:00+00:00,z4,7,0.9659258262890683,-0.25881904510252063,3,0,0,300,350.0,0,0,43.0,23.6,0.0,1
2026-07-23T08:00:00+00:00,z1,8,0.8660254037844387,-0.4999999999999998,3,0,0,400,500.0,0,0,99.0,25.5,0.0,47
2026-07-23T08:00:00+00:00,z2,8,0.8660254037844387,-0.4999999999999998,3,0,0,600,450.0,0,0,4.0,25.5,0.0,398
2026-07-23T08:00:00+00:00,z3,8,0.8660254037844387,-0.4999999999999998,3,0,0,900,1200.0,1224,1,99.0,25.5,0.0,473
2026-07-23T08:00:00+00:00,z4,8,0.8660254037844387,-0.4999999999999998,3,0,0,300,350.0,0,0,42.0,25.5,0.0,11
2026-07-23T09:00:00+00:00,z1,9,0.7071067811865476,-0.7071067811865475,3,0,0,400,500.0,0,0,99.0,28.2,0.0,215
2026-07-23T09:00:00+00:00,z2,9,0.7071067811865476,-0.7071067811865475,3,0,0,600,450.0,0,0,3.0,28.2,0.0,510
2026-07-23T09:00:00+00:00,z3,9,0.7071067811865476,-0.7071067811865475,3,0,0,900,1200.0,1224,1,98.0,28.2,0.0,467
2026-07-23T09:00:00+00:00,z4,9,0.7071067811865476,-0.7071067811865475,3,0,0,300,350.0,0,0,41.0,28.2,0.0,26
2026-07-23T10:00:00+00:00,z1,10,0.49999999999999994,-0.8660254037844387,3,0,0,400,500.0,0,0,99.0,30.0,0.0,227
2026-07-23T10:00:00+00:00,z2,10,0.49999999999999994,-0.8660254037844387,3,0,0,600,450.0,0,0,2.0,30.0,0.0,430
2026-07-23T10:00:00+00:00,z3,10,0.49999999999999994,-0.8660254037844387,3,0,0,900,1200.0,1224,1,97.0,30.0,0.0,520
2026-07-23T10:00:00+00:00,z4,10,0.49999999999999994,-0.8660254037844387,3,0,0,300,350.0,0,0,40.0,30.0,0.0,37
2026-07-23T11:00:00+00:00,z1,11,0.258819045102521,-0.9659258262890682,3,0,0,400,500.0,0,0,99.0,31.5,0.0,261
2026-07-23T11:00:00+00:00,z2,11,0.258819045102521,-0.9659258262890682,3,0,0,600,450.0,0,0,1.0,31.5,0.0,318
2026-07-23T11:00:00+00:00,z3,11,0.258819045102521,-0.9659258262890682,3,0,0,900,1200.0,1224,1,96.0,31.5,0.0,544
2026-07-23T11:00:00+00:00,z4,11,0.258819045102521,-0.9659258262890682,3,0,0,300,350.0,0,0,39.0,31.5,0.0,18
2026-07-23T12:00:00+00:00,z1,12,1.2246467991473532e-16,-1.0,3,0,0,400,500.0,0,0,99.0,32.3,0.0,255
2026-07-23T12:00:00+00:00,z2,12,1.2246467991473532e-16,-1.0,3,0,0,600,450.0,248,1,5.0,32.3,0.0,277
2026-07-23T12:00:00+00:00,z3,12,1.2246467991473532e-16,-1.0,3,0,0,900,1200.0,0,0,95.0,32.3,0.0,187
2026-07-23T12:00:00+00:00,z4,12,1.2246467991473532e-16,-1.0,3,0,0,300,350.0,0,0,38.0,32.3,0.0,218
2026-07-23T13:00:00+00:00,z1,13,-0.2588190451025208,-0.9659258262890683,3,0,0,400,500.0,0,0,99.0,33.2,18.6,151
2026-07-23T13:00:00+00:00,z2,13,-0.2588190451025208,-0.9659258262890683,3,0,0,600,450.0,248,1,4.0,33.2,18.6,241
2026-07-23T13:00:00+00:00,z3,13,-0.2588190451025208,-0.9659258262890683,3,0,0,900,1200.0,0,0,94.0,33.2,18.6,65
2026-07-23T13:00:00+00:00,z4,13,-0.2588190451025208,-0.9659258262890683,3,0,0,300,350.0,0,0,37.0,33.2,18.6,191
2026-07-23T14:00:00+00:00,z1,14,-0.4999999999999997,-0.8660254037844388,3,0,0,400,500.0,0,0,99.0,37.7,16.8,156
2026-07-23T14:00:00+00:00,z2,14,-0.4999999999999997,-0.8660254037844388,3,0,0,600,450.0,248,1,3.0,37.7,16.8,215
2026-07-23T14:00:00+00:00,z3,14,-0.4999999999999997,-0.8660254037844388,3,0,0,900,1200.0,0,0,93.0,37.7,16.8,141
2026-07-23T14:00:00+00:00,z4,14,-0.4999999999999997,-0.8660254037844388,3,0,0,300,350.0,0,0,36.0,37.7,16.8,172
2026-07-23T15:00:00+00:00,z1,15,-0.7071067811865471,-0.7071067811865479,3,0,0,400,500.0,0,0,99.0,37.2,0.0,261
2026-07-23T15:00:00+00:00,z2,15,-0.7071067811865471,-0.7071067811865479,3,0,0,600,450.0,0,0,2.0,37.2,0.0,201
2026-07-23T15:00:00+00:00,z3,15,-0.7071067811865471,-0.7071067811865479,3,0,0,900,1200.0,0,0,92.0,37.2,0.0,163
2026-07-23T15:00:00+00:00,z4,15,-0.7071067811865471,-0.7071067811865479,3,0,0,300,350.0,0,0,35.0,37.2,0.0,62
2026-07-23T16:00:00+00:00,z1,16,-0.8660254037844385,-0.5000000000000004,3,0,0,400,500.0,0,0,99.0,35.9,0.0,257
2026-07-23T16:00:00+00:00,z2,16,-0.8660254037844385,-0.5000000000000004,3,0,0,600,450.0,0,0,1.0,35.9,0.0,302
2026-07-23T16:00:00+00:00,z3,16,-0.8660254037844385,-0.5000000000000004,3,0,0,900,1200.0,0,0,91.0,35.9,0.0,193
2026-07-23T16:00:00+00:00,z4,16,-0.8660254037844385,-0.5000000000000004,3,0,0,300,350.0,0,0,34.0,35.9,0.0,71
2026-07-23T17:00:00+00:00,z1,17,-0.9659258262890683,-0.25881904510252063,3,0,0,400,500.0,0,0,99.0,35.2,0.0,232
2026-07-23T17:00:00+00:00,z2,17,-0.9659258262890683,-0.25881904510252063,3,0,0,600,450.0,447,1,16.0,35.2,0.0,625
2026-07-23T17:00:00+00:00,z3,17,-0.9659258262890683,-0.25881904510252063,3,0,0,900,1200.0,0,0,90.0,35.2,0.0,486
2026-07-23T17:00:00+00:00,z4,17,-0.9659258262890683,-0.25881904510252063,3,0,0,300,350.0,0,0,33.0,35.2,0.0,54
2026-07-23T18:00:00+00:00,z1,18,-1.0,-1.8369701987210297e-16,3,0,0,400,500.0,0,0,99.0,33.7,0.0,227
2026-07-23T18:00:00+00:00,z2,18,-1.0,-1.8369701987210297e-16,3,0,0,600,450.0,447,1,15.0,33.7,0.0,681
2026-07-23T18:00:00+00:00,z3,18,-1.0,-1.8369701987210297e-16,3,0,0,900,1200.0,0,0,89.0,33.7,0.0,559
2026-07-23T18:00:00+00:00,z4,18,-1.0,-1.8369701987210297e-16,3,0,0,300,350.0,0,0,32.0,33.7,0.0,88
2026-07-23T19:00:00+00:00,z1,19,-0.9659258262890684,0.2588190451025203,3,0,0,400,500.0,0,0,99.0,31.5,0.0,200
2026-07-23T19:00:00+00:00,z2,19,-0.9659258262890684,0.2588190451025203,3,0,0,600,450.0,447,1,14.0,31.5,0.0,690
2026-07-23T19:00:00+00:00,z3,19,-0.9659258262890684,0.2588190451025203,3,0,0,900,1200.0,0,0,88.0,31.5,0.0,553
2026-07-23T19:00:00+00:00,z4,19,-0.9659258262890684,0.2588190451025203,3,0,0,300,350.0,0,0,31.0,31.5,0.0,238
2026-07-23T20:00:00+00:00,z1,20,-0.8660254037844386,0.5000000000000001,3,0,0,400,500.0,0,0,99.0,30.3,0.0,107
2026-07-23T20:00:00+00:00,z2,20,-0.8660254037844386,0.5000000000000001,3,0,0,600,450.0,447,1,13.0,30.3,0.0,578
2026-07-23T20:00:00+00:00,z3,20,-0.8660254037844386,0.5000000000000001,3,0,0,900,1200.0,0,0,87.0,30.3,0.0,564
2026-07-23T20:00:00+00:00,z4,20,-0.8660254037844386,0.5000000000000001,3,0,0,300,350.0,0,0,30.0,30.3,0.0,271
2026-07-23T21:00:00+00:00,z1,21,-0.7071067811865477,0.7071067811865474,3,0,0,400,500.0,0,0,99.0,26.5,0.0,100
2026-07-23T21:00:00+00:00,z2,21,-0.7071067811865477,0.7071067811865474,3,0,0,600,450.0,0,0,12.0,26.5,0.0,109
2026-07-23T21:00:00+00:00,z3,21,-0.7071067811865477,0.7071067811865474,3,0,0,900,1200.0,0,0,86.0,26.5,0.0,504
2026-07-23T21:00:00+00:00,z4,21,-0.7071067811865477,0.7071067811865474,3,0,0,300,350.0,0,0,29.0,26.5,0.0,253
2026-07-23T22:00:00+00:00,z1,22,-0.5000000000000004,0.8660254037844384,3,0,0,400,500.0,0,0,99.0,26.7,0.0,88
2026-07-23T22:00:00+00:00,z2,22,-0.5000000000000004,0.8660254037844384,3,0,0,600,450.0,0,0,11.0,26.7,0.0,92
2026-07-23T22:00:00+00:00,z3,22,-0.5000000000000004,0.8660254037844384,3,0,0,900,1200.0,0,0,85.0,26.7,0.0,74
2026-07-23T22:00:00+00:00,z4,22,-0.5000000000000004,0.8660254037844384,3,0,0,300,350.0,0,0,28.0,26.7,0.0,5
2026-07-23T23:00:00+00:00,z1,23,-0.25881904510252157,0.9659258262890681,3,0,0,400,500.0,0,0,99.0,24.9,0.0,111
2026-07-23T23:00:00+00:00,z2,23,-0.25881904510252157,0.9659258262890681,3,0,0,600,450.0,0,0,10.0,24.9,0.0,132
2026-07-23T23:00:00+00:00,z3,23,-0.25881904510252157,0.9659258262890681,3,0,0,900,1200.0,0,0,84.0,24.9,0.0,72
2026-07-23T23:00:00+00:00,z4,23,-0.25881904510252157,0.9659258262890681,3,0,0,300,350.0,0,0,27.0,24.9,0.0,20
2026-07-24T00:00:00+00:00,z1,0,0.0,1.0,4,0,0,400,500.0,0,0,99.0,24.3,0.0,21
2026-07-24T00:00:00+00:00,z2,0,0.0,1.0,4,0,0,600,450.0,0,0,9.0,24.3,0.0,77
2026-07-24T00:00:00+00:00,z3,0,0.0,1.0,4,0,0,900,1200.0,0,0,83.0,24.3,0.0,23
2026-07-24T00:00:00+00:00,z4,0,0.0,1.0,4,0,0,300,350.0,0,0,26.0,24.3,0.0,9
2026-07-24T01:00:00+00:00,z1,1,0.25881904510252074,0.9659258262890683,4,0,0,400,500.0,0,0,99.0,20.9,22.5,0
2026-07-24T01:00:00+00:00,z2,1,0.25881904510252074,0.9659258262890683,4,0,0,600,450.0,0,0,8.0,20.9,22.5,46
2026-07-24T01:00:00+00:00,z3,1,0.25881904510252074,0.9659258262890683,4,0,0,900,1200.0,0,0,82.0,20.9,22.5,18
2026-07-24T01:00:00+00:00,z4,1,0.25881904510252074,0.9659258262890683,4,0,0,300,350.0,0,0,25.0,20.9,22.5,8
2026-07-24T02:00:00+00:00,z1,2,0.49999999999999994,0.8660254037844387,4,0,0,400,500.0,0,0,99.0,18.6,0.0,28
2026-07-24T02:00:00+00:00,z2,2,0.49999999999999994,0.8660254037844387,4,0,0,600,450.0,0,0,7.0,18.6,0.0,0
2026-07-24T02:00:00+00:00,z3,2,0.49999999999999994,0.8660254037844387,4,0,0,900,1200.0,0,0,81.0,18.6,0.0,0
2026-07-24T02:00:00+00:00,z4,2,0.49999999999999994,0.8660254037844387,4,0,0,300,350.0,0,0,24.0,18.6,0.0,10
2026-07-24T03:00:00+00:00,z1,3,0.7071067811865476,0.7071067811865476,4,0,0,400,500.0,0,0,99.0,21.1,0.0,26
2026-07-24T03:00:00+00:00,z2,3,0.7071067811865476,0.7071067811865476,4,0,0,600,450.0,0,0,6.0,21.1,0.0,29
2026-07-24T03:00:00+00:00,z3,3,0.7071067811865476,0.7071067811865476,4,0,0,900,1200.0,0,0,80.0,21.1,0.0,45
2026-07-24T03:00:00+00:00,z4,3,0.7071067811865476,0.7071067811865476,4,0,0,300,350.0,0,0,23.0,21.1,0.0,10
2026-07-24T04:00:00+00:00,z1,4,0.8660254037844386,0.5000000000000001,4,0,0,400,500.0,0,0,99.0,22.1,0.0,16
2026-07-24T04:00:00+00:00,z2,4,0.8660254037844386,0.5000000000000001,4,0,0,600,450.0,0,0,5.0,22.1,0.0,16
2026-07-24T04:00:00+00:00,z3,4,0.8660254037844386,0.5000000000000001,4,0,0,900,1200.0,0,0,79.0,22.1,0.0,15
2026-07-24T04:00:00+00:00,z4,4,0.8660254037844386,0.5000000000000001,4,0,0,300,350.0,0,0,22.0,22.1,0.0,13
2026-07-24T05:00:00+00:00,z1,5,0.9659258262890683,0.25881904510252074,4,0,0,400,500.0,0,0,99.0,22.0,0.0,0
2026-07-24T05:00:00+00:00,z2,5,0.9659258262890683,0.25881904510252074,4,0,0,600,450.0,0,0,4.0,22.0,0.0,22
2026-07-24T05:00:00+00:00,z3,5,0.9659258262890683,0.25881904510252074,4,0,0,900,1200.0,0,0,78.0,22.0,0.0,10
2026-07-24T05:00:00+00:00,z4,5,0.9659258262890683,0.25881904510252074,4,0,0,300,350.0,0,0,21.0,22.0,0.0,29
2026-07-24T06:00:00+00:00,z1,6,1.0,6.123233995736766e-17,4,0,0,400,500.0,0,0,99.0,24.3,0.0,20
2026-07-24T06:00:00+00:00,z2,6,1.0,6.123233995736766e-17,4,0,0,600,450.0,0,0,3.0,24.3,0.0,65
2026-07-24T06:00:00+00:00,z3,6,1.0,6.123233995736766e-17,4,0,0,900,1200.0,0,0,77.0,24.3,0.0,68
2026-07-24T06:00:00+00:00,z4,6,1.0,6.123233995736766e-17,4,0,0,300,350.0,0,0,20.0,24.3,0.0,20
2026-07-24T07:00:00+00:00,z1,7,0.9659258262890683,-0.25881904510252063,4,0,0,400,500.0,0,0,99.0,24.5,0.0,40
2026-07-24T07:00:00+00:00,z2,7,0.9659258262890683,-0.25881904510252063,4,0,0,600,450.0,0,0,2.0,24.5,0.0,79
2026-07-24T07:00:00+00:00,z3,7,0.9659258262890683,-0.25881904510252063,4,0,0,900,1200.0,0,0,76.0,24.5,0.0,29
2026-07-24T07:00:00+00:00,z4,7,0.9659258262890683,-0.25881904510252063,4,0,0,300,350.0,0,0,19.0,24.5,0.0,22
2026-07-24T08:00:00+00:00,z1,8,0.8660254037844387,-0.4999999999999998,4,0,0,400,500.0,0,0,99.0,24.3,0.0,3
2026-07-24T08:00:00+00:00,z2,8,0.8660254037844387,-0.4999999999999998,4,0,0,600,450.0,0,0,1.0,24.3,0.0,512
2026-07-24T08:00:00+00:00,z3,8,0.8660254037844387,-0.4999999999999998,4,0,0,900,1200.0,0,0,75.0,24.3,0.0,65
2026-07-24T08:00:00+00:00,z4,8,0.8660254037844387,-0.4999999999999998,4,0,0,300,350.0,0,0,18.0,24.3,0.0,14
2026-07-24T09:00:00+00:00,z1,9,0.7071067811865476,-0.7071067811865475,4,0,0,400,500.0,0,0,99.0,29.4,0.0,208
2026-07-24T09:00:00+00:00,z2,9,0.7071067811865476,-0.7071067811865475,4,0,0,600,450.0,501,1,24.0,29.4,0.0,673
2026-07-24T09:00:00+00:00,z3,9,0.7071067811865476,-0.7071067811865475,4,0,0,900,1200.0,0,0,74.0,29.4,0.0,65
2026-07-24T09:00:00+00:00,z4,9,0.7071067811865476,-0.7071067811865475,4,0,0,300,350.0,0,0,17.0,29.4,0.0,15
2026-07-24T10:00:00+00:00,z1,10,0.49999999999999994,-0.8660254037844387,4,0,0,400,500.0,0,0,99.0,28.6,0.0,220
2026-07-24T10:00:00+00:00,z2,10,0.49999999999999994,-0.8660254037844387,4,0,0,600,450.0,501,1,23.0,28.6,0.0,597
2026-07-24T10:00:00+00:00,z3,10,0.49999999999999994,-0.8660254037844387,4,0,0,900,1200.0,0,0,73.0,28.6,0.0,84
2026-07-24T10:00:00+00:00,z4,10,0.49999999999999994,-0.8660254037844387,4,0,0,300,350.0,0,0,16.0,28.6,0.0,23
2026-07-24T11:00:00+00:00,z1,11,0.258819045102521,-0.9659258262890682,4,0,0,400,500.0,0,0,99.0,33.4,4.6,134
2026-07-24T11:00:00+00:00,z2,11,0.258819045102521,-0.9659258262890682,4,0,0,600,450.0,501,1,22.0,33.4,4.6,283
2026-07-24T11:00:00+00:00,z3,11,0.258819045102521,-0.9659258262890682,4,0,0,900,1200.0,0,0,72.0,33.4,4.6,0
2026-07-24T11:00:00+00:00,z4,11,0.258819045102521,-0.9659258262890682,4,0,0,300,350.0,0,0,15.0,33.4,4.6,12
2026-07-24T12:00:00+00:00,z1,12,1.2246467991473532e-16,-1.0,4,0,0,400,500.0,0,0,99.0,34.0,0.0,254
2026-07-24T12:00:00+00:00,z2,12,1.2246467991473532e-16,-1.0,4,0,0,600,450.0,0,0,21.0,34.0,0.0,220
2026-07-24T12:00:00+00:00,z3,12,1.2246467991473532e-16,-1.0,4,0,0,900,1200.0,0,0,71.0,34.0,0.0,234
2026-07-24T12:00:00+00:00,z4,12,1.2246467991473532e-16,-1.0,4,0,0,300,350.0,0,0,14.0,34.0,0.0,219
2026-07-24T13:00:00+00:00,z1,13,-0.2588190451025208,-0.9659258262890683,4,0,0,400,500.0,0,0,99.0,34.0,0.0,250
2026-07-24T13:00:00+00:00,z2,13,-0.2588190451025208,-0.9659258262890683,4,0,0,600,450.0,0,0,20.0,34.0,0.0,219
2026-07-24T13:00:00+00:00,z3,13,-0.2588190451025208,-0.9659258262890683,4,0,0,900,1200.0,0,0,70.0,34.0,0.0,280
2026-07-24T13:00:00+00:00,z4,13,-0.2588190451025208,-0.9659258262890683,4,0,0,300,350.0,0,0,13.0,34.0,0.0,251
2026-07-24T14:00:00+00:00,z1,14,-0.4999999999999997,-0.8660254037844388,4,0,0,400,500.0,0,0,99.0,37.2,0.0,271
2026-07-24T14:00:00+00:00,z2,14,-0.4999999999999997,-0.8660254037844388,4,0,0,600,450.0,0,0,19.0,37.2,0.0,187
2026-07-24T14:00:00+00:00,z3,14,-0.4999999999999997,-0.8660254037844388,4,0,0,900,1200.0,0,0,69.0,37.2,0.0,190
2026-07-24T14:00:00+00:00,z4,14,-0.4999999999999997,-0.8660254037844388,4,0,0,300,350.0,0,0,12.0,37.2,0.0,223
2026-07-24T15:00:00+00:00,z1,15,-0.7071067811865471,-0.7071067811865479,4,0,0,400,500.0,0,0,98.0,37.7,0.0,266
2026-07-24T15:00:00+00:00,z2,15,-0.7071067811865471,-0.7071067811865479,4,0,0,600,450.0,0,0,18.0,37.7,0.0,216
2026-07-24T15:00:00+00:00,z3,15,-0.7071067811865471,-0.7071067811865479,4,0,0,900,1200.0,0,0,68.0,37.7,0.0,331
2026-07-24T15:00:00+00:00,z4,15,-0.7071067811865471,-0.7071067811865479,4,0,0,300,350.0,0,0,11.0,37.7,0.0,71
2026-07-24T16:00:00+00:00,z1,16,-0.8660254037844385,-0.5000000000000004,4,0,0,400,500.0,0,0,97.0,34.7,0.0,255
2026-07-24T16:00:00+00:00,z2,16,-0.8660254037844385,-0.5000000000000004,4,0,0,600,450.0,0,0,17.0,34.7,0.0,209
2026-07-24T16:00:00+00:00,z3,16,-0.8660254037844385,-0.5000000000000004,4,0,0,900,1200.0,0,0,67.0,34.7,0.0,176
2026-07-24T16:00:00+00:00,z4,16,-0.8660254037844385,-0.5000000000000004,4,0,0,300,350.0,0,0,10.0,34.7,0.0,78
2026-07-24T17:00:00+00:00,z1,17,-0.9659258262890683,-0.25881904510252063,4,0,0,400,500.0,0,0,96.0,34.3,0.0,237
2026-07-24T17:00:00+00:00,z2,17,-0.9659258262890683,-0.25881904510252063,4,0,0,600,450.0,0,0,16.0,34.3,0.0,503
2026-07-24T17:00:00+00:00,z3,17,-0.9659258262890683,-0.25881904510252063,4,0,0,900,1200.0,0,0,66.0,34.3,0.0,490
2026-07-24T17:00:00+00:00,z4,17,-0.9659258262890683,-0.25881904510252063,4,0,0,300,350.0,0,0,9.0,34.3,0.0,68
2026-07-24T18:00:00+00:00,z1,18,-1.0,-1.8369701987210297e-16,4,0,0,400,500.0,0,0,95.0,32.1,0.0,222
2026-07-24T18:00:00+00:00,z2,18,-1.0,-1.8369701987210297e-16,4,0,0,600,450.0,0,0,15.0,32.1,0.0,491
2026-07-24T18:00:00+00:00,z3,18,-1.0,-1.8369701987210297e-16,4,0,0,900,1200.0,0,0,65.0,32.1,0.0,556
2026-07-24T18:00:00+00:00,z4,18,-1.0,-1.8369701987210297e-16,4,0,0,300,350.0,0,0,8.0,32.1,0.0,70
2026-07-24T19:00:00+00:00,z1,19,-0.9659258262890684,0.2588190451025203,4,0,0,400,500.0,0,0,94.0,31.2,0.0,210
2026-07-24T19:00:00+00:00,z2,19,-0.9659258262890684,0.2588190451025203,4,0,0,600,450.0,0,0,14.0,31.2,0.0,545
2026-07-24T19:00:00+00:00,z3,19,-0.9659258262890684,0.2588190451025203,4,0,0,900,1200.0,0,0,64.0,31.2,0.0,571
2026-07-24T19:00:00+00:00,z4,19,-0.9659258262890684,0.2588190451025203,4,0,0,300,350.0,0,0,7.0,31.2,0.0,239
2026-07-24T20:00:00+00:00,z1,20,-0.8660254037844386,0.5000000000000001,4,0,0,400,500.0,0,0,93.0,31.1,0.0,91
2026-07-24T20:00:00+00:00,z2,20,-0.8660254037844386,0.5000000000000001,4,0,0,600,450.0,0,0,13.0,31.1,0.0,430
2026-07-24T20:00:00+00:00,z3,20,-0.8660254037844386,0.5000000000000001,4,0,0,900,1200.0,0,0,63.0,31.1,0.0,567
2026-07-24T20:00:00+00:00,z4,20,-0.8660254037844386,0.5000000000000001,4,0,0,300,350.0,0,0,6.0,31.1,0.0,259
2026-07-24T21:00:00+00:00,z1,21,-0.7071067811865477,0.7071067811865474,4,0,0,400,500.0,0,0,92.0,27.5,0.0,95
2026-07-24T21:00:00+00:00,z2,21,-0.7071067811865477,0.7071067811865474,4,0,0,600,450.0,0,0,12.0,27.5,0.0,72
2026-07-24T21:00:00+00:00,z3,21,-0.7071067811865477,0.7071067811865474,4,0,0,900,1200.0,0,0,62.0,27.5,0.0,510
2026-07-24T21:00:00+00:00,z4,21,-0.7071067811865477,0.7071067811865474,4,0,0,300,350.0,0,0,5.0,27.5,0.0,256
2026-07-24T22:00:00+00:00,z1,22,-0.5000000000000004,0.8660254037844384,4,0,0,400,500.0,0,0,91.0,25.8,0.0,84
2026-07-24T22:00:00+00:00,z2,22,-0.5000000000000004,0.8660254037844384,4,0,0,600,450.0,0,0,11.0,25.8,0.0,57
2026-07-24T22:00:00+00:00,z3,22,-0.5000000000000004,0.8660254037844384,4,0,0,900,1200.0,0,0,61.0,25.8,0.0,69
2026-07-24T22:00:00+00:00,z4,22,-0.5000000000000004,0.8660254037844384,4,0,0,300,350.0,0,0,4.0,25.8,0.0,15
2026-07-24T23:00:00+00:00,z1,23,-0.25881904510252157,0.9659258262890681,4,0,0,400,500.0,0,0,90.0,25.5,23.3,58
2026-07-24T23:00:00+00:00,z2,23,-0.25881904510252157,0.9659258262890681,4,0,0,600,450.0,0,0,10.0,25.5,23.3,59
2026-07-24T23:00:00+00:00,z3,23,-0.25881904510252157,0.9659258262890681,4,0,0,900,1200.0,0,0,60.0,25.5,23.3,34
2026-07-24T23:00:00+00:00,z4,23,-0.25881904510252157,0.9659258262890681,4,0,0,300,350.0,0,0,3.0,25.5,23.3,15
2026-07-25T00:00:00+00:00,z1,0,0.0,1.0,5,1,0,400,500.0,0,0,89.0,22.1,0.0,32
2026-07-25T00:00:00+00:00,z2,0,0.0,1.0,5,1,0,600,450.0,0,0,9.0,22.1,0.0,55
2026-07-25T00:00:00+00:00,z3,0,0.0,1.0,5,1,0,900,1200.0,0,0,59.0,22.1,0.0,80
2026-07-25T00:00:00+00:00,z4,0,0.0,1.0,5,1,0,300,350.0,0,0,2.0,22.1,0.0,17
2026-07-25T01:00:00+00:00,z1,1,0.25881904510252074,0.9659258262890683,5,1,0,400,500.0,0,0,88.0,22.9,0.0,0
2026-07-25T01:00:00+00:00,z2,1,0.25881904510252074,0.9659258262890683,5,1,0,600,450.0,0,0,8.0,22.9,0.0,60
2026-07-25T01:00:00+00:00,z3,1,0.25881904510252074,0.9659258262890683,5,1,0,900,1200.0,0,0,58.0,22.9,0.0,18
2026-07-25T01:00:00+00:00,z4,1,0.25881904510252074,0.9659258262890683,5,1,0,300,350.0,0,0,1.0,22.9,0.0,114
2026-07-25T02:00:00+00:00,z1,2,0.49999999999999994,0.8660254037844387,5,1,0,400,500.0,0,0,87.0,20.0,0.0,25
2026-07-25T02:00:00+00:00,z2,2,0.49999999999999994,0.8660254037844387,5,1,0,600,450.0,0,0,7.0,20.0,0.0,7
2026-07-25T02:00:00+00:00,z3,2,0.49999999999999994,0.8660254037844387,5,1,0,900,1200.0,0,0,57.0,20.0,0.0,0
2026-07-25T02:00:00+00:00,z4,2,0.49999999999999994,0.8660254037844387,5,1,0,300,350.0,1010,1,11.0,20.0,0.0,243
2026-07-25T03:00:00+00:00,z1,3,0.7071067811865476,0.7071067811865476,5,1,0,400,500.0,0,0,86.0,20.6,0.0,30
2026-07-25T03:00:00+00:00,z2,3,0.7071067811865476,0.7071067811865476,5,1,0,600,450.0,0,0,6.0,20.6,0.0,19
2026-07-25T03:00:00+00:00,z3,3,0.7071067811865476,0.7071067811865476,5,1,0,900,1200.0,0,0,56.0,20.6,0.0,15
2026-07-25T03:00:00+00:00,z4,3,0.7071067811865476,0.7071067811865476,5,1,0,300,350.0,1010,1,10.0,20.6,0.0,260
2026-07-25T04:00:00+00:00,z1,4,0.8660254037844386,0.5000000000000001,5,1,0,400,500.0,0,0,85.0,19.1,0.0,12
2026-07-25T04:00:00+00:00,z2,4,0.8660254037844386,0.5000000000000001,5,1,0,600,450.0,0,0,5.0,19.1,0.0,6
2026-07-25T04:00:00+00:00,z3,4,0.8660254037844386,0.5000000000000001,5,1,0,900,1200.0,0,0,55.0,19.1,0.0,37
2026-07-25T04:00:00+00:00,z4,4,0.8660254037844386,0.5000000000000001,5,1,0,300,350.0,1010,1,9.0,19.1,0.0,259
2026-07-25T05:00:00+00:00,z1,5,0.9659258262890683,0.25881904510252074,5,1,0,400,500.0,0,0,84.0,22.4,4.2,34
2026-07-25T05:00:00+00:00,z2,5,0.9659258262890683,0.25881904510252074,5,1,0,600,450.0,0,0,4.0,22.4,4.2,30
2026-07-25T05:00:00+00:00,z3,5,0.9659258262890683,0.25881904510252074,5,1,0,900,1200.0,0,0,54.0,22.4,4.2,44
2026-07-25T05:00:00+00:00,z4,5,0.9659258262890683,0.25881904510252074,5,1,0,300,350.0,0,0,8.0,22.4,4.2,2
2026-07-25T06:00:00+00:00,z1,6,1.0,6.123233995736766e-17,5,1,0,400,500.0,0,0,83.0,21.1,4.1,0
2026-07-25T06:00:00+00:00,z2,6,1.0,6.123233995736766e-17,5,1,0,600,450.0,0,0,3.0,21.1,4.1,69
2026-07-25T06:00:00+00:00,z3,6,1.0,6.123233995736766e-17,5,1,0,900,1200.0,0,0,53.0,21.1,4.1,52
2026-07-25T06:00:00+00:00,z4,6,1.0,6.123233995736766e-17,5,1,0,300,350.0,0,0,7.0,21.1,4.1,2
2026-07-25T07:00:00+00:00,z1,7,0.9659258262890683,-0.25881904510252063,5,1,0,400,500.0,0,0,82.0,25.8,0.0,18
2026-07-25T07:00:00+00:00,z2,7,0.9659258262890683,-0.25881904510252063,5,1,0,600,450.0,0,0,2.0,25.8,0.0,97
2026-07-25T07:00:00+00:00,z3,7,0.9659258262890683,-0.25881904510252063,5,1,0,900,1200.0,0,0,52.0,25.8,0.0,100
2026-07-25T07:00:00+00:00,z4,7,0.9659258262890683,-0.25881904510252063,5,1,0,300,350.0,0,0,6.0,25.8,0.0,20
2026-07-25T08:00:00+00:00,z1,8,0.8660254037844387,-0.4999999999999998,5,1,0,400,500.0,0,0,81.0,27.3,0.0,23
2026-07-25T08:00:00+00:00,z2,8,0.8660254037844387,-0.4999999999999998,5,1,0,600,450.0,0,0,1.0,27.3,0.0,181
2026-07-25T08:00:00+00:00,z3,8,0.8660254037844387,-0.4999999999999998,5,1,0,900,1200.0,0,0,51.0,27.3,0.0,76
2026-07-25T08:00:00+00:00,z4,8,0.8660254037844387,-0.4999999999999998,5,1,0,300,350.0,0,0,5.0,27.3,0.0,4
2026-07-25T09:00:00+00:00,z1,9,0.7071067811865476,-0.7071067811865475,5,1,0,400,500.0,0,0,80.0,28.6,0.0,281
2026-07-25T09:00:00+00:00,z2,9,0.7071067811865476,-0.7071067811865475,5,1,0,600,450.0,843,1,58.0,28.6,0.0,385
2026-07-25T09:00:00+00:00,z3,9,0.7071067811865476,-0.7071067811865475,5,1,0,900,1200.0,0,0,50.0,28.6,0.0,84
2026-07-25T09:00:00+00:00,z4,9,0.7071067811865476,-0.7071067811865475,5,1,0,300,350.0,0,0,4.0,28.6,0.0,7
2026-07-25T10:00:00+00:00,z1,10,0.49999999999999994,-0.8660254037844387,5,1,0,400,500.0,0,0,79.0,28.6,0.0,314
2026-07-25T10:00:00+00:00,z2,10,0.49999999999999994,-0.8660254037844387,5,1,0,600,450.0,843,1,57.0,28.6,0.0,366
2026-07-25T10:00:00+00:00,z3,10,0.49999999999999994,-0.8660254037844387,5,1,0,900,1200.0,0,0,49.0,28.6,0.0,78
2026-07-25T10:00:00+00:00,z4,10,0.49999999999999994,-0.8660254037844387,5,1,0,300,350.0,0,0,3.0,28.6,0.0,19
2026-07-25T11:00:00+00:00,z1,11,0.258819045102521,-0.9659258262890682,5,1,0,400,500.0,0,0,78.0,30.5,0.0,302
2026-07-25T11:00:00+00:00,z2,11,0.258819045102521,-0.9659258262890682,5,1,0,600,450.0,843,1,56.0,30.5,0.0,402
2026-07-25T11:00:00+00:00,z3,11,0.258819045102521,-0.9659258262890682,5,1,0,900,1200.0,0,0,48.0,30.5,0.0,490
2026-07-25T11:00:00+00:00,z4,11,0.258819045102521,-0.9659258262890682,5,1,0,300,350.0,0,0,2.0,30.5,0.0,20
2026-07-25T12:00:00+00:00,z1,12,1.2246467991473532e-16,-1.0,5,1,0,400,500.0,0,0,77.0,33.9,0.0,296
2026-07-25T12:00:00+00:00,z2,12,1.2246467991473532e-16,-1.0,5,1,0,600,450.0,843,1,55.0,33.9,0.0,530
2026-07-25T12:00:00+00:00,z3,12,1.2246467991473532e-16,-1.0,5,1,0,900,1200.0,0,0,47.0,33.9,0.0,449
2026-07-25T12:00:00+00:00,z4,12,1.2246467991473532e-16,-1.0,5,1,0,300,350.0,0,0,1.0,33.9,0.0,344
2026-07-25T13:00:00+00:00,z1,13,-0.2588190451025208,-0.9659258262890683,5,1,0,400,500.0,0,0,76.0,35.7,0.0,300
2026-07-25T13:00:00+00:00,z2,13,-0.2588190451025208,-0.9659258262890683,5,1,0,600,450.0,0,0,54.0,35.7,0.0,282
2026-07-25T13:00:00+00:00,z3,13,-0.2588190451025208,-0.9659258262890683,5,1,0,900,1200.0,0,0,46.0,35.7,0.0,407
2026-07-25T13:00:00+00:00,z4,13,-0.2588190451025208,-0.9659258262890683,5,1,0,300,350.0,1322,1,20.0,35.7,0.0,503
2026-07-25T14:00:00+00:00,z1,14,-0.4999999999999997,-0.8660254037844388,5,1,0,400,500.0,0,0,75.0,37.5,0.0,319
2026-07-25T14:00:00+00:00,z2,14,-0.4999999999999997,-0.8660254037844388,5,1,0,600,450.0,0,0,53.0,37.5,0.0,263
2026-07-25T14:00:00+00:00,z3,14,-0.4999999999999997,-0.8660254037844388,5,1,0,900,1200.0,0,0,45.0,37.5,0.0,463
2026-07-25T14:00:00+00:00,z4,14,-0.4999999999999997,-0.8660254037844388,5,1,0,300,350.0,1322,1,19.0,37.5,0.0,471
2026-07-25T15:00:00+00:00,z1,15,-0.7071067811865471,-0.7071067811865479,5,1,0,400,500.0,0,0,74.0,35.1,0.0,329
2026-07-25T15:00:00+00:00,z2,15,-0.7071067811865471,-0.7071067811865479,5,1,0,600,450.0,0,0,52.0,35.1,0.0,292
2026-07-25T15:00:00+00:00,z3,15,-0.7071067811865471,-0.7071067811865479,5,1,0,900,1200.0,0,0,44.0,35.1,0.0,425
2026-07-25T15:00:00+00:00,z4,15,-0.7071067811865471,-0.7071067811865479,5,1,0,300,350.0,1322,1,18.0,35.1,0.0,304
2026-07-25T16:00:00+00:00,z1,16,-0.8660254037844385,-0.5000000000000004,5,1,0,400,500.0,0,0,73.0,35.0,0.0,318
2026-07-25T16:00:00+00:00,z2,16,-0.8660254037844385,-0.5000000000000004,5,1,0,600,450.0,0,0,51.0,35.0,0.0,307
2026-07-25T16:00:00+00:00,z3,16,-0.8660254037844385,-0.5000000000000004,5,1,0,900,1200.0,0,0,43.0,35.0,0.0,694
2026-07-25T16:00:00+00:00,z4,16,-0.8660254037844385,-0.5000000000000004,5,1,0,300,350.0,1322,1,17.0,35.0,0.0,297
2026-07-25T17:00:00+00:00,z1,17,-0.9659258262890683,-0.25881904510252063,5,1,0,400,500.0,0,0,72.0,36.0,0.0,290
2026-07-25T17:00:00+00:00,z2,17,-0.9659258262890683,-0.25881904510252063,5,1,0,600,450.0,0,0,50.0,36.0,0.0,272
2026-07-25T17:00:00+00:00,z3,17,-0.9659258262890683,-0.25881904510252063,5,1,0,900,1200.0,0,0,42.0,36.0,0.0,752
2026-07-25T17:00:00+00:00,z4,17,-0.9659258262890683,-0.25881904510252063,5,1,0,300,350.0,1322,1,16.0,36.0,0.0,298
2026-07-25T18:00:00+00:00,z1,18,-1.0,-1.8369701987210297e-16,5,1,0,400,500.0,0,0,71.0,31.9,0.0,274
2026-07-25T18:00:00+00:00,z2,18,-1.0,-1.8369701987210297e-16,5,1,0,600,450.0,0,0,49.0,31.9,0.0,279
2026-07-25T18:00:00+00:00,z3,18,-1.0,-1.8369701987210297e-16,5,1,0,900,1200.0,0,0,41.0,31.9,0.0,770
2026-07-25T18:00:00+00:00,z4,18,-1.0,-1.8369701987210297e-16,5,1,0,300,350.0,0,0,15.0,31.9,0.0,85
2026-07-25T19:00:00+00:00,z1,19,-0.9659258262890684,0.2588190451025203,5,1,0,400,500.0,0,0,70.0,31.8,0.0,275
2026-07-25T19:00:00+00:00,z2,19,-0.9659258262890684,0.2588190451025203,5,1,0,600,450.0,0,0,48.0,31.8,0.0,265
2026-07-25T19:00:00+00:00,z3,19,-0.9659258262890684,0.2588190451025203,5,1,0,900,1200.0,0,0,40.0,31.8,0.0,835
2026-07-25T19:00:00+00:00,z4,19,-0.9659258262890684,0.2588190451025203,5,1,0,300,350.0,0,0,14.0,31.8,0.0,244
2026-07-25T20:00:00+00:00,z1,20,-0.8660254037844386,0.5000000000000001,5,1,0,400,500.0,0,0,69.0,31.8,0.0,114
2026-07-25T20:00:00+00:00,z2,20,-0.8660254037844386,0.5000000000000001,5,1,0,600,450.0,0,0,47.0,31.8,0.0,246
2026-07-25T20:00:00+00:00,z3,20,-0.8660254037844386,0.5000000000000001,5,1,0,900,1200.0,0,0,39.0,31.8,0.0,843
2026-07-25T20:00:00+00:00,z4,20,-0.8660254037844386,0.5000000000000001,5,1,0,300,350.0,0,0,13.0,31.8,0.0,265
2026-07-25T21:00:00+00:00,z1,21,-0.7071067811865477,0.7071067811865474,5,1,0,400,500.0,0,0,68.0,26.7,0.0,84
2026-07-25T21:00:00+00:00,z2,21,-0.7071067811865477,0.7071067811865474,5,1,0,600,450.0,0,0,46.0,26.7,0.0,253
2026-07-25T21:00:00+00:00,z3,21,-0.7071067811865477,0.7071067811865474,5,1,0,900,1200.0,0,0,38.0,26.7,0.0,809
2026-07-25T21:00:00+00:00,z4,21,-0.7071067811865477,0.7071067811865474,5,1,0,300,350.0,0,0,12.0,26.7,0.0,263
2026-07-25T22:00:00+00:00,z1,22,-0.5000000000000004,0.8660254037844384,5,1,0,400,500.0,0,0,67.0,24.5,0.0,86
2026-07-25T22:00:00+00:00,z2,22,-0.5000000000000004,0.8660254037844384,5,1,0,600,450.0,0,0,45.0,24.5,0.0,103
2026-07-25T22:00:00+00:00,z3,22,-0.5000000000000004,0.8660254037844384,5,1,0,900,1200.0,0,0,37.0,24.5,0.0,709
2026-07-25T22:00:00+00:00,z4,22,-0.5000000000000004,0.8660254037844384,5,1,0,300,350.0,0,0,11.0,24.5,0.0,22
2026-07-25T23:00:00+00:00,z1,23,-0.25881904510252157,0.9659258262890681,5,1,0,400,500.0,0,0,66.0,22.9,0.0,82
2026-07-25T23:00:00+00:00,z2,23,-0.25881904510252157,0.9659258262890681,5,1,0,600,450.0,0,0,44.0,22.9,0.0,67
2026-07-25T23:00:00+00:00,z3,23,-0.25881904510252157,0.9659258262890681,5,1,0,900,1200.0,0,0,36.0,22.9,0.0,69
2026-07-25T23:00:00+00:00,z4,23,-0.25881904510252157,0.9659258262890681,5,1,0,300,350.0,0,0,10.0,22.9,0.0,16
2026-07-26T00:00:00+00:00,z1,0,0.0,1.0,6,1,0,400,500.0,0,0,65.0,24.0,0.0,12
2026-07-26T00:00:00+00:00,z2,0,0.0,1.0,6,1,0,600,450.0,0,0,43.0,24.0,0.0,102
2026-07-26T00:00:00+00:00,z3,0,0.0,1.0,6,1,0,900,1200.0,0,0,35.0,24.0,0.0,118
2026-07-26T00:00:00+00:00,z4,0,0.0,1.0,6,1,0,300,350.0,0,0,9.0,24.0,0.0,20
2026-07-26T01:00:00+00:00,z1,1,0.25881904510252074,0.9659258262890683,6,1,0,400,500.0,0,0,64.0,19.5,15.1,25
2026-07-26T01:00:00+00:00,z2,1,0.25881904510252074,0.9659258262890683,6,1,0,600,450.0,0,0,42.0,19.5,15.1,23
2026-07-26T01:00:00+00:00,z3,1,0.25881904510252074,0.9659258262890683,6,1,0,900,1200.0,0,0,34.0,19.5,15.1,0
2026-07-26T01:00:00+00:00,z4,1,0.25881904510252074,0.9659258262890683,6,1,0,300,350.0,0,0,8.0,19.5,15.1,18
2026-07-26T02:00:00+00:00,z1,2,0.49999999999999994,0.8660254037844387,6,1,0,400,500.0,0,0,63.0,20.8,0.0,9
2026-07-26T02:00:00+00:00,z2,2,0.49999999999999994,0.8660254037844387,6,1,0,600,450.0,0,0,41.0,20.8,0.0,33
2026-07-26T02:00:00+00:00,z3,2,0.49999999999999994,0.8660254037844387,6,1,0,900,1200.0,0,0,33.0,20.8,0.0,79
2026-07-26T02:00:00+00:00,z4,2,0.49999999999999994,0.8660254037844387,6,1,0,300,350.0,0,0,7.0,20.8,0.0,18
2026-07-26T03:00:00+00:00,z1,3,0.7071067811865476,0.7071067811865476,6,1,0,400,500.0,0,0,62.0,20.3,0.0,1
2026-07-26T03:00:00+00:00,z2,3,0.7071067811865476,0.7071067811865476,6,1,0,600,450.0,0,0,40.0,20.3,0.0,4
2026-07-26T03:00:00+00:00,z3,3,0.7071067811865476,0.7071067811865476,6,1,0,900,1200.0,0,0,32.0,20.3,0.0,65
2026-07-26T03:00:00+00:00,z4,3,0.7071067811865476,0.7071067811865476,6,1,0,300,350.0,0,0,6.0,20.3,0.0,12
2026-07-26T04:00:00+00:00,z1,4,0.8660254037844386,0.5000000000000001,6,1,0,400,500.0,0,0,61.0,21.4,0.0,15
2026-07-26T04:00:00+00:00,z2,4,0.8660254037844386,0.5000000000000001,6,1,0,600,450.0,0,0,39.0,21.4,0.0,26
2026-07-26T04:00:00+00:00,z3,4,0.8660254037844386,0.5000000000000001,6,1,0,900,1200.0,0,0,31.0,21.4,0.0,63
2026-07-26T04:00:00+00:00,z4,4,0.8660254037844386,0.5000000000000001,6,1,0,300,350.0,0,0,5.0,21.4,0.0,16
2026-07-26T05:00:00+00:00,z1,5,0.9659258262890683,0.25881904510252074,6,1,0,400,500.0,0,0,60.0,21.0,0.0,17
2026-07-26T05:00:00+00:00,z2,5,0.9659258262890683,0.25881904510252074,6,1,0,600,450.0,0,0,38.0,21.0,0.0,13
2026-07-26T05:00:00+00:00,z3,5,0.9659258262890683,0.25881904510252074,6,1,0,900,1200.0,0,0,30.0,21.0,0.0,60
2026-07-26T05:00:00+00:00,z4,5,0.9659258262890683,0.25881904510252074,6,1,0,300,350.0,0,0,4.0,21.0,0.0,15
2026-07-26T06:00:00+00:00,z1,6,1.0,6.123233995736766e-17,6,1,0,400,500.0,0,0,59.0,22.9,0.0,17
2026-07-26T06:00:00+00:00,z2,6,1.0,6.123233995736766e-17,6,1,0,600,450.0,0,0,37.0,22.9,0.0,109
2026-07-26T06:00:00+00:00,z3,6,1.0,6.123233995736766e-17,6,1,0,900,1200.0,0,0,29.0,22.9,0.0,87
2026-07-26T06:00:00+00:00,z4,6,1.0,6.123233995736766e-17,6,1,0,300,350.0,0,0,3.0,22.9,0.0,7
2026-07-26T07:00:00+00:00,z1,7,0.9659258262890683,-0.25881904510252063,6,1,0,400,500.0,0,0,58.0,22.4,0.0,11
2026-07-26T07:00:00+00:00,z2,7,0.9659258262890683,-0.25881904510252063,6,1,0,600,450.0,0,0,36.0,22.4,0.0,72
2026-07-26T07:00:00+00:00,z3,7,0.9659258262890683,-0.25881904510252063,6,1,0,900,1200.0,0,0,28.0,22.4,0.0,83
2026-07-26T07:00:00+00:00,z4,7,0.9659258262890683,-0.25881904510252063,6,1,0,300,350.0,0,0,2.0,22.4,0.0,26
2026-07-26T08:00:00+00:00,z1,8,0.8660254037844387,-0.4999999999999998,6,1,0,400,500.0,0,0,57.0,27.8,12.6,1
2026-07-26T08:00:00+00:00,z2,8,0.8660254037844387,-0.4999999999999998,6,1,0,600,450.0,0,0,35.0,27.8,12.6,71
2026-07-26T08:00:00+00:00,z3,8,0.8660254037844387,-0.4999999999999998,6,1,0,900,1200.0,0,0,27.0,27.8,12.6,32
2026-07-26T08:00:00+00:00,z4,8,0.8660254037844387,-0.4999999999999998,6,1,0,300,350.0,0,0,1.0,27.8,12.6,84
2026-07-26T09:00:00+00:00,z1,9,0.7071067811865476,-0.7071067811865475,6,1,0,400,500.0,0,0,56.0,29.1,0.0,242
2026-07-26T09:00:00+00:00,z2,9,0.7071067811865476,-0.7071067811865475,6,1,0,600,450.0,0,0,34.0,29.1,0.0,86
2026-07-26T09:00:00+00:00,z3,9,0.7071067811865476,-0.7071067811865475,6,1,0,900,1200.0,0,0,26.0,29.1,0.0,85
2026-07-26T09:00:00+00:00,z4,9,0.7071067811865476,-0.7071067811865475,6,1,0,300,350.0,1105,1,12.0,29.1,0.0,260
2026-07-26T10:00:00+00:00,z1,10,0.49999999999999994,-0.8660254037844387,6,1,0,400,500.0,0,0,55.0,28.8,10.8,156
2026-07-26T10:00:00+00:00,z2,10,0.49999999999999994,-0.8660254037844387,6,1,0,600,450.0,0,0,33.0,28.8,10.8,46
2026-07-26T10:00:00+00:00,z3,10,0.49999999999999994,-0.8660254037844387,6,1,0,900,1200.0,0,0,25.0,28.8,10.8,79
2026-07-26T10:00:00+00:00,z4,10,0.49999999999999994,-0.8660254037844387,6,1,0,300,350.0,1105,1,11.0,28.8,10.8,193
2026-07-26T11:00:00+00:00,z1,11,0.258819045102521,-0.9659258262890682,6,1,0,400,500.0,0,0,54.0,30.8,0.0,298
2026-07-26T11:00:00+00:00,z2,11,0.258819045102521,-0.9659258262890682,6,1,0,600,450.0,0,0,32.0,30.8,0.0,90
2026-07-26T11:00:00+00:00,z3,11,0.258819045102521,-0.9659258262890682,6,1,0,900,1200.0,0,0,24.0,30.8,0.0,427
2026-07-26T11:00:00+00:00,z4,11,0.258819045102521,-0.9659258262890682,6,1,0,300,350.0,1105,1,10.0,30.8,0.0,257
2026-07-26T12:00:00+00:00,z1,12,1.2246467991473532e-16,-1.0,6,1,0,400,500.0,0,0,53.0,34.2,0.0,314
2026-07-26T12:00:00+00:00,z2,12,1.2246467991473532e-16,-1.0,6,1,0,600,450.0,0,0,31.0,34.2,0.0,209
2026-07-26T12:00:00+00:00,z3,12,1.2246467991473532e-16,-1.0,6,1,0,900,1200.0,0,0,23.0,34.2,0.0,353
2026-07-26T12:00:00+00:00,z4,12,1.2246467991473532e-16,-1.0,6,1,0,300,350.0,1105,1,9.0,34.2,0.0,463
2026-07-26T13:00:00+00:00,z1,13,-0.2588190451025208,-0.9659258262890683,6,1,0,400,500.0,0,0,52.0,35.5,0.0,320
2026-07-26T13:00:00+00:00,z2,13,-0.2588190451025208,-0.9659258262890683,6,1,0,600,450.0,0,0,30.0,35.5,0.0,282
2026-07-26T13:00:00+00:00,z3,13,-0.2588190451025208,-0.9659258262890683,6,1,0,900,1200.0,0,0,22.0,35.5,0.0,352
2026-07-26T13:00:00+00:00,z4,13,-0.2588190451025208,-0.9659258262890683,6,1,0,300,350.0,1105,1,8.0,35.5,0.0,491
2026-07-26T14:00:00+00:00,z1,14,-0.4999999999999997,-0.8660254037844388,6,1,0,400,500.0,0,0,51.0,34.5,0.0,314
2026-07-26T14:00:00+00:00,z2,14,-0.4999999999999997,-0.8660254037844388,6,1,0,600,450.0,0,0,29.0,34.5,0.0,264
2026-07-26T14:00:00+00:00,z3,14,-0.4999999999999997,-0.8660254037844388,6,1,0,900,1200.0,0,0,21.0,34.5,0.0,404
2026-07-26T14:00:00+00:00,z4,14,-0.4999999999999997,-0.8660254037844388,6,1,0,300,350.0,0,0,7.0,34.5,0.0,232
2026-07-26T15:00:00+00:00,z1,15,-0.7071067811865471,-0.7071067811865479,6,1,0,400,500.0,0,0,50.0,36.0,14.4,162
2026-07-26T15:00:00+00:00,z2,15,-0.7071067811865471,-0.7071067811865479,6,1,0,600,450.0,0,0,28.0,36.0,14.4,227
2026-07-26T15:00:00+00:00,z3,15,-0.7071067811865471,-0.7071067811865479,6,1,0,900,1200.0,0,0,20.0,36.0,14.4,167
2026-07-26T15:00:00+00:00,z4,15,-0.7071067811865471,-0.7071067811865479,6,1,0,300,350.0,0,0,6.0,36.0,14.4,50
2026-07-26T16:00:00+00:00,z1,16,-0.8660254037844385,-0.5000000000000004,6,1,0,400,500.0,0,0,49.0,37.1,0.0,305
2026-07-26T16:00:00+00:00,z2,16,-0.8660254037844385,-0.5000000000000004,6,1,0,600,450.0,0,0,27.0,37.1,0.0,329
2026-07-26T16:00:00+00:00,z3,16,-0.8660254037844385,-0.5000000000000004,6,1,0,900,1200.0,0,0,19.0,37.1,0.0,713
2026-07-26T16:00:00+00:00,z4,16,-0.8660254037844385,-0.5000000000000004,6,1,0,300,350.0,0,0,5.0,37.1,0.0,64
2026-07-26T17:00:00+00:00,z1,17,-0.9659258262890683,-0.25881904510252063,6,1,0,400,500.0,0,0,48.0,33.1,20.1,138
2026-07-26T17:00:00+00:00,z2,17,-0.9659258262890683,-0.25881904510252063,6,1,0,600,450.0,0,0,26.0,33.1,20.1,225
2026-07-26T17:00:00+00:00,z3,17,-0.9659258262890683,-0.25881904510252063,6,1,0,900,1200.0,0,0,18.0,33.1,20.1,442
2026-07-26T17:00:00+00:00,z4,17,-0.9659258262890683,-0.25881904510252063,6,1,0,300,350.0,0,0,4.0,33.1,20.1,49
2026-07-26T18:00:00+00:00,z1,18,-1.0,-1.8369701987210297e-16,6,1,0,400,500.0,0,0,47.0,32.1,0.0,281
2026-07-26T18:00:00+00:00,z2,18,-1.0,-1.8369701987210297e-16,6,1,0,600,450.0,0,0,25.0,32.1,0.0,313
2026-07-26T18:00:00+00:00,z3,18,-1.0,-1.8369701987210297e-16,6,1,0,900,1200.0,0,0,17.0,32.1,0.0,799
2026-07-26T18:00:00+00:00,z4,18,-1.0,-1.8369701987210297e-16,6,1,0,300,350.0,0,0,3.0,32.1,0.0,84
2026-07-26T19:00:00+00:00,z1,19,-0.9659258262890684,0.2588190451025203,6,1,0,400,500.0,0,0,46.0,31.8,0.0,240
2026-07-26T19:00:00+00:00,z2,19,-0.9659258262890684,0.2588190451025203,6,1,0,600,450.0,0,0,24.0,31.8,0.0,262
2026-07-26T19:00:00+00:00,z3,19,-0.9659258262890684,0.2588190451025203,6,1,0,900,1200.0,0,0,16.0,31.8,0.0,779
2026-07-26T19:00:00+00:00,z4,19,-0.9659258262890684,0.2588190451025203,6,1,0,300,350.0,0,0,2.0,31.8,0.0,238
2026-07-26T20:00:00+00:00,z1,20,-0.8660254037844386,0.5000000000000001,6,1,0,400,500.0,0,0,45.0,31.6,0.0,99
2026-07-26T20:00:00+00:00,z2,20,-0.8660254037844386,0.5000000000000001,6,1,0,600,450.0,0,0,23.0,31.6,0.0,263
2026-07-26T20:00:00+00:00,z3,20,-0.8660254037844386,0.5000000000000001,6,1,0,900,1200.0,0,0,15.0,31.6,0.0,815
2026-07-26T20:00:00+00:00,z4,20,-0.8660254037844386,0.5000000000000001,6,1,0,300,350.0,0,0,1.0,31.6,0.0,362
2026-07-26T21:00:00+00:00,z1,21,-0.7071067811865477,0.7071067811865474,6,1,0,400,500.0,0,0,44.0,28.3,0.0,98
2026-07-26T21:00:00+00:00,z2,21,-0.7071067811865477,0.7071067811865474,6,1,0,600,450.0,0,0,22.0,28.3,0.0,213
2026-07-26T21:00:00+00:00,z3,21,-0.7071067811865477,0.7071067811865474,6,1,0,900,1200.0,0,0,14.0,28.3,0.0,811
2026-07-26T21:00:00+00:00,z4,21,-0.7071067811865477,0.7071067811865474,6,1,0,300,350.0,634,1,7.0,28.3,0.0,459
2026-07-26T22:00:00+00:00,z1,22,-0.5000000000000004,0.8660254037844384,6,1,0,400,500.0,0,0,43.0,24.1,0.0,94
2026-07-26T22:00:00+00:00,z2,22,-0.5000000000000004,0.8660254037844384,6,1,0,600,450.0,0,0,21.0,24.1,0.0,119
2026-07-26T22:00:00+00:00,z3,22,-0.5000000000000004,0.8660254037844384,6,1,0,900,1200.0,0,0,13.0,24.1,0.0,686
2026-07-26T22:00:00+00:00,z4,22,-0.5000000000000004,0.8660254037844384,6,1,0,300,350.0,634,1,6.0,24.1,0.0,227
2026-07-26T23:00:00+00:00,z1,23,-0.25881904510252157,0.9659258262890681,6,1,0,400,500.0,0,0,42.0,24.6,0.0,87
2026-07-26T23:00:00+00:00,z2,23,-0.25881904510252157,0.9659258262890681,6,1,0,600,450.0,0,0,20.0,24.6,0.0,89
2026-07-26T23:00:00+00:00,z3,23,-0.25881904510252157,0.9659258262890681,6,1,0,900,1200.0,0,0,12.0,24.6,0.0,102
2026-07-26T23:00:00+00:00,z4,23,-0.25881904510252157,0.9659258262890681,6,1,0,300,350.0,634,1,5.0,24.6,0.0,244
2026-07-27T00:00:00+00:00,z1,0,0.0,1.0,0,0,0,400,500.0,0,0,41.0,24.0,18.1,42
2026-07-27T00:00:00+00:00,z2,0,0.0,1.0,0,0,0,600,450.0,0,0,19.0,24.0,18.1,27
2026-07-27T00:00:00+00:00,z3,0,0.0,1.0,0,0,0,900,1200.0,0,0,11.0,24.0,18.1,56
2026-07-27T00:00:00+00:00,z4,0,0.0,1.0,0,0,0,300,350.0,0,0,4.0,24.0,18.1,6
2026-07-27T01:00:00+00:00,z1,1,0.25881904510252074,0.9659258262890683,0,0,0,400,500.0,0,0,40.0,19.6,0.0,2
2026-07-27T01:00:00+00:00,z2,1,0.25881904510252074,0.9659258262890683,0,0,0,600,450.0,0,0,18.0,19.6,0.0,6
2026-07-27T01:00:00+00:00,z3,1,0.25881904510252074,0.9659258262890683,0,0,0,900,1200.0,0,0,10.0,19.6,0.0,15
2026-07-27T01:00:00+00:00,z4,1,0.25881904510252074,0.9659258262890683,0,0,0,300,350.0,0,0,3.0,19.6,0.0,25
2026-07-27T02:00:00+00:00,z1,2,0.49999999999999994,0.8660254037844387,0,0,0,400,500.0,0,0,39.0,19.0,0.0,28
2026-07-27T02:00:00+00:00,z2,2,0.49999999999999994,0.8660254037844387,0,0,0,600,450.0,0,0,17.0,19.0,0.0,14
2026-07-27T02:00:00+00:00,z3,2,0.49999999999999994,0.8660254037844387,0,0,0,900,1200.0,0,0,9.0,19.0,0.0,68
2026-07-27T02:00:00+00:00,z4,2,0.49999999999999994,0.8660254037844387,0,0,0,300,350.0,0,0,2.0,19.0,0.0,0
2026-07-27T03:00:00+00:00,z1,3,0.7071067811865476,0.7071067811865476,0,0,0,400,500.0,0,0,38.0,18.9,0.0,0
2026-07-27T03:00:00+00:00,z2,3,0.7071067811865476,0.7071067811865476,0,0,0,600,450.0,0,0,16.0,18.9,0.0,0
2026-07-27T03:00:00+00:00,z3,3,0.7071067811865476,0.7071067811865476,0,0,0,900,1200.0,0,0,8.0,18.9,0.0,26
2026-07-27T03:00:00+00:00,z4,3,0.7071067811865476,0.7071067811865476,0,0,0,300,350.0,0,0,1.0,18.9,0.0,114
2026-07-27T04:00:00+00:00,z1,4,0.8660254037844386,0.5000000000000001,0,0,0,400,500.0,0,0,37.0,19.6,0.0,16
2026-07-27T04:00:00+00:00,z2,4,0.8660254037844386,0.5000000000000001,0,0,0,600,450.0,0,0,15.0,19.6,0.0,17
2026-07-27T04:00:00+00:00,z3,4,0.8660254037844386,0.5000000000000001,0,0,0,900,1200.0,0,0,7.0,19.6,0.0,2
2026-07-27T04:00:00+00:00,z4,4,0.8660254037844386,0.5000000000000001,0,0,0,300,350.0,769,1,16.0,19.6,0.0,260
2026-07-27T05:00:00+00:00,z1,5,0.9659258262890683,0.25881904510252074,0,0,0,400,500.0,0,0,36.0,22.1,0.0,15
2026-07-27T05:00:00+00:00,z2,5,0.9659258262890683,0.25881904510252074,0,0,0,600,450.0,0,0,14.0,22.1,0.0,27
2026-07-27T05:00:00+00:00,z3,5,0.9659258262890683,0.25881904510252074,0,0,0,900,1200.0,0,0,6.0,22.1,0.0,0
2026-07-27T05:00:00+00:00,z4,5,0.9659258262890683,0.25881904510252074,0,0,0,300,350.0,769,1,15.0,22.1,0.0,253
2026-07-27T06:00:00+00:00,z1,6,1.0,6.123233995736766e-17,0,0,0,400,500.0,0,0,35.0,23.1,0.0,6
2026-07-27T06:00:00+00:00,z2,6,1.0,6.123233995736766e-17,0,0,0,600,450.0,0,0,13.0,23.1,0.0,83
2026-07-27T06:00:00+00:00,z3,6,1.0,6.123233995736766e-17,0,0,0,900,1200.0,0,0,5.0,23.1,0.0,86
2026-07-27T06:00:00+00:00,z4,6,1.0,6.123233995736766e-17,0,0,0,300,350.0,769,1,14.0,23.1,0.0,256
2026-07-27T07:00:00+00:00,z1,7,0.9659258262890683,-0.25881904510252063,0,0,0,400,500.0,0,0,34.0,23.8,0.0,10
2026-07-27T07:00:00+00:00,z2,7,0.9659258262890683,-0.25881904510252063,0,0,0,600,450.0,0,0,12.0,23.8,0.0,90
2026-07-27T07:00:00+00:00,z3,7,0.9659258262890683,-0.25881904510252063,0,0,0,900,1200.0,0,0,4.0,23.8,0.0,31
2026-07-27T07:00:00+00:00,z4,7,0.9659258262890683,-0.25881904510252063,0,0,0,300,350.0,769,1,13.0,23.8,0.0,265
2026-07-27T08:00:00+00:00,z1,8,0.8660254037844387,-0.4999999999999998,0,0,0,400,500.0,0,0,33.0,24.1,21.5,9
2026-07-27T08:00:00+00:00,z2,8,0.8660254037844387,-0.4999999999999998,0,0,0,600,450.0,0,0,11.0,24.1,21.5,335
2026-07-27T08:00:00+00:00,z3,8,0.8660254037844387,-0.4999999999999998,0,0,0,900,1200.0,0,0,3.0,24.1,21.5,25
2026-07-27T08:00:00+00:00,z4,8,0.8660254037844387,-0.4999999999999998,0,0,0,300,350.0,0,0,12.0,24.1,21.5,7
2026-07-27T09:00:00+00:00,z1,9,0.7071067811865476,-0.7071067811865475,0,0,0,400,500.0,0,0,32.0,28.4,0.0,191
2026-07-27T09:00:00+00:00,z2,9,0.7071067811865476,-0.7071067811865475,0,0,0,600,450.0,0,0,10.0,28.4,0.0,526
2026-07-27T09:00:00+00:00,z3,9,0.7071067811865476,-0.7071067811865475,0,0,0,900,1200.0,0,0,2.0,28.4,0.0,53
2026-07-27T09:00:00+00:00,z4,9,0.7071067811865476,-0.7071067811865475,0,0,0,300,350.0,0,0,11.0,28.4,0.0,21
2026-07-27T10:00:00+00:00,z1,10,0.49999999999999994,-0.8660254037844387,0,0,0,400,500.0,0,0,31.0,28.1,0.0,214
2026-07-27T10:00:00+00:00,z2,10,0.49999999999999994,-0.8660254037844387,0,0,0,600,450.0,0,0,9.0,28.1,0.0,384
2026-07-27T10:00:00+00:00,z3,10,0.49999999999999994,-0.8660254037844387,0,0,0,900,1200.0,0,0,1.0,28.1,0.0,157
2026-07-27T10:00:00+00:00,z4,10,0.49999999999999994,-0.8660254037844387,0,0,0,300,350.0,0,0,10.0,28.1,0.0,4
2026-07-27T11:00:00+00:00,z1,11,0.258819045102521,-0.9659258262890682,0,0,0,400,500.0,0,0,30.0,30.0,0.0,236
2026-07-27T11:00:00+00:00,z2,11,0.258819045102521,-0.9659258262890682,0,0,0,600,450.0,0,0,8.0,30.0,0.0,164
2026-07-27T11:00:00+00:00,z3,11,0.258819045102521,-0.9659258262890682,0,0,0,900,1200.0,1483,1,80.0,30.0,0.0,616
2026-07-27T11:00:00+00:00,z4,11,0.258819045102521,-0.9659258262890682,0,0,0,300,350.0,0,0,9.0,30.0,0.0,14
2026-07-27T12:00:00+00:00,z1,12,1.2246467991473532e-16,-1.0,0,0,0,400,500.0,0,0,29.0,34.3,0.0,246
2026-07-27T12:00:00+00:00,z2,12,1.2246467991473532e-16,-1.0,0,0,0,600,450.0,0,0,7.0,34.3,0.0,217
2026-07-27T12:00:00+00:00,z3,12,1.2246467991473532e-16,-1.0,0,0,0,900,1200.0,1483,1,79.0,34.3,0.0,798
2026-07-27T12:00:00+00:00,z4,12,1.2246467991473532e-16,-1.0,0,0,0,300,350.0,0,0,8.0,34.3,0.0,225
2026-07-27T13:00:00+00:00,z1,13,-0.2588190451025208,-0.9659258262890683,0,0,0,400,500.0,0,0,28.0,36.0,0.0,248
2026-07-27T13:00:00+00:00,z2,13,-0.2588190451025208,-0.9659258262890683,0,0,0,600,450.0,0,0,6.0,36.0,0.0,160
2026-07-27T13:00:00+00:00,z3,13,-0.2588190451025208,-0.9659258262890683,0,0,0,900,1200.0,1483,1,78.0,36.0,0.0,738
2026-07-27T13:00:00+00:00,z4,13,-0.2588190451025208,-0.9659258262890683,0,0,0,300,350.0,0,0,7.0,36.0,0.0,249
2026-07-27T14:00:00+00:00,z1,14,-0.4999999999999997,-0.8660254037844388,0,0,0,400,500.0,0,0,27.0,35.8,0.0,261
2026-07-27T14:00:00+00:00,z2,14,-0.4999999999999997,-0.8660254037844388,0,0,0,600,450.0,0,0,5.0,35.8,0.0,230
2026-07-27T14:00:00+00:00,z3,14,-0.4999999999999997,-0.8660254037844388,0,0,0,900,1200.0,1483,1,77.0,35.8,0.0,773
2026-07-27T14:00:00+00:00,z4,14,-0.4999999999999997,-0.8660254037844388,0,0,0,300,350.0,0,0,6.0,35.8,0.0,219
2026-07-27T15:00:00+00:00,z1,15,-0.7071067811865471,-0.7071067811865479,0,0,0,400,500.0,0,0,26.0,34.2,0.0,256
2026-07-27T15:00:00+00:00,z2,15,-0.7071067811865471,-0.7071067811865479,0,0,0,600,450.0,0,0,4.0,34.2,0.0,231
2026-07-27T15:00:00+00:00,z3,15,-0.7071067811865471,-0.7071067811865479,0,0,0,900,1200.0,1483,1,76.0,34.2,0.0,794
2026-07-27T15:00:00+00:00,z4,15,-0.7071067811865471,-0.7071067811865479,0,0,0,300,350.0,0,0,5.0,34.2,0.0,75
2026-07-27T16:00:00+00:00,z1,16,-0.8660254037844385,-0.5000000000000004,0,0,0,400,500.0,0,0,25.0,36.9,0.0,241
2026-07-27T16:00:00+00:00,z2,16,-0.8660254037844385,-0.5000000000000004,0,0,0,600,450.0,0,0,3.0,36.9,0.0,169
2026-07-27T16:00:00+00:00,z3,16,-0.8660254037844385,-0.5000000000000004,0,0,0,900,1200.0,0,0,75.0,36.9,0.0,178
2026-07-27T16:00:00+00:00,z4,16,-0.8660254037844385,-0.5000000000000004,0,0,0,300,350.0,0,0,4.0,36.9,0.0,58
2026-07-27T17:00:00+00:00,z1,17,-0.9659258262890683,-0.25881904510252063,0,0,0,400,500.0,0,0,24.0,35.0,10.3,138
2026-07-27T17:00:00+00:00,z2,17,-0.9659258262890683,-0.25881904510252063,0,0,0,600,450.0,0,0,2.0,35.0,10.3,334
2026-07-27T17:00:00+00:00,z3,17,-0.9659258262890683,-0.25881904510252063,0,0,0,900,1200.0,0,0,74.0,35.0,10.3,236
2026-07-27T17:00:00+00:00,z4,17,-0.9659258262890683,-0.25881904510252063,0,0,0,300,350.0,0,0,3.0,35.0,10.3,75
2026-07-27T18:00:00+00:00,z1,18,-1.0,-1.8369701987210297e-16,0,0,0,400,500.0,0,0,23.0,33.8,0.0,222
2026-07-27T18:00:00+00:00,z2,18,-1.0,-1.8369701987210297e-16,0,0,0,600,450.0,0,0,1.0,33.8,0.0,603
2026-07-27T18:00:00+00:00,z3,18,-1.0,-1.8369701987210297e-16,0,0,0,900,1200.0,0,0,73.0,33.8,0.0,547
2026-07-27T18:00:00+00:00,z4,18,-1.0,-1.8369701987210297e-16,0,0,0,300,350.0,0,0,2.0,33.8,0.0,79
2026-07-27T19:00:00+00:00,z1,19,-0.9659258262890684,0.2588190451025203,0,0,0,400,500.0,0,0,22.0,32.6,0.0,220
2026-07-27T19:00:00+00:00,z2,19,-0.9659258262890684,0.2588190451025203,0,0,0,600,450.0,770,1,23.0,32.6,0.0,777
2026-07-27T19:00:00+00:00,z3,19,-0.9659258262890684,0.2588190451025203,0,0,0,900,1200.0,0,0,72.0,32.6,0.0,611
2026-07-27T19:00:00+00:00,z4,19,-0.9659258262890684,0.2588190451025203,0,0,0,300,350.0,0,0,1.0,32.6,0.0,353
2026-07-27T20:00:00+00:00,z1,20,-0.8660254037844386,0.5000000000000001,0,0,0,400,500.0,0,0,21.0,28.8,0.0,92
2026-07-27T20:00:00+00:00,z2,20,-0.8660254037844386,0.5000000000000001,0,0,0,600,450.0,770,1,22.0,28.8,0.0,715
2026-07-27T20:00:00+00:00,z3,20,-0.8660254037844386,0.5000000000000001,0,0,0,900,1200.0,0,0,71.0,28.8,0.0,531
2026-07-27T20:00:00+00:00,z4,20,-0.8660254037844386,0.5000000000000001,0,0,0,300,350.0,754,1,1.0,28.8,0.0,697
2026-07-27T21:00:00+00:00,z1,21,-0.7071067811865477,0.7071067811865474,0,0,0,400,500.0,0,0,20.0,28.7,0.0,100
2026-07-27T21:00:00+00:00,z2,21,-0.7071067811865477,0.7071067811865474,0,0,0,600,450.0,0,0,21.0,28.7,0.0,102
2026-07-27T21:00:00+00:00,z3,21,-0.7071067811865477,0.7071067811865474,0,0,0,900,1200.0,0,0,70.0,28.7,0.0,524
2026-07-27T21:00:00+00:00,z4,21,-0.7071067811865477,0.7071067811865474,0,0,0,300,350.0,1081,2,42.0,28.7,0.0,473
2026-07-27T22:00:00+00:00,z1,22,-0.5000000000000004,0.8660254037844384,0,0,0,400,500.0,0,0,19.0,25.8,0.0,76
2026-07-27T22:00:00+00:00,z2,22,-0.5000000000000004,0.8660254037844384,0,0,0,600,450.0,0,0,20.0,25.8,0.0,90
2026-07-27T22:00:00+00:00,z3,22,-0.5000000000000004,0.8660254037844384,0,0,0,900,1200.0,0,0,69.0,25.8,0.0,80
2026-07-27T22:00:00+00:00,z4,22,-0.5000000000000004,0.8660254037844384,0,0,0,300,350.0,1081,2,41.0,25.8,0.0,257
2026-07-27T23:00:00+00:00,z1,23,-0.25881904510252157,0.9659258262890681,0,0,0,400,500.0,0,0,18.0,24.7,16.8,51
2026-07-27T23:00:00+00:00,z2,23,-0.25881904510252157,0.9659258262890681,0,0,0,600,450.0,0,0,19.0,24.7,16.8,70
2026-07-27T23:00:00+00:00,z3,23,-0.25881904510252157,0.9659258262890681,0,0,0,900,1200.0,0,0,68.0,24.7,16.8,81
2026-07-27T23:00:00+00:00,z4,23,-0.25881904510252157,0.9659258262890681,0,0,0,300,350.0,1081,2,40.0,24.7,16.8,195
2026-07-28T00:00:00+00:00,z1,0,0.0,1.0,1,0,0,400,500.0,0,0,17.0,21.5,0.0,16
2026-07-28T00:00:00+00:00,z2,0,0.0,1.0,1,0,0,600,450.0,0,0,18.0,21.5,0.0,81
2026-07-28T00:00:00+00:00,z3,0,0.0,1.0,1,0,0,900,1200.0,0,0,67.0,21.5,0.0,67
2026-07-28T00:00:00+00:00,z4,0,0.0,1.0,1,0,0,300,350.0,327,1,39.0,21.5,0.0,144
2026-07-28T01:00:00+00:00,z1,1,0.25881904510252074,0.9659258262890683,1,0,0,400,500.0,0,0,16.0,20.4,0.0,15
2026-07-28T01:00:00+00:00,z2,1,0.25881904510252074,0.9659258262890683,1,0,0,600,450.0,0,0,17.0,20.4,0.0,12
2026-07-28T01:00:00+00:00,z3,1,0.25881904510252074,0.9659258262890683,1,0,0,900,1200.0,0,0,66.0,20.4,0.0,25
2026-07-28T01:00:00+00:00,z4,1,0.25881904510252074,0.9659258262890683,1,0,0,300,350.0,327,1,38.0,20.4,0.0,139
2026-07-28T02:00:00+00:00,z1,2,0.49999999999999994,0.8660254037844387,1,0,0,400,500.0,0,0,15.0,19.0,0.0,37
2026-07-28T02:00:00+00:00,z2,2,0.49999999999999994,0.8660254037844387,1,0,0,600,450.0,0,0,16.0,19.0,0.0,22
2026-07-28T02:00:00+00:00,z3,2,0.49999999999999994,0.8660254037844387,1,0,0,900,1200.0,0,0,65.0,19.0,0.0,44
2026-07-28T02:00:00+00:00,z4,2,0.49999999999999994,0.8660254037844387,1,0,0,300,350.0,0,0,37.0,19.0,0.0,13
2026-07-28T03:00:00+00:00,z1,3,0.7071067811865476,0.7071067811865476,1,0,0,400,500.0,0,0,14.0,20.4,0.0,0
2026-07-28T03:00:00+00:00,z2,3,0.7071067811865476,0.7071067811865476,1,0,0,600,450.0,0,0,15.0,20.4,0.0,38
2026-07-28T03:00:00+00:00,z3,3,0.7071067811865476,0.7071067811865476,1,0,0,900,1200.0,0,0,64.0,20.4,0.0,30
2026-07-28T03:00:00+00:00,z4,3,0.7071067811865476,0.7071067811865476,1,0,0,300,350.0,0,0,36.0,20.4,0.0,17
2026-07-28T04:00:00+00:00,z1,4,0.8660254037844386,0.5000000000000001,1,0,0,400,500.0,0,0,13.0,19.6,19.0,2
2026-07-28T04:00:00+00:00,z2,4,0.8660254037844386,0.5000000000000001,1,0,0,600,450.0,0,0,14.0,19.6,19.0,7
2026-07-28T04:00:00+00:00,z3,4,0.8660254037844386,0.5000000000000001,1,0,0,900,1200.0,0,0,63.0,19.6,19.0,2
2026-07-28T04:00:00+00:00,z4,4,0.8660254037844386,0.5000000000000001,1,0,0,300,350.0,0,0,35.0,19.6,19.0,17
2026-07-28T05:00:00+00:00,z1,5,0.9659258262890683,0.25881904510252074,1,0,0,400,500.0,0,0,12.0,21.0,0.0,5
2026-07-28T05:00:00+00:00,z2,5,0.9659258262890683,0.25881904510252074,1,0,0,600,450.0,0,0,13.0,21.0,0.0,66
2026-07-28T05:00:00+00:00,z3,5,0.9659258262890683,0.25881904510252074,1,0,0,900,1200.0,0,0,62.0,21.0,0.0,42
2026-07-28T05:00:00+00:00,z4,5,0.9659258262890683,0.25881904510252074,1,0,0,300,350.0,0,0,34.0,21.0,0.0,0
2026-07-28T06:00:00+00:00,z1,6,1.0,6.123233995736766e-17,1,0,0,400,500.0,0,0,11.0,20.9,0.0,18
2026-07-28T06:00:00+00:00,z2,6,1.0,6.123233995736766e-17,1,0,0,600,450.0,0,0,12.0,20.9,0.0,78
2026-07-28T06:00:00+00:00,z3,6,1.0,6.123233995736766e-17,1,0,0,900,1200.0,0,0,61.0,20.9,0.0,13
2026-07-28T06:00:00+00:00,z4,6,1.0,6.123233995736766e-17,1,0,0,300,350.0,0,0,33.0,20.9,0.0,29
2026-07-28T07:00:00+00:00,z1,7,0.9659258262890683,-0.25881904510252063,1,0,0,400,500.0,0,0,10.0,24.5,0.0,28
2026-07-28T07:00:00+00:00,z2,7,0.9659258262890683,-0.25881904510252063,1,0,0,600,450.0,0,0,11.0,24.5,0.0,100
2026-07-28T07:00:00+00:00,z3,7,0.9659258262890683,-0.25881904510252063,1,0,0,900,1200.0,0,0,60.0,24.5,0.0,76
2026-07-28T07:00:00+00:00,z4,7,0.9659258262890683,-0.25881904510252063,1,0,0,300,350.0,0,0,32.0,24.5,0.0,3
2026-07-28T08:00:00+00:00,z1,8,0.8660254037844387,-0.4999999999999998,1,0,0,400,500.0,0,0,9.0,24.7,0.0,14
2026-07-28T08:00:00+00:00,z2,8,0.8660254037844387,-0.4999999999999998,1,0,0,600,450.0,0,0,10.0,24.7,0.0,435
2026-07-28T08:00:00+00:00,z3,8,0.8660254037844387,-0.4999999999999998,1,0,0,900,1200.0,0,0,59.0,24.7,0.0,44
2026-07-28T08:00:00+00:00,z4,8,0.8660254037844387,-0.4999999999999998,1,0,0,300,350.0,0,0,31.0,24.7,0.0,0
2026-07-28T09:00:00+00:00,z1,9,0.7071067811865476,-0.7071067811865475,1,0,0,400,500.0,0,0,8.0,28.8,5.1,107
2026-07-28T09:00:00+00:00,z2,9,0.7071067811865476,-0.7071067811865475,1,0,0,600,450.0,0,0,9.0,28.8,5.1,380
2026-07-28T09:00:00+00:00,z3,9,0.7071067811865476,-0.7071067811865475,1,0,0,900,1200.0,0,0,58.0,28.8,5.1,43
2026-07-28T09:00:00+00:00,z4,9,0.7071067811865476,-0.7071067811865475,1,0,0,300,350.0,0,0,30.0,28.8,5.1,18
2026-07-28T10:00:00+00:00,z1,10,0.49999999999999994,-0.8660254037844387,1,0,0,400,500.0,0,0,7.0,31.5,0.0,226
2026-07-28T10:00:00+00:00,z2,10,0.49999999999999994,-0.8660254037844387,1,0,0,600,450.0,0,0,8.0,31.5,0.0,425
2026-07-28T10:00:00+00:00,z3,10,0.49999999999999994,-0.8660254037844387,1,0,0,900,1200.0,0,0,57.0,31.5,0.0,104
2026-07-28T10:00:00+00:00,z4,10,0.49999999999999994,-0.8660254037844387,1,0,0,300,350.0,0,0,29.0,31.5,0.0,1
2026-07-28T11:00:00+00:00,z1,11,0.258819045102521,-0.9659258262890682,1,0,0,400,500.0,0,0,6.0,30.7,0.0,241
2026-07-28T11:00:00+00:00,z2,11,0.258819045102521,-0.9659258262890682,1,0,0,600,450.0,0,0,7.0,30.7,0.0,244
2026-07-28T11:00:00+00:00,z3,11,0.258819045102521,-0.9659258262890682,1,0,0,900,1200.0,0,0,56.0,30.7,0.0,39
2026-07-28T11:00:00+00:00,z4,11,0.258819045102521,-0.9659258262890682,1,0,0,300,350.0,0,0,28.0,30.7,0.0,1
2026-07-28T12:00:00+00:00,z1,12,1.2246467991473532e-16,-1.0,1,0,0,400,500.0,0,0,5.0,34.1,0.0,240
2026-07-28T12:00:00+00:00,z2,12,1.2246467991473532e-16,-1.0,1,0,0,600,450.0,0,0,6.0,34.1,0.0,206
2026-07-28T12:00:00+00:00,z3,12,1.2246467991473532e-16,-1.0,1,0,0,900,1200.0,0,0,55.0,34.1,0.0,255
2026-07-28T12:00:00+00:00,z4,12,1.2246467991473532e-16,-1.0,1,0,0,300,350.0,0,0,27.0,34.1,0.0,219
2026-07-28T13:00:00+00:00,z1,13,-0.2588190451025208,-0.9659258262890683,1,0,0,400,500.0,0,0,4.0,33.6,0.0,247
2026-07-28T13:00:00+00:00,z2,13,-0.2588190451025208,-0.9659258262890683,1,0,0,600,450.0,0,0,5.0,33.6,0.0,220
2026-07-28T13:00:00+00:00,z3,13,-0.2588190451025208,-0.9659258262890683,1,0,0,900,1200.0,0,0,54.0,33.6,0.0,218
2026-07-28T13:00:00+00:00,z4,13,-0.2588190451025208,-0.9659258262890683,1,0,0,300,350.0,0,0,26.0,33.6,0.0,255
2026-07-28T14:00:00+00:00,z1,14,-0.4999999999999997,-0.8660254037844388,1,0,0,400,500.0,0,0,3.0,37.2,0.0,258
2026-07-28T14:00:00+00:00,z2,14,-0.4999999999999997,-0.8660254037844388,1,0,0,600,450.0,0,0,4.0,37.2,0.0,238
2026-07-28T14:00:00+00:00,z3,14,-0.4999999999999997,-0.8660254037844388,1,0,0,900,1200.0,0,0,53.0,37.2,0.0,268
2026-07-28T14:00:00+00:00,z4,14,-0.4999999999999997,-0.8660254037844388,1,0,0,300,350.0,0,0,25.0,37.2,0.0,218
2026-07-28T15:00:00+00:00,z1,15,-0.7071067811865471,-0.7071067811865479,1,0,0,400,500.0,0,0,2.0,37.3,0.0,273
2026-07-28T15:00:00+00:00,z2,15,-0.7071067811865471,-0.7071067811865479,1,0,0,600,450.0,0,0,3.0,37.3,0.0,228
2026-07-28T15:00:00+00:00,z3,15,-0.7071067811865471,-0.7071067811865479,1,0,0,900,1200.0,0,0,52.0,37.3,0.0,242
2026-07-28T15:00:00+00:00,z4,15,-0.7071067811865471,-0.7071067811865479,1,0,0,300,350.0,0,0,24.0,37.3,0.0,88
2026-07-28T16:00:00+00:00,z1,16,-0.8660254037844385,-0.5000000000000004,1,0,0,400,500.0,0,0,1.0,35.0,0.0,336
2026-07-28T16:00:00+00:00,z2,16,-0.8660254037844385,-0.5000000000000004,1,0,0,600,450.0,0,0,2.0,35.0,0.0,227
2026-07-28T16:00:00+00:00,z3,16,-0.8660254037844385,-0.5000000000000004,1,0,0,900,1200.0,0,0,51.0,35.0,0.0,200
2026-07-28T16:00:00+00:00,z4,16,-0.8660254037844385,-0.5000000000000004,1,0,0,300,350.0,0,0,23.0,35.0,0.0,72
2026-07-28T17:00:00+00:00,z1,17,-0.9659258262890683,-0.25881904510252063,1,0,0,400,500.0,483,1,20.0,35.2,24.5,243
2026-07-28T17:00:00+00:00,z2,17,-0.9659258262890683,-0.25881904510252063,1,0,0,600,450.0,0,0,1.0,35.2,24.5,443
2026-07-28T17:00:00+00:00,z3,17,-0.9659258262890683,-0.25881904510252063,1,0,0,900,1200.0,0,0,50.0,35.2,24.5,305
2026-07-28T17:00:00+00:00,z4,17,-0.9659258262890683,-0.25881904510252063,1,0,0,300,350.0,0,0,22.0,35.2,24.5,44
2026-07-28T18:00:00+00:00,z1,18,-1.0,-1.8369701987210297e-16,1,0,0,400,500.0,483,1,19.0,33.5,0.0,383
2026-07-28T18:00:00+00:00,z2,18,-1.0,-1.8369701987210297e-16,1,0,0,600,450.0,1157,1,13.0,33.5,0.0,903
2026-07-28T18:00:00+00:00,z3,18,-1.0,-1.8369701987210297e-16,1,0,0,900,1200.0,0,0,49.0,33.5,0.0,614
2026-07-28T18:00:00+00:00,z4,18,-1.0,-1.8369701987210297e-16,1,0,0,300,350.0,0,0,21.0,33.5,0.0,65
2026-07-28T19:00:00+00:00,z1,19,-0.9659258262890684,0.2588190451025203,1,0,0,400,500.0,483,1,18.0,32.1,0.0,363
2026-07-28T19:00:00+00:00,z2,19,-0.9659258262890684,0.2588190451025203,1,0,0,600,450.0,1157,1,12.0,32.1,0.0,957
2026-07-28T19:00:00+00:00,z3,19,-0.9659258262890684,0.2588190451025203,1,0,0,900,1200.0,0,0,48.0,32.1,0.0,559
2026-07-28T19:00:00+00:00,z4,19,-0.9659258262890684,0.2588190451025203,1,0,0,300,350.0,0,0,20.0,32.1,0.0,244
2026-07-28T20:00:00+00:00,z1,20,-0.8660254037844386,0.5000000000000001,1,0,0,400,500.0,483,1,17.0,31.3,0.0,267
2026-07-28T20:00:00+00:00,z2,20,-0.8660254037844386,0.5000000000000001,1,0,0,600,450.0,1157,1,11.0,31.3,0.0,866
2026-07-28T20:00:00+00:00,z3,20,-0.8660254037844386,0.5000000000000001,1,0,0,900,1200.0,0,0,47.0,31.3,0.0,557
2026-07-28T20:00:00+00:00,z4,20,-0.8660254037844386,0.5000000000000001,1,0,0,300,350.0,0,0,19.0,31.3,0.0,257
2026-07-28T21:00:00+00:00,z1,21,-0.7071067811865477,0.7071067811865474,1,0,0,400,500.0,0,0,16.0,27.8,0.0,101
2026-07-28T21:00:00+00:00,z2,21,-0.7071067811865477,0.7071067811865474,1,0,0,600,450.0,1157,1,10.0,27.8,0.0,514
2026-07-28T21:00:00+00:00,z3,21,-0.7071067811865477,0.7071067811865474,1,0,0,900,1200.0,0,0,46.0,27.8,0.0,494
2026-07-28T21:00:00+00:00,z4,21,-0.7071067811865477,0.7071067811865474,1,0,0,300,350.0,0,0,18.0,27.8,0.0,247
2026-07-28T22:00:00+00:00,z1,22,-0.5000000000000004,0.8660254037844384,1,0,0,400,500.0,0,0,15.0,26.2,18.8,42
2026-07-28T22:00:00+00:00,z2,22,-0.5000000000000004,0.8660254037844384,1,0,0,600,450.0,1157,1,9.0,26.2,18.8,371
2026-07-28T22:00:00+00:00,z3,22,-0.5000000000000004,0.8660254037844384,1,0,0,900,1200.0,0,0,45.0,26.2,18.8,23
2026-07-28T22:00:00+00:00,z4,22,-0.5000000000000004,0.8660254037844384,1,0,0,300,350.0,0,0,17.0,26.2,18.8,18
2026-07-28T23:00:00+00:00,z1,23,-0.25881904510252157,0.9659258262890681,1,0,0,400,500.0,0,0,14.0,25.8,0.0,100
2026-07-28T23:00:00+00:00,z2,23,-0.25881904510252157,0.9659258262890681,1,0,0,600,450.0,0,0,8.0,25.8,0.0,102
2026-07-28T23:00:00+00:00,z3,23,-0.25881904510252157,0.9659258262890681,1,0,0,900,1200.0,0,0,44.0,25.8,0.0,101
2026-07-28T23:00:00+00:00,z4,23,-0.25881904510252157,0.9659258262890681,1,0,0,300,350.0,0,0,16.0,25.8,0.0,21
2026-07-29T00:00:00+00:00,z1,0,0.0,1.0,2,0,0,400,500.0,0,0,13.0,21.5,0.0,23
2026-07-29T00:00:00+00:00,z2,0,0.0,1.0,2,0,0,600,450.0,0,0,7.0,21.5,0.0,72
2026-07-29T00:00:00+00:00,z3,0,0.0,1.0,2,0,0,900,1200.0,0,0,43.0,21.5,0.0,72
2026-07-29T00:00:00+00:00,z4,0,0.0,1.0,2,0,0,300,350.0,0,0,15.0,21.5,0.0,10
2026-07-29T01:00:00+00:00,z1,1,0.25881904510252074,0.9659258262890683,2,0,0,400,500.0,0,0,12.0,19.4,0.0,8
2026-07-29T01:00:00+00:00,z2,1,0.25881904510252074,0.9659258262890683,2,0,0,600,450.0,0,0,6.0,19.4,0.0,18
2026-07-29T01:00:00+00:00,z3,1,0.25881904510252074,0.9659258262890683,2,0,0,900,1200.0,0,0,42.0,19.4,0.0,15
2026-07-29T01:00:00+00:00,z4,1,0.25881904510252074,0.9659258262890683,2,0,0,300,350.0,0,0,14.0,19.4,0.0,0
2026-07-29T02:00:00+00:00,z1,2,0.49999999999999994,0.8660254037844387,2,0,0,400,500.0,0,0,11.0,18.4,0.0,9
2026-07-29T02:00:00+00:00,z2,2,0.49999999999999994,0.8660254037844387,2,0,0,600,450.0,0,0,5.0,18.4,0.0,31
2026-07-29T02:00:00+00:00,z3,2,0.49999999999999994,0.8660254037844387,2,0,0,900,1200.0,0,0,41.0,18.4,0.0,0
2026-07-29T02:00:00+00:00,z4,2,0.49999999999999994,0.8660254037844387,2,0,0,300,350.0,0,0,13.0,18.4,0.0,13
2026-07-29T03:00:00+00:00,z1,3,0.7071067811865476,0.7071067811865476,2,0,0,400,500.0,0,0,10.0,19.5,0.0,38
2026-07-29T03:00:00+00:00,z2,3,0.7071067811865476,0.7071067811865476,2,0,0,600,450.0,0,0,4.0,19.5,0.0,46
2026-07-29T03:00:00+00:00,z3,3,0.7071067811865476,0.7071067811865476,2,0,0,900,1200.0,0,0,40.0,19.5,0.0,64
2026-07-29T03:00:00+00:00,z4,3,0.7071067811865476,0.7071067811865476,2,0,0,300,350.0,0,0,12.0,19.5,0.0,18
2026-07-29T04:00:00+00:00,z1,4,0.8660254037844386,0.5000000000000001,2,0,0,400,500.0,0,0,9.0,19.6,11.8,20
2026-07-29T04:00:00+00:00,z2,4,0.8660254037844386,0.5000000000000001,2,0,0,600,450.0,0,0,3.0,19.6,11.8,9
2026-07-29T04:00:00+00:00,z3,4,0.8660254037844386,0.5000000000000001,2,0,0,900,1200.0,0,0,39.0,19.6,11.8,1
2026-07-29T04:00:00+00:00,z4,4,0.8660254037844386,0.5000000000000001,2,0,0,300,350.0,0,0,11.0,19.6,11.8,0
2026-07-29T05:00:00+00:00,z1,5,0.9659258262890683,0.25881904510252074,2,0,0,400,500.0,0,0,8.0,22.2,22.3,23
2026-07-29T05:00:00+00:00,z2,5,0.9659258262890683,0.25881904510252074,2,0,0,600,450.0,0,0,2.0,22.2,22.3,37
2026-07-29T05:00:00+00:00,z3,5,0.9659258262890683,0.25881904510252074,2,0,0,900,1200.0,0,0,38.0,22.2,22.3,9
2026-07-29T05:00:00+00:00,z4,5,0.9659258262890683,0.25881904510252074,2,0,0,300,350.0,0,0,10.0,22.2,22.3,7
2026-07-29T06:00:00+00:00,z1,6,1.0,6.123233995736766e-17,2,0,0,400,500.0,0,0,7.0,23.9,10.4,2
2026-07-29T06:00:00+00:00,z2,6,1.0,6.123233995736766e-17,2,0,0,600,450.0,0,0,1.0,23.9,10.4,149
2026-07-29T06:00:00+00:00,z3,6,1.0,6.123233995736766e-17,2,0,0,900,1200.0,0,0,37.0,23.9,10.4,70
2026-07-29T06:00:00+00:00,z4,6,1.0,6.123233995736766e-17,2,0,0,300,350.0,0,0,9.0,23.9,10.4,0
2026-07-29T07:00:00+00:00,z1,7,0.9659258262890683,-0.25881904510252063,2,0,0,400,500.0,0,0,6.0,24.5,0.0,25
2026-07-29T07:00:00+00:00,z2,7,0.9659258262890683,-0.25881904510252063,2,0,0,600,450.0,592,1,99.0,24.5,0.0,292
2026-07-29T07:00:00+00:00,z3,7,0.9659258262890683,-0.25881904510252063,2,0,0,900,1200.0,0,0,36.0,24.5,0.0,75
2026-07-29T07:00:00+00:00,z4,7,0.9659258262890683,-0.25881904510252063,2,0,0,300,350.0,0,0,8.0,24.5,0.0,19
2026-07-29T08:00:00+00:00,z1,8,0.8660254037844387,-0.4999999999999998,2,0,0,400,500.0,0,0,5.0,24.6,0.0,18
2026-07-29T08:00:00+00:00,z2,8,0.8660254037844387,-0.4999999999999998,2,0,0,600,450.0,592,1,99.0,24.6,0.0,625
2026-07-29T08:00:00+00:00,z3,8,0.8660254037844387,-0.4999999999999998,2,0,0,900,1200.0,0,0,35.0,24.6,0.0,66
2026-07-29T08:00:00+00:00,z4,8,0.8660254037844387,-0.4999999999999998,2,0,0,300,350.0,0,0,7.0,24.6,0.0,24
2026-07-29T09:00:00+00:00,z1,9,0.7071067811865476,-0.7071067811865475,2,0,0,400,500.0,0,0,4.0,26.3,0.0,205
2026-07-29T09:00:00+00:00,z2,9,0.7071067811865476,-0.7071067811865475,2,0,0,600,450.0,0,0,99.0,26.3,0.0,514
2026-07-29T09:00:00+00:00,z3,9,0.7071067811865476,-0.7071067811865475,2,0,0,900,1200.0,0,0,34.0,26.3,0.0,38
2026-07-29T09:00:00+00:00,z4,9,0.7071067811865476,-0.7071067811865475,2,0,0,300,350.0,0,0,6.0,26.3,0.0,12
2026-07-29T10:00:00+00:00,z1,10,0.49999999999999994,-0.8660254037844387,2,0,0,400,500.0,0,0,3.0,28.9,0.0,229
2026-07-29T10:00:00+00:00,z2,10,0.49999999999999994,-0.8660254037844387,2,0,0,600,450.0,0,0,99.0,28.9,0.0,421
2026-07-29T10:00:00+00:00,z3,10,0.49999999999999994,-0.8660254037844387,2,0,0,900,1200.0,0,0,33.0,28.9,0.0,90
2026-07-29T10:00:00+00:00,z4,10,0.49999999999999994,-0.8660254037844387,2,0,0,300,350.0,0,0,5.0,28.9,0.0,31
2026-07-29T11:00:00+00:00,z1,11,0.258819045102521,-0.9659258262890682,2,0,0,400,500.0,0,0,2.0,31.0,13.0,142
2026-07-29T11:00:00+00:00,z2,11,0.258819045102521,-0.9659258262890682,2,0,0,600,450.0,0,0,99.0,31.0,13.0,179
2026-07-29T11:00:00+00:00,z3,11,0.258819045102521,-0.9659258262890682,2,0,0,900,1200.0,0,0,32.0,31.0,13.0,26
2026-07-29T11:00:00+00:00,z4,11,0.258819045102521,-0.9659258262890682,2,0,0,300,350.0,0,0,4.0,31.0,13.0,0
2026-07-29T12:00:00+00:00,z1,12,1.2246467991473532e-16,-1.0,2,0,0,400,500.0,0,0,1.0,34.0,0.0,347
2026-07-29T12:00:00+00:00,z2,12,1.2246467991473532e-16,-1.0,2,0,0,600,450.0,0,0,99.0,34.0,0.0,187
2026-07-29T12:00:00+00:00,z3,12,1.2246467991473532e-16,-1.0,2,0,0,900,1200.0,0,0,31.0,34.0,0.0,258
2026-07-29T12:00:00+00:00,z4,12,1.2246467991473532e-16,-1.0,2,0,0,300,350.0,0,0,3.0,34.0,0.0,224
2026-07-29T13:00:00+00:00,z1,13,-0.2588190451025208,-0.9659258262890683,2,0,0,400,500.0,717,1,99.0,33.8,0.0,504
2026-07-29T13:00:00+00:00,z2,13,-0.2588190451025208,-0.9659258262890683,2,0,0,600,450.0,0,0,99.0,33.8,0.0,164
2026-07-29T13:00:00+00:00,z3,13,-0.2588190451025208,-0.9659258262890683,2,0,0,900,1200.0,0,0,30.0,33.8,0.0,216
2026-07-29T13:00:00+00:00,z4,13,-0.2588190451025208,-0.9659258262890683,2,0,0,300,350.0,0,0,2.0,33.8,0.0,259
2026-07-29T14:00:00+00:00,z1,14,-0.4999999999999997,-0.8660254037844388,2,0,0,400,500.0,717,1,99.0,34.8,9.9,302
2026-07-29T14:00:00+00:00,z2,14,-0.4999999999999997,-0.8660254037844388,2,0,0,600,450.0,0,0,99.0,34.8,9.9,155
2026-07-29T14:00:00+00:00,z3,14,-0.4999999999999997,-0.8660254037844388,2,0,0,900,1200.0,0,0,29.0,34.8,9.9,134
2026-07-29T14:00:00+00:00,z4,14,-0.4999999999999997,-0.8660254037844388,2,0,0,300,350.0,0,0,1.0,34.8,9.9,252
2026-07-29T15:00:00+00:00,z1,15,-0.7071067811865471,-0.7071067811865479,2,0,0,400,500.0,717,1,99.0,34.5,0.0,498
2026-07-29T15:00:00+00:00,z2,15,-0.7071067811865471,-0.7071067811865479,2,0,0,600,450.0,0,0,99.0,34.5,0.0,227
2026-07-29T15:00:00+00:00,z3,15,-0.7071067811865471,-0.7071067811865479,2,0,0,900,1200.0,0,0,28.0,34.5,0.0,208
2026-07-29T15:00:00+00:00,z4,15,-0.7071067811865471,-0.7071067811865479,2,0,0,300,350.0,1203,1,43.0,34.5,0.0,315
2026-07-29T16:00:00+00:00,z1,16,-0.8660254037844385,-0.5000000000000004,2,0,0,400,500.0,0,0,99.0,36.2,0.0,250
2026-07-29T16:00:00+00:00,z2,16,-0.8660254037844385,-0.5000000000000004,2,0,0,600,450.0,0,0,99.0,36.2,0.0,242
2026-07-29T16:00:00+00:00,z3,16,-0.8660254037844385,-0.5000000000000004,2,0,0,900,1200.0,0,0,27.0,36.2,0.0,232
2026-07-29T16:00:00+00:00,z4,16,-0.8660254037844385,-0.5000000000000004,2,0,0,300,350.0,1203,1,42.0,36.2,0.0,329
2026-07-29T17:00:00+00:00,z1,17,-0.9659258262890683,-0.25881904510252063,2,0,0,400,500.0,0,0,99.0,33.2,0.0,260
2026-07-29T17:00:00+00:00,z2,17,-0.9659258262890683,-0.25881904510252063,2,0,0,600,450.0,0,0,99.0,33.2,0.0,432
2026-07-29T17:00:00+00:00,z3,17,-0.9659258262890683,-0.25881904510252063,2,0,0,900,1200.0,0,0,26.0,33.2,0.0,486
2026-07-29T17:00:00+00:00,z4,17,-0.9659258262890683,-0.25881904510252063,2,0,0,300,350.0,0,0,41.0,33.2,0.0,73
2026-07-29T18:00:00+00:00,z1,18,-1.0,-1.8369701987210297e-16,2,0,0,400,500.0,0,0,99.0,32.0,0.0,228
2026-07-29T18:00:00+00:00,z2,18,-1.0,-1.8369701987210297e-16,2,0,0,600,450.0,0,0,99.0,32.0,0.0,518
2026-07-29T18:00:00+00:00,z3,18,-1.0,-1.8369701987210297e-16,2,0,0,900,1200.0,0,0,25.0,32.0,0.0,482
2026-07-29T18:00:00+00:00,z4,18,-1.0,-1.8369701987210297e-16,2,0,0,300,350.0,0,0,40.0,32.0,0.0,79
2026-07-29T19:00:00+00:00,z1,19,-0.9659258262890684,0.2588190451025203,2,0,0,400,500.0,0,0,99.0,33.8,8.3,119
2026-07-29T19:00:00+00:00,z2,19,-0.9659258262890684,0.2588190451025203,2,0,0,600,450.0,0,0,99.0,33.8,8.3,365
2026-07-29T19:00:00+00:00,z3,19,-0.9659258262890684,0.2588190451025203,2,0,0,900,1200.0,0,0,24.0,33.8,8.3,305
2026-07-29T19:00:00+00:00,z4,19,-0.9659258262890684,0.2588190451025203,2,0,0,300,350.0,0,0,39.0,33.8,8.3,194
2026-07-29T20:00:00+00:00,z1,20,-0.8660254037844386,0.5000000000000001,2,0,0,400,500.0,0,0,99.0,30.9,0.0,117
2026-07-29T20:00:00+00:00,z2,20,-0.8660254037844386,0.5000000000000001,2,0,0,600,450.0,0,0,99.0,30.9,0.0,467
2026-07-29T20:00:00+00:00,z3,20,-0.8660254037844386,0.5000000000000001,2,0,0,900,1200.0,0,0,23.0,30.9,0.0,554
2026-07-29T20:00:00+00:00,z4,20,-0.8660254037844386,0.5000000000000001,2,0,0,300,350.0,0,0,38.0,30.9,0.0,271
2026-07-29T21:00:00+00:00,z1,21,-0.7071067811865477,0.7071067811865474,2,0,0,400,500.0,0,0,99.0,29.5,0.0,98
2026-07-29T21:00:00+00:00,z2,21,-0.7071067811865477,0.7071067811865474,2,0,0,600,450.0,0,0,99.0,29.5,0.0,110
2026-07-29T21:00:00+00:00,z3,21,-0.7071067811865477,0.7071067811865474,2,0,0,900,1200.0,0,0,22.0,29.5,0.0,471
2026-07-29T21:00:00+00:00,z4,21,-0.7071067811865477,0.7071067811865474,2,0,0,300,350.0,0,0,37.0,29.5,0.0,233
2026-07-29T22:00:00+00:00,z1,22,-0.5000000000000004,0.8660254037844384,2,0,0,400,500.0,0,0,99.0,26.4,0.0,112
2026-07-29T22:00:00+00:00,z2,22,-0.5000000000000004,0.8660254037844384,2,0,0,600,450.0,0,0,99.0,26.4,0.0,89
2026-07-29T22:00:00+00:00,z3,22,-0.5000000000000004,0.8660254037844384,2,0,0,900,1200.0,0,0,21.0,26.4,0.0,109
2026-07-29T22:00:00+00:00,z4,22,-0.5000000000000004,0.8660254037844384,2,0,0,300,350.0,0,0,36.0,26.4,0.0,9
2026-07-29T23:00:00+00:00,z1,23,-0.25881904510252157,0.9659258262890681,2,0,0,400,500.0,0,0,99.0,25.9,0.0,99
2026-07-29T23:00:00+00:00,z2,23,-0.25881904510252157,0.9659258262890681,2,0,0,600,450.0,0,0,99.0,25.9,0.0,73
2026-07-29T23:00:00+00:00,z3,23,-0.25881904510252157,0.9659258262890681,2,0,0,900,1200.0,0,0,20.0,25.9,0.0,72
2026-07-29T23:00:00+00:00,z4,23,-0.25881904510252157,0.9659258262890681,2,0,0,300,350.0,0,0,35.0,25.9,0.0,2
2026-07-30T00:00:00+00:00,z1,0,0.0,1.0,3,0,0,400,500.0,0,0,99.0,20.9,0.0,14
2026-07-30T00:00:00+00:00,z2,0,0.0,1.0,3,0,0,600,450.0,0,0,99.0,20.9,0.0,64
2026-07-30T00:00:00+00:00,z3,0,0.0,1.0,3,0,0,900,1200.0,0,0,19.0,20.9,0.0,91
2026-07-30T00:00:00+00:00,z4,0,0.0,1.0,3,0,0,300,350.0,0,0,34.0,20.9,0.0,21
2026-07-30T01:00:00+00:00,z1,1,0.25881904510252074,0.9659258262890683,3,0,0,400,500.0,0,0,99.0,20.8,0.0,0
2026-07-30T01:00:00+00:00,z2,1,0.25881904510252074,0.9659258262890683,3,0,0,600,450.0,0,0,99.0,20.8,0.0,37
2026-07-30T01:00:00+00:00,z3,1,0.25881904510252074,0.9659258262890683,3,0,0,900,1200.0,0,0,18.0,20.8,0.0,109
2026-07-30T01:00:00+00:00,z4,1,0.25881904510252074,0.9659258262890683,3,0,0,300,350.0,0,0,33.0,20.8,0.0,9
2026-07-30T02:00:00+00:00,z1,2,0.49999999999999994,0.8660254037844387,3,0,0,400,500.0,0,0,99.0,22.1,0.0,5
2026-07-30T02:00:00+00:00,z2,2,0.49999999999999994,0.8660254037844387,3,0,0,600,450.0,0,0,99.0,22.1,0.0,69
2026-07-30T02:00:00+00:00,z3,2,0.49999999999999994,0.8660254037844387,3,0,0,900,1200.0,0,0,17.0,22.1,0.0,0
2026-07-30T02:00:00+00:00,z4,2,0.49999999999999994,0.8660254037844387,3,0,0,300,350.0,0,0,32.0,22.1,0.0,9
2026-07-30T03:00:00+00:00,z1,3,0.7071067811865476,0.7071067811865476,3,0,0,400,500.0,0,0,99.0,20.4,0.0,20
2026-07-30T03:00:00+00:00,z2,3,0.7071067811865476,0.7071067811865476,3,0,0,600,450.0,0,0,99.0,20.4,0.0,44
2026-07-30T03:00:00+00:00,z3,3,0.7071067811865476,0.7071067811865476,3,0,0,900,1200.0,0,0,16.0,20.4,0.0,36
2026-07-30T03:00:00+00:00,z4,3,0.7071067811865476,0.7071067811865476,3,0,0,300,350.0,0,0,31.0,20.4,0.0,3
2026-07-30T04:00:00+00:00,z1,4,0.8660254037844386,0.5000000000000001,3,0,0,400,500.0,0,0,99.0,21.4,0.0,0
2026-07-30T04:00:00+00:00,z2,4,0.8660254037844386,0.5000000000000001,3,0,0,600,450.0,0,0,99.0,21.4,0.0,15
2026-07-30T04:00:00+00:00,z3,4,0.8660254037844386,0.5000000000000001,3,0,0,900,1200.0,0,0,15.0,21.4,0.0,17
2026-07-30T04:00:00+00:00,z4,4,0.8660254037844386,0.5000000000000001,3,0,0,300,350.0,0,0,30.0,21.4,0.0,13
2026-07-30T05:00:00+00:00,z1,5,0.9659258262890683,0.25881904510252074,3,0,0,400,500.0,0,0,99.0,19.3,0.0,7
2026-07-30T05:00:00+00:00,z2,5,0.9659258262890683,0.25881904510252074,3,0,0,600,450.0,0,0,99.0,19.3,0.0,0
2026-07-30T05:00:00+00:00,z3,5,0.9659258262890683,0.25881904510252074,3,0,0,900,1200.0,0,0,14.0,19.3,0.0,77
2026-07-30T05:00:00+00:00,z4,5,0.9659258262890683,0.25881904510252074,3,0,0,300,350.0,0,0,29.0,19.3,0.0,8
2026-07-30T06:00:00+00:00,z1,6,1.0,6.123233995736766e-17,3,0,0,400,500.0,0,0,99.0,21.5,0.0,5
2026-07-30T06:00:00+00:00,z2,6,1.0,6.123233995736766e-17,3,0,0,600,450.0,0,0,99.0,21.5,0.0,87
2026-07-30T06:00:00+00:00,z3,6,1.0,6.123233995736766e-17,3,0,0,900,1200.0,0,0,13.0,21.5,0.0,74
2026-07-30T06:00:00+00:00,z4,6,1.0,6.123233995736766e-17,3,0,0,300,350.0,0,0,28.0,21.5,0.0,0
2026-07-30T07:00:00+00:00,z1,7,0.9659258262890683,-0.25881904510252063,3,0,0,400,500.0,0,0,99.0,25.4,0.0,24
2026-07-30T07:00:00+00:00,z2,7,0.9659258262890683,-0.25881904510252063,3,0,0,600,450.0,0,0,99.0,25.4,0.0,71
2026-07-30T07:00:00+00:00,z3,7,0.9659258262890683,-0.25881904510252063,3,0,0,900,1200.0,0,0,12.0,25.4,0.0,118
2026-07-30T07:00:00+00:00,z4,7,0.9659258262890683,-0.25881904510252063,3,0,0,300,350.0,0,0,27.0,25.4,0.0,20
2026-07-30T08:00:00+00:00,z1,8,0.8660254037844387,-0.4999999999999998,3,0,0,400,500.0,0,0,99.0,26.6,0.0,15
2026-07-30T08:00:00+00:00,z2,8,0.8660254037844387,-0.4999999999999998,3,0,0,600,450.0,0,0,99.0,26.6,0.0,407
2026-07-30T08:00:00+00:00,z3,8,0.8660254037844387,-0.4999999999999998,3,0,0,900,1200.0,0,0,11.0,26.6,0.0,69
2026-07-30T08:00:00+00:00,z4,8,0.8660254037844387,-0.4999999999999998,3,0,0,300,350.0,0,0,26.0,26.6,0.0,21
2026-07-30T09:00:00+00:00,z1,9,0.7071067811865476,-0.7071067811865475,3,0,0,400,500.0,0,0,99.0,27.0,9.3,110
2026-07-30T09:00:00+00:00,z2,9,0.7071067811865476,-0.7071067811865475,3,0,0,600,450.0,0,0,99.0,27.0,9.3,379
2026-07-30T09:00:00+00:00,z3,9,0.7071067811865476,-0.7071067811865475,3,0,0,900,1200.0,0,0,10.0,27.0,9.3,41
2026-07-30T09:00:00+00:00,z4,9,0.7071067811865476,-0.7071067811865475,3,0,0,300,350.0,0,0,25.0,27.0,9.3,6
2026-07-30T10:00:00+00:00,z1,10,0.49999999999999994,-0.8660254037844387,3,0,0,400,500.0,0,0,99.0,28.6,0.0,214
2026-07-30T10:00:00+00:00,z2,10,0.49999999999999994,-0.8660254037844387,3,0,0,600,450.0,0,0,99.0,28.6,0.0,382
2026-07-30T10:00:00+00:00,z3,10,0.49999999999999994,-0.8660254037844387,3,0,0,900,1200.0,0,0,9.0,28.6,0.0,98
2026-07-30T10:00:00+00:00,z4,10,0.49999999999999994,-0.8660254037844387,3,0,0,300,350.0,0,0,24.0,28.6,0.0,18
2026-07-30T11:00:00+00:00,z1,11,0.258819045102521,-0.9659258262890682,3,0,0,400,500.0,0,0,99.0,30.7,0.0,226
2026-07-30T11:00:00+00:00,z2,11,0.258819045102521,-0.9659258262890682,3,0,0,600,450.0,0,0,99.0,30.7,0.0,216
2026-07-30T11:00:00+00:00,z3,11,0.258819045102521,-0.9659258262890682,3,0,0,900,1200.0,0,0,8.0,30.7,0.0,74
2026-07-30T11:00:00+00:00,z4,11,0.258819045102521,-0.9659258262890682,3,0,0,300,350.0,0,0,23.0,30.7,0.0,6
2026-07-30T12:00:00+00:00,z1,12,1.2246467991473532e-16,-1.0,3,0,0,400,500.0,0,0,99.0,32.9,0.0,259
2026-07-30T12:00:00+00:00,z2,12,1.2246467991473532e-16,-1.0,3,0,0,600,450.0,0,0,99.0,32.9,0.0,210
2026-07-30T12:00:00+00:00,z3,12,1.2246467991473532e-16,-1.0,3,0,0,900,1200.0,0,0,7.0,32.9,0.0,239
2026-07-30T12:00:00+00:00,z4,12,1.2246467991473532e-16,-1.0,3,0,0,300,350.0,0,0,22.0,32.9,0.0,221
2026-07-30T13:00:00+00:00,z1,13,-0.2588190451025208,-0.9659258262890683,3,0,0,400,500.0,0,0,99.0,33.6,0.0,262
2026-07-30T13:00:00+00:00,z2,13,-0.2588190451025208,-0.9659258262890683,3,0,0,600,450.0,0,0,99.0,33.6,0.0,231
2026-07-30T13:00:00+00:00,z3,13,-0.2588190451025208,-0.9659258262890683,3,0,0,900,1200.0,0,0,6.0,33.6,0.0,231
2026-07-30T13:00:00+00:00,z4,13,-0.2588190451025208,-0.9659258262890683,3,0,0,300,350.0,0,0,21.0,33.6,0.0,238
2026-07-30T14:00:00+00:00,z1,14,-0.4999999999999997,-0.8660254037844388,3,0,0,400,500.0,0,0,99.0,35.7,0.0,255
2026-07-30T14:00:00+00:00,z2,14,-0.4999999999999997,-0.8660254037844388,3,0,0,600,450.0,0,0,99.0,35.7,0.0,238
2026-07-30T14:00:00+00:00,z3,14,-0.4999999999999997,-0.8660254037844388,3,0,0,900,1200.0,0,0,5.0,35.7,0.0,188
2026-07-30T14:00:00+00:00,z4,14,-0.4999999999999997,-0.8660254037844388,3,0,0,300,350.0,0,0,20.0,35.7,0.0,220
2026-07-30T15:00:00+00:00,z1,15,-0.7071067811865471,-0.7071067811865479,3,0,0,400,500.0,0,0,99.0,34.0,0.0,252
2026-07-30T15:00:00+00:00,z2,15,-0.7071067811865471,-0.7071067811865479,3,0,0,600,450.0,0,0,99.0,34.0,0.0,217
2026-07-30T15:00:00+00:00,z3,15,-0.7071067811865471,-0.7071067811865479,3,0,0,900,1200.0,0,0,4.0,34.0,0.0,150
2026-07-30T15:00:00+00:00,z4,15,-0.7071067811865471,-0.7071067811865479,3,0,0,300,350.0,0,0,19.0,34.0,0.0,75
2026-07-30T16:00:00+00:00,z1,16,-0.8660254037844385,-0.5000000000000004,3,0,0,400,500.0,0,0,99.0,35.6,0.0,250
2026-07-30T16:00:00+00:00,z2,16,-0.8660254037844385,-0.5000000000000004,3,0,0,600,450.0,0,0,99.0,35.6,0.0,236
2026-07-30T16:00:00+00:00,z3,16,-0.8660254037844385,-0.5000000000000004,3,0,0,900,1200.0,0,0,3.0,35.6,0.0,264
2026-07-30T16:00:00+00:00,z4,16,-0.8660254037844385,-0.5000000000000004,3,0,0,300,350.0,0,0,18.0,35.6,0.0,74
2026-07-30T17:00:00+00:00,z1,17,-0.9659258262890683,-0.25881904510252063,3,0,0,400,500.0,0,0,99.0,33.5,0.0,248
2026-07-30T17:00:00+00:00,z2,17,-0.9659258262890683,-0.25881904510252063,3,0,0,600,450.0,0,0,99.0,33.5,0.0,447
2026-07-30T17:00:00+00:00,z3,17,-0.9659258262890683,-0.25881904510252063,3,0,0,900,1200.0,0,0,2.0,33.5,0.0,479
2026-07-30T17:00:00+00:00,z4,17,-0.9659258262890683,-0.25881904510252063,3,0,0,300,350.0,0,0,17.0,33.5,0.0,79
2026-07-30T18:00:00+00:00,z1,18,-1.0,-1.8369701987210297e-16,3,0,0,400,500.0,0,0,99.0,33.4,0.0,225
2026-07-30T18:00:00+00:00,z2,18,-1.0,-1.8369701987210297e-16,3,0,0,600,450.0,0,0,99.0,33.4,0.0,553
2026-07-30T18:00:00+00:00,z3,18,-1.0,-1.8369701987210297e-16,3,0,0,900,1200.0,0,0,1.0,33.4,0.0,642
2026-07-30T18:00:00+00:00,z4,18,-1.0,-1.8369701987210297e-16,3,0,0,300,350.0,0,0,16.0,33.4,0.0,78
2026-07-30T19:00:00+00:00,z1,19,-0.9659258262890684,0.2588190451025203,3,0,0,400,500.0,0,0,99.0,33.6,0.0,204
2026-07-30T19:00:00+00:00,z2,19,-0.9659258262890684,0.2588190451025203,3,0,0,600,450.0,0,0,99.0,33.6,0.0,510
2026-07-30T19:00:00+00:00,z3,19,-0.9659258262890684,0.2588190451025203,3,0,0,900,1200.0,857,1,28.0,33.6,0.0,886
2026-07-30T19:00:00+00:00,z4,19,-0.9659258262890684,0.2588190451025203,3,0,0,300,350.0,0,0,15.0,33.6,0.0,227
2026-07-30T20:00:00+00:00,z1,20,-0.8660254037844386,0.5000000000000001,3,0,0,400,500.0,0,0,99.0,30.3,0.0,79
2026-07-30T20:00:00+00:00,z2,20,-0.8660254037844386,0.5000000000000001,3,0,0,600,450.0,0,0,99.0,30.3,0.0,457
2026-07-30T20:00:00+00:00,z3,20,-0.8660254037844386,0.5000000000000001,3,0,0,900,1200.0,857,1,27.0,30.3,0.0,848
2026-07-30T20:00:00+00:00,z4,20,-0.8660254037844386,0.5000000000000001,3,0,0,300,350.0,0,0,14.0,30.3,0.0,272
2026-07-30T21:00:00+00:00,z1,21,-0.7071067811865477,0.7071067811865474,3,0,0,400,500.0,0,0,99.0,27.6,0.0,100
2026-07-30T21:00:00+00:00,z2,21,-0.7071067811865477,0.7071067811865474,3,0,0,600,450.0,0,0,99.0,27.6,0.0,72
2026-07-30T21:00:00+00:00,z3,21,-0.7071067811865477,0.7071067811865474,3,0,0,900,1200.0,857,1,26.0,27.6,0.0,794
2026-07-30T21:00:00+00:00,z4,21,-0.7071067811865477,0.7071067811865474,3,0,0,300,350.0,0,0,13.0,27.6,0.0,229
2026-07-30T22:00:00+00:00,z1,22,-0.5000000000000004,0.8660254037844384,3,0,0,400,500.0,0,0,99.0,25.7,3.3,72
2026-07-30T22:00:00+00:00,z2,22,-0.5000000000000004,0.8660254037844384,3,0,0,600,450.0,0,0,99.0,25.7,3.3,43
2026-07-30T22:00:00+00:00,z3,22,-0.5000000000000004,0.8660254037844384,3,0,0,900,1200.0,857,1,25.0,25.7,3.3,199
2026-07-30T22:00:00+00:00,z4,22,-0.5000000000000004,0.8660254037844384,3,0,0,300,350.0,0,0,12.0,25.7,3.3,2
2026-07-30T23:00:00+00:00,z1,23,-0.25881904510252157,0.9659258262890681,3,0,0,400,500.0,0,0,99.0,24.6,0.0,107
2026-07-30T23:00:00+00:00,z2,23,-0.25881904510252157,0.9659258262890681,3,0,0,600,450.0,0,0,99.0,24.6,0.0,84
2026-07-30T23:00:00+00:00,z3,23,-0.25881904510252157,0.9659258262890681,3,0,0,900,1200.0,857,1,24.0,24.6,0.0,358
2026-07-30T23:00:00+00:00,z4,23,-0.25881904510252157,0.9659258262890681,3,0,0,300,350.0,0,0,11.0,24.6,0.0,23
2026-07-31T00:00:00+00:00,z1,0,0.0,1.0,4,0,0,400,500.0,0,0,99.0,21.2,0.0,20
2026-07-31T00:00:00+00:00,z2,0,0.0,1.0,4,0,0,600,450.0,0,0,99.0,21.2,0.0,99
2026-07-31T00:00:00+00:00,z3,0,0.0,1.0,4,0,0,900,1200.0,0,0,23.0,21.2,0.0,46
2026-07-31T00:00:00+00:00,z4,0,0.0,1.0,4,0,0,300,350.0,0,0,10.0,21.2,0.0,2
2026-07-31T01:00:00+00:00,z1,1,0.25881904510252074,0.9659258262890683,4,0,0,400,500.0,0,0,99.0,20.2,14.4,9
2026-07-31T01:00:00+00:00,z2,1,0.25881904510252074,0.9659258262890683,4,0,0,600,450.0,0,0,99.0,20.2,14.4,12
2026-07-31T01:00:00+00:00,z3,1,0.25881904510252074,0.9659258262890683,4,0,0,900,1200.0,0,0,22.0,20.2,14.4,28
2026-07-31T01:00:00+00:00,z4,1,0.25881904510252074,0.9659258262890683,4,0,0,300,350.0,0,0,9.0,20.2,14.4,7
2026-07-31T02:00:00+00:00,z1,2,0.49999999999999994,0.8660254037844387,4,0,0,400,500.0,0,0,99.0,19.1,0.0,18
2026-07-31T02:00:00+00:00,z2,2,0.49999999999999994,0.8660254037844387,4,0,0,600,450.0,0,0,99.0,19.1,0.0,0
2026-07-31T02:00:00+00:00,z3,2,0.49999999999999994,0.8660254037844387,4,0,0,900,1200.0,0,0,21.0,19.1,0.0,94
2026-07-31T02:00:00+00:00,z4,2,0.49999999999999994,0.8660254037844387,4,0,0,300,350.0,0,0,8.0,19.1,0.0,8
2026-07-31T03:00:00+00:00,z1,3,0.7071067811865476,0.7071067811865476,4,0,0,400,500.0,0,0,99.0,18.6,0.0,21
2026-07-31T03:00:00+00:00,z2,3,0.7071067811865476,0.7071067811865476,4,0,0,600,450.0,0,0,99.0,18.6,0.0,4
2026-07-31T03:00:00+00:00,z3,3,0.7071067811865476,0.7071067811865476,4,0,0,900,1200.0,0,0,20.0,18.6,0.0,34
2026-07-31T03:00:00+00:00,z4,3,0.7071067811865476,0.7071067811865476,4,0,0,300,350.0,0,0,7.0,18.6,0.0,0
2026-07-31T04:00:00+00:00,z1,4,0.8660254037844386,0.5000000000000001,4,0,0,400,500.0,0,0,99.0,22.2,0.0,14
2026-07-31T04:00:00+00:00,z2,4,0.8660254037844386,0.5000000000000001,4,0,0,600,450.0,0,0,99.0,22.2,0.0,19
2026-07-31T04:00:00+00:00,z3,4,0.8660254037844386,0.5000000000000001,4,0,0,900,1200.0,0,0,19.0,22.2,0.0,31
2026-07-31T04:00:00+00:00,z4,4,0.8660254037844386,0.5000000000000001,4,0,0,300,350.0,0,0,6.0,22.2,0.0,21
2026-07-31T05:00:00+00:00,z1,5,0.9659258262890683,0.25881904510252074,4,0,0,400,500.0,0,0,99.0,22.3,0.0,3
2026-07-31T05:00:00+00:00,z2,5,0.9659258262890683,0.25881904510252074,4,0,0,600,450.0,0,0,99.0,22.3,0.0,17
2026-07-31T05:00:00+00:00,z3,5,0.9659258262890683,0.25881904510252074,4,0,0,900,1200.0,0,0,18.0,22.3,0.0,42
2026-07-31T05:00:00+00:00,z4,5,0.9659258262890683,0.25881904510252074,4,0,0,300,350.0,0,0,5.0,22.3,0.0,33
2026-07-31T06:00:00+00:00,z1,6,1.0,6.123233995736766e-17,4,0,0,400,500.0,0,0,99.0,20.9,0.0,18
2026-07-31T06:00:00+00:00,z2,6,1.0,6.123233995736766e-17,4,0,0,600,450.0,0,0,99.0,20.9,0.0,101
2026-07-31T06:00:00+00:00,z3,6,1.0,6.123233995736766e-17,4,0,0,900,1200.0,0,0,17.0,20.9,0.0,69
2026-07-31T06:00:00+00:00,z4,6,1.0,6.123233995736766e-17,4,0,0,300,350.0,0,0,4.0,20.9,0.0,32
2026-07-31T07:00:00+00:00,z1,7,0.9659258262890683,-0.25881904510252063,4,0,0,400,500.0,0,0,99.0,22.3,0.0,0
2026-07-31T07:00:00+00:00,z2,7,0.9659258262890683,-0.25881904510252063,4,0,0,600,450.0,0,0,99.0,22.3,0.0,92
2026-07-31T07:00:00+00:00,z3,7,0.9659258262890683,-0.25881904510252063,4,0,0,900,1200.0,0,0,16.0,22.3,0.0,28
2026-07-31T07:00:00+00:00,z4,7,0.9659258262890683,-0.25881904510252063,4,0,0,300,350.0,0,0,3.0,22.3,0.0,0
2026-07-31T08:00:00+00:00,z1,8,0.8660254037844387,-0.4999999999999998,4,0,0,400,500.0,0,0,99.0,25.8,0.0,24
2026-07-31T08:00:00+00:00,z2,8,0.8660254037844387,-0.4999999999999998,4,0,0,600,450.0,0,0,99.0,25.8,0.0,423
2026-07-31T08:00:00+00:00,z3,8,0.8660254037844387,-0.4999999999999998,4,0,0,900,1200.0,0,0,15.0,25.8,0.0,64
2026-07-31T08:00:00+00:00,z4,8,0.8660254037844387,-0.4999999999999998,4,0,0,300,350.0,0,0,2.0,25.8,0.0,14
2026-07-31T09:00:00+00:00,z1,9,0.7071067811865476,-0.7071067811865475,4,0,0,400,500.0,0,0,99.0,29.9,24.1,147
2026-07-31T09:00:00+00:00,z2,9,0.7071067811865476,-0.7071067811865475,4,0,0,600,450.0,0,0,98.0,29.9,24.1,378
2026-07-31T09:00:00+00:00,z3,9,0.7071067811865476,-0.7071067811865475,4,0,0,900,1200.0,0,0,14.0,29.9,24.1,53
2026-07-31T09:00:00+00:00,z4,9,0.7071067811865476,-0.7071067811865475,4,0,0,300,350.0,0,0,1.0,29.9,24.1,80
2026-07-31T10:00:00+00:00,z1,10,0.49999999999999994,-0.8660254037844387,4,0,0,400,500.0,0,0,99.0,31.1,11.4,124
2026-07-31T10:00:00+00:00,z2,10,0.49999999999999994,-0.8660254037844387,4,0,0,600,450.0,0,0,97.0,31.1,11.4,311
2026-07-31T10:00:00+00:00,z3,10,0.49999999999999994,-0.8660254037844387,4,0,0,900,1200.0,0,0,13.0,31.1,11.4,29
2026-07-31T10:00:00+00:00,z4,10,0.49999999999999994,-0.8660254037844387,4,0,0,300,350.0,1058,1,11.0,31.1,11.4,208
2026-07-31T11:00:00+00:00,z1,11,0.258819045102521,-0.9659258262890682,4,0,0,400,500.0,0,0,99.0,33.7,0.0,249
2026-07-31T11:00:00+00:00,z2,11,0.258819045102521,-0.9659258262890682,4,0,0,600,450.0,0,0,96.0,33.7,0.0,216
2026-07-31T11:00:00+00:00,z3,11,0.258819045102521,-0.9659258262890682,4,0,0,900,1200.0,0,0,12.0,33.7,0.0,10
2026-07-31T11:00:00+00:00,z4,11,0.258819045102521,-0.9659258262890682,4,0,0,300,350.0,1058,1,10.0,33.7,0.0,252
2026-07-31T12:00:00+00:00,z1,12,1.2246467991473532e-16,-1.0,4,0,0,400,500.0,0,0,99.0,34.5,0.0,281
2026-07-31T12:00:00+00:00,z2,12,1.2246467991473532e-16,-1.0,4,0,0,600,450.0,0,0,95.0,34.5,0.0,184
2026-07-31T12:00:00+00:00,z3,12,1.2246467991473532e-16,-1.0,4,0,0,900,1200.0,0,0,11.0,34.5,0.0,227
2026-07-31T12:00:00+00:00,z4,12,1.2246467991473532e-16,-1.0,4,0,0,300,350.0,1058,1,9.0,34.5,0.0,478
2026-07-31T13:00:00+00:00,z1,13,-0.2588190451025208,-0.9659258262890683,4,0,0,400,500.0,0,0,99.0,34.5,0.0,260
2026-07-31T13:00:00+00:00,z2,13,-0.2588190451025208,-0.9659258262890683,4,0,0,600,450.0,0,0,94.0,34.5,0.0,167
2026-07-31T13:00:00+00:00,z3,13,-0.2588190451025208,-0.9659258262890683,4,0,0,900,1200.0,0,0,10.0,34.5,0.0,189
2026-07-31T13:00:00+00:00,z4,13,-0.2588190451025208,-0.9659258262890683,4,0,0,300,350.0,1058,1,8.0,34.5,0.0,501
2026-07-31T14:00:00+00:00,z1,14,-0.4999999999999997,-0.8660254037844388,4,0,0,400,500.0,0,0,99.0,37.1,0.0,250
2026-07-31T14:00:00+00:00,z2,14,-0.4999999999999997,-0.8660254037844388,4,0,0,600,450.0,0,0,93.0,37.1,0.0,217
2026-07-31T14:00:00+00:00,z3,14,-0.4999999999999997,-0.8660254037844388,4,0,0,900,1200.0,0,0,9.0,37.1,0.0,188
2026-07-31T14:00:00+00:00,z4,14,-0.4999999999999997,-0.8660254037844388,4,0,0,300,350.0,0,0,7.0,37.1,0.0,223
2026-07-31T15:00:00+00:00,z1,15,-0.7071067811865471,-0.7071067811865479,4,0,0,400,500.0,0,0,99.0,34.1,8.0,142
2026-07-31T15:00:00+00:00,z2,15,-0.7071067811865471,-0.7071067811865479,4,0,0,600,450.0,0,0,92.0,34.1,8.0,183
2026-07-31T15:00:00+00:00,z3,15,-0.7071067811865471,-0.7071067811865479,4,0,0,900,1200.0,0,0,8.0,34.1,8.0,110
2026-07-31T15:00:00+00:00,z4,15,-0.7071067811865471,-0.7071067811865479,4,0,0,300,350.0,0,0,6.0,34.1,8.0,64
2026-07-31T16:00:00+00:00,z1,16,-0.8660254037844385,-0.5000000000000004,4,0,0,400,500.0,0,0,99.0,36.3,0.0,241
2026-07-31T16:00:00+00:00,z2,16,-0.8660254037844385,-0.5000000000000004,4,0,0,600,450.0,0,0,91.0,36.3,0.0,175
2026-07-31T16:00:00+00:00,z3,16,-0.8660254037844385,-0.5000000000000004,4,0,0,900,1200.0,0,0,7.0,36.3,0.0,221
2026-07-31T16:00:00+00:00,z4,16,-0.8660254037844385,-0.5000000000000004,4,0,0,300,350.0,0,0,5.0,36.3,0.0,77
2026-07-31T17:00:00+00:00,z1,17,-0.9659258262890683,-0.25881904510252063,4,0,0,400,500.0,0,0,99.0,33.9,8.4,131
2026-07-31T17:00:00+00:00,z2,17,-0.9659258262890683,-0.25881904510252063,4,0,0,600,450.0,0,0,90.0,33.9,8.4,362
2026-07-31T17:00:00+00:00,z3,17,-0.9659258262890683,-0.25881904510252063,4,0,0,900,1200.0,0,0,6.0,33.9,8.4,266
2026-07-31T17:00:00+00:00,z4,17,-0.9659258262890683,-0.25881904510252063,4,0,0,300,350.0,0,0,4.0,33.9,8.4,62
2026-07-31T18:00:00+00:00,z1,18,-1.0,-1.8369701987210297e-16,4,0,0,400,500.0,0,0,99.0,31.9,0.0,205
2026-07-31T18:00:00+00:00,z2,18,-1.0,-1.8369701987210297e-16,4,0,0,600,450.0,0,0,89.0,31.9,0.0,543
2026-07-31T18:00:00+00:00,z3,18,-1.0,-1.8369701987210297e-16,4,0,0,900,1200.0,0,0,5.0,31.9,0.0,564
2026-07-31T18:00:00+00:00,z4,18,-1.0,-1.8369701987210297e-16,4,0,0,300,350.0,0,0,3.0,31.9,0.0,70
2026-07-31T19:00:00+00:00,z1,19,-0.9659258262890684,0.2588190451025203,4,0,0,400,500.0,0,0,99.0,32.3,0.0,177
2026-07-31T19:00:00+00:00,z2,19,-0.9659258262890684,0.2588190451025203,4,0,0,600,450.0,0,0,88.0,32.3,0.0,554
2026-07-31T19:00:00+00:00,z3,19,-0.9659258262890684,0.2588190451025203,4,0,0,900,1200.0,0,0,4.0,32.3,0.0,552
2026-07-31T19:00:00+00:00,z4,19,-0.9659258262890684,0.2588190451025203,4,0,0,300,350.0,0,0,2.0,32.3,0.0,235
2026-07-31T20:00:00+00:00,z1,20,-0.8660254037844386,0.5000000000000001,4,0,0,400,500.0,0,0,99.0,30.6,0.0,104
2026-07-31T20:00:00+00:00,z2,20,-0.8660254037844386,0.5000000000000001,4,0,0,600,450.0,0,0,87.0,30.6,0.0,428
2026-07-31T20:00:00+00:00,z3,20,-0.8660254037844386,0.5000000000000001,4,0,0,900,1200.0,0,0,3.0,30.6,0.0,518
2026-07-31T20:00:00+00:00,z4,20,-0.8660254037844386,0.5000000000000001,4,0,0,300,350.0,0,0,1.0,30.6,0.0,351
2026-07-31T21:00:00+00:00,z1,21,-0.7071067811865477,0.7071067811865474,4,0,0,400,500.0,0,0,99.0,28.8,13.8,64
2026-07-31T21:00:00+00:00,z2,21,-0.7071067811865477,0.7071067811865474,4,0,0,600,450.0,0,0,86.0,28.8,13.8,58
2026-07-31T21:00:00+00:00,z3,21,-0.7071067811865477,0.7071067811865474,4,0,0,900,1200.0,0,0,2.0,28.8,13.8,351
2026-07-31T21:00:00+00:00,z4,21,-0.7071067811865477,0.7071067811865474,4,0,0,300,350.0,1156,1,99.0,28.8,13.8,351
2026-07-31T22:00:00+00:00,z1,22,-0.5000000000000004,0.8660254037844384,4,0,0,400,500.0,0,0,99.0,26.2,0.0,89
2026-07-31T22:00:00+00:00,z2,22,-0.5000000000000004,0.8660254037844384,4,0,0,600,450.0,0,0,85.0,26.2,0.0,80
2026-07-31T22:00:00+00:00,z3,22,-0.5000000000000004,0.8660254037844384,4,0,0,900,1200.0,0,0,1.0,26.2,0.0,179
2026-07-31T22:00:00+00:00,z4,22,-0.5000000000000004,0.8660254037844384,4,0,0,300,350.0,1156,1,99.0,26.2,0.0,251
2026-07-31T23:00:00+00:00,z1,23,-0.25881904510252157,0.9659258262890681,4,0,0,400,500.0,0,0,99.0,22.7,9.4,62
2026-07-31T23:00:00+00:00,z2,23,-0.25881904510252157,0.9659258262890681,4,0,0,600,450.0,0,0,84.0,22.7,9.4,50
2026-07-31T23:00:00+00:00,z3,23,-0.25881904510252157,0.9659258262890681,4,0,0,900,1200.0,772,1,2.0,22.7,9.4,151
2026-07-31T23:00:00+00:00,z4,23,-0.25881904510252157,0.9659258262890681,4,0,0,300,350.0,1156,1,99.0,22.7,9.4,175
2026-08-01T00:00:00+00:00,z1,0,0.0,1.0,5,1,0,400,500.0,0,0,98.0,23.9,0.0,0
2026-08-01T00:00:00+00:00,z2,0,0.0,1.0,5,1,0,600,450.0,0,0,83.0,23.9,0.0,81
2026-08-01T00:00:00+00:00,z3,0,0.0,1.0,5,1,0,900,1200.0,772,1,1.0,23.9,0.0,545
2026-08-01T00:00:00+00:00,z4,0,0.0,1.0,5,1,0,300,350.0,1156,1,99.0,23.9,0.0,249
2026-08-01T01:00:00+00:00,z1,1,0.25881904510252074,0.9659258262890683,5,1,0,400,500.0,0,0,97.0,19.7,0.0,28
2026-08-01T01:00:00+00:00,z2,1,0.25881904510252074,0.9659258262890683,5,1,0,600,450.0,0,0,82.0,19.7,0.0,51
2026-08-01T01:00:00+00:00,z3,1,0.25881904510252074,0.9659258262890683,5,1,0,900,1200.0,1118,2,56.0,19.7,0.0,410
2026-08-01T01:00:00+00:00,z4,1,0.25881904510252074,0.9659258262890683,5,1,0,300,350.0,1156,1,99.0,19.7,0.0,232
2026-08-01T02:00:00+00:00,z1,2,0.49999999999999994,0.8660254037844387,5,1,0,400,500.0,0,0,96.0,20.4,0.0,7
2026-08-01T02:00:00+00:00,z2,2,0.49999999999999994,0.8660254037844387,5,1,0,600,450.0,0,0,81.0,20.4,0.0,15
2026-08-01T02:00:00+00:00,z3,2,0.49999999999999994,0.8660254037844387,5,1,0,900,1200.0,1118,2,55.0,20.4,0.0,397
2026-08-01T02:00:00+00:00,z4,2,0.49999999999999994,0.8660254037844387,5,1,0,300,350.0,0,0,99.0,20.4,0.0,1
2026-08-01T03:00:00+00:00,z1,3,0.7071067811865476,0.7071067811865476,5,1,0,400,500.0,0,0,95.0,21.0,0.0,11
2026-08-01T03:00:00+00:00,z2,3,0.7071067811865476,0.7071067811865476,5,1,0,600,450.0,0,0,80.0,21.0,0.0,20
2026-08-01T03:00:00+00:00,z3,3,0.7071067811865476,0.7071067811865476,5,1,0,900,1200.0,346,1,54.0,21.0,0.0,140
2026-08-01T03:00:00+00:00,z4,3,0.7071067811865476,0.7071067811865476,5,1,0,300,350.0,0,0,99.0,21.0,0.0,11
2026-08-01T04:00:00+00:00,z1,4,0.8660254037844386,0.5000000000000001,5,1,0,400,500.0,0,0,94.0,21.0,0.0,13
2026-08-01T04:00:00+00:00,z2,4,0.8660254037844386,0.5000000000000001,5,1,0,600,450.0,0,0,79.0,21.0,0.0,6
2026-08-01T04:00:00+00:00,z3,4,0.8660254037844386,0.5000000000000001,5,1,0,900,1200.0,0,0,53.0,21.0,0.0,75
2026-08-01T04:00:00+00:00,z4,4,0.8660254037844386,0.5000000000000001,5,1,0,300,350.0,0,0,99.0,21.0,0.0,0
2026-08-01T05:00:00+00:00,z1,5,0.9659258262890683,0.25881904510252074,5,1,0,400,500.0,0,0,93.0,21.1,0.0,0
2026-08-01T05:00:00+00:00,z2,5,0.9659258262890683,0.25881904510252074,5,1,0,600,450.0,0,0,78.0,21.1,0.0,25
2026-08-01T05:00:00+00:00,z3,5,0.9659258262890683,0.25881904510252074,5,1,0,900,1200.0,0,0,52.0,21.1,0.0,21
2026-08-01T05:00:00+00:00,z4,5,0.9659258262890683,0.25881904510252074,5,1,0,300,350.0,0,0,99.0,21.1,0.0,10
2026-08-01T06:00:00+00:00,z1,6,1.0,6.123233995736766e-17,5,1,0,400,500.0,0,0,92.0,21.0,0.0,0
2026-08-01T06:00:00+00:00,z2,6,1.0,6.123233995736766e-17,5,1,0,600,450.0,0,0,77.0,21.0,0.0,115
2026-08-01T06:00:00+00:00,z3,6,1.0,6.123233995736766e-17,5,1,0,900,1200.0,0,0,51.0,21.0,0.0,108
2026-08-01T06:00:00+00:00,z4,6,1.0,6.123233995736766e-17,5,1,0,300,350.0,0,0,98.0,21.0,0.0,1
2026-08-01T07:00:00+00:00,z1,7,0.9659258262890683,-0.25881904510252063,5,1,0,400,500.0,0,0,91.0,22.8,0.0,2
2026-08-01T07:00:00+00:00,z2,7,0.9659258262890683,-0.25881904510252063,5,1,0,600,450.0,0,0,76.0,22.8,0.0,120
2026-08-01T07:00:00+00:00,z3,7,0.9659258262890683,-0.25881904510252063,5,1,0,900,1200.0,0,0,50.0,22.8,0.0,70
2026-08-01T07:00:00+00:00,z4,7,0.9659258262890683,-0.25881904510252063,5,1,0,300,350.0,0,0,97.0,22.8,0.0,7
2026-08-01T08:00:00+00:00,z1,8,0.8660254037844387,-0.4999999999999998,5,1,0,400,500.0,0,0,90.0,26.4,0.0,0
2026-08-01T08:00:00+00:00,z2,8,0.8660254037844387,-0.4999999999999998,5,1,0,600,450.0,0,0,75.0,26.4,0.0,84
2026-08-01T08:00:00+00:00,z3,8,0.8660254037844387,-0.4999999999999998,5,1,0,900,1200.0,0,0,49.0,26.4,0.0,84
2026-08-01T08:00:00+00:00,z4,8,0.8660254037844387,-0.4999999999999998,5,1,0,300,350.0,0,0,96.0,26.4,0.0,21
2026-08-01T09:00:00+00:00,z1,9,0.7071067811865476,-0.7071067811865475,5,1,0,400,500.0,0,0,89.0,28.1,0.0,243
2026-08-01T09:00:00+00:00,z2,9,0.7071067811865476,-0.7071067811865475,5,1,0,600,450.0,0,0,74.0,28.1,0.0,63
2026-08-01T09:00:00+00:00,z3,9,0.7071067811865476,-0.7071067811865475,5,1,0,900,1200.0,0,0,48.0,28.1,0.0,102
2026-08-01T09:00:00+00:00,z4,9,0.7071067811865476,-0.7071067811865475,5,1,0,300,350.0,0,0,95.0,28.1,0.0,24
2026-08-01T10:00:00+00:00,z1,10,0.49999999999999994,-0.8660254037844387,5,1,0,400,500.0,0,0,88.0,30.3,0.0,260
2026-08-01T10:00:00+00:00,z2,10,0.49999999999999994,-0.8660254037844387,5,1,0,600,450.0,0,0,73.0,30.3,0.0,109
2026-08-01T10:00:00+00:00,z3,10,0.49999999999999994,-0.8660254037844387,5,1,0,900,1200.0,0,0,47.0,30.3,0.0,91
2026-08-01T10:00:00+00:00,z4,10,0.49999999999999994,-0.8660254037844387,5,1,0,300,350.0,0,0,94.0,30.3,0.0,25
2026-08-01T11:00:00+00:00,z1,11,0.258819045102521,-0.9659258262890682,5,1,0,400,500.0,0,0,87.0,30.5,0.0,294
2026-08-01T11:00:00+00:00,z2,11,0.258819045102521,-0.9659258262890682,5,1,0,600,450.0,0,0,72.0,30.5,0.0,45
2026-08-01T11:00:00+00:00,z3,11,0.258819045102521,-0.9659258262890682,5,1,0,900,1200.0,0,0,46.0,30.5,0.0,363
2026-08-01T11:00:00+00:00,z4,11,0.258819045102521,-0.9659258262890682,5,1,0,300,350.0,0,0,93.0,30.5,0.0,25
2026-08-01T12:00:00+00:00,z1,12,1.2246467991473532e-16,-1.0,5,1,0,400,500.0,0,0,86.0,34.9,0.0,298
2026-08-01T12:00:00+00:00,z2,12,1.2246467991473532e-16,-1.0,5,1,0,600,450.0,0,0,71.0,34.9,0.0,233
2026-08-01T12:00:00+00:00,z3,12,1.2246467991473532e-16,-1.0,5,1,0,900,1200.0,0,0,45.0,34.9,0.0,398
2026-08-01T12:00:00+00:00,z4,12,1.2246467991473532e-16,-1.0,5,1,0,300,350.0,0,0,92.0,34.9,0.0,199
2026-08-01T13:00:00+00:00,z1,13,-0.2588190451025208,-0.9659258262890683,5,1,0,400,500.0,0,0,85.0,34.2,0.0,337
2026-08-01T13:00:00+00:00,z2,13,-0.2588190451025208,-0.9659258262890683,5,1,0,600,450.0,0,0,70.0,34.2,0.0,244
2026-08-01T13:00:00+00:00,z3,13,-0.2588190451025208,-0.9659258262890683,5,1,0,900,1200.0,0,0,44.0,34.2,0.0,447
2026-08-01T13:00:00+00:00,z4,13,-0.2588190451025208,-0.9659258262890683,5,1,0,300,350.0,0,0,91.0,34.2,0.0,254
2026-08-01T14:00:00+00:00,z1,14,-0.4999999999999997,-0.8660254037844388,5,1,0,400,500.0,0,0,84.0,37.3,0.0,335
2026-08-01T14:00:00+00:00,z2,14,-0.4999999999999997,-0.8660254037844388,5,1,0,600,450.0,0,0,69.0,37.3,0.0,286
2026-08-01T14:00:00+00:00,z3,14,-0.4999999999999997,-0.8660254037844388,5,1,0,900,1200.0,0,0,43.0,37.3,0.0,422
2026-08-01T14:00:00+00:00,z4,14,-0.4999999999999997,-0.8660254037844388,5,1,0,300,350.0,0,0,90.0,37.3,0.0,217
2026-08-01T15:00:00+00:00,z1,15,-0.7071067811865471,-0.7071067811865479,5,1,0,400,500.0,0,0,83.0,35.4,0.0,327
2026-08-01T15:00:00+00:00,z2,15,-0.7071067811865471,-0.7071067811865479,5,1,0,600,450.0,0,0,68.0,35.4,0.0,258
2026-08-01T15:00:00+00:00,z3,15,-0.7071067811865471,-0.7071067811865479,5,1,0,900,1200.0,0,0,42.0,35.4,0.0,380
2026-08-01T15:00:00+00:00,z4,15,-0.7071067811865471,-0.7071067811865479,5,1,0,300,350.0,0,0,89.0,35.4,0.0,70
2026-08-01T16:00:00+00:00,z1,16,-0.8660254037844385,-0.5000000000000004,5,1,0,400,500.0,0,0,82.0,34.6,0.0,324
2026-08-01T16:00:00+00:00,z2,16,-0.8660254037844385,-0.5000000000000004,5,1,0,600,450.0,0,0,67.0,34.6,0.0,302
2026-08-01T16:00:00+00:00,z3,16,-0.8660254037844385,-0.5000000000000004,5,1,0,900,1200.0,0,0,41.0,34.6,0.0,737
2026-08-01T16:00:00+00:00,z4,16,-0.8660254037844385,-0.5000000000000004,5,1,0,300,350.0,0,0,88.0,34.6,0.0,64
2026-08-01T17:00:00+00:00,z1,17,-0.9659258262890683,-0.25881904510252063,5,1,0,400,500.0,0,0,81.0,33.8,0.0,274
2026-08-01T17:00:00+00:00,z2,17,-0.9659258262890683,-0.25881904510252063,5,1,0,600,450.0,0,0,66.0,33.8,0.0,284
2026-08-01T17:00:00+00:00,z3,17,-0.9659258262890683,-0.25881904510252063,5,1,0,900,1200.0,0,0,40.0,33.8,0.0,792
2026-08-01T17:00:00+00:00,z4,17,-0.9659258262890683,-0.25881904510252063,5,1,0,300,350.0,0,0,87.0,33.8,0.0,65
2026-08-01T18:00:00+00:00,z1,18,-1.0,-1.8369701987210297e-16,5,1,0,400,500.0,0,0,80.0,32.0,0.0,293
2026-08-01T18:00:00+00:00,z2,18,-1.0,-1.8369701987210297e-16,5,1,0,600,450.0,0,0,65.0,32.0,0.0,299
2026-08-01T18:00:00+00:00,z3,18,-1.0,-1.8369701987210297e-16,5,1,0,900,1200.0,0,0,39.0,32.0,0.0,787
2026-08-01T18:00:00+00:00,z4,18,-1.0,-1.8369701987210297e-16,5,1,0,300,350.0,0,0,86.0,32.0,0.0,72
2026-08-01T19:00:00+00:00,z1,19,-0.9659258262890684,0.2588190451025203,5,1,0,400,500.0,0,0,79.0,30.3,0.0,261
2026-08-01T19:00:00+00:00,z2,19,-0.9659258262890684,0.2588190451025203,5,1,0,600,450.0,0,0,64.0,30.3,0.0,237
2026-08-01T19:00:00+00:00,z3,19,-0.9659258262890684,0.2588190451025203,5,1,0,900,1200.0,0,0,38.0,30.3,0.0,873
2026-08-01T19:00:00+00:00,z4,19,-0.9659258262890684,0.2588190451025203,5,1,0,300,350.0,0,0,85.0,30.3,0.0,244
2026-08-01T20:00:00+00:00,z1,20,-0.8660254037844386,0.5000000000000001,5,1,0,400,500.0,0,0,78.0,31.1,4.5,70
2026-08-01T20:00:00+00:00,z2,20,-0.8660254037844386,0.5000000000000001,5,1,0,600,450.0,0,0,63.0,31.1,4.5,167
2026-08-01T20:00:00+00:00,z3,20,-0.8660254037844386,0.5000000000000001,5,1,0,900,1200.0,0,0,37.0,31.1,4.5,481
2026-08-01T20:00:00+00:00,z4,20,-0.8660254037844386,0.5000000000000001,5,1,0,300,350.0,0,0,84.0,31.1,4.5,223
2026-08-01T21:00:00+00:00,z1,21,-0.7071067811865477,0.7071067811865474,5,1,0,400,500.0,0,0,77.0,29.2,0.0,84
2026-08-01T21:00:00+00:00,z2,21,-0.7071067811865477,0.7071067811865474,5,1,0,600,450.0,0,0,62.0,29.2,0.0,254
2026-08-01T21:00:00+00:00,z3,21,-0.7071067811865477,0.7071067811865474,5,1,0,900,1200.0,0,0,36.0,29.2,0.0,774
2026-08-01T21:00:00+00:00,z4,21,-0.7071067811865477,0.7071067811865474,5,1,0,300,350.0,0,0,83.0,29.2,0.0,226
2026-08-01T22:00:00+00:00,z1,22,-0.5000000000000004,0.8660254037844384,5,1,0,400,500.0,0,0,76.0,24.2,7.8,61
2026-08-01T22:00:00+00:00,z2,22,-0.5000000000000004,0.8660254037844384,5,1,0,600,450.0,0,0,61.0,24.2,7.8,83
2026-08-01T22:00:00+00:00,z3,22,-0.5000000000000004,0.8660254037844384,5,1,0,900,1200.0,0,0,35.0,24.2,7.8,380
2026-08-01T22:00:00+00:00,z4,22,-0.5000000000000004,0.8660254037844384,5,1,0,300,350.0,0,0,82.0,24.2,7.8,22
2026-08-01T23:00:00+00:00,z1,23,-0.25881904510252157,0.9659258262890681,5,1,0,400,500.0,0,0,75.0,22.3,0.0,80
2026-08-01T23:00:00+00:00,z2,23,-0.25881904510252157,0.9659258262890681,5,1,0,600,450.0,0,0,60.0,22.3,0.0,63
2026-08-01T23:00:00+00:00,z3,23,-0.25881904510252157,0.9659258262890681,5,1,0,900,1200.0,0,0,34.0,22.3,0.0,94
2026-08-01T23:00:00+00:00,z4,23,-0.25881904510252157,0.9659258262890681,5,1,0,300,350.0,0,0,81.0,22.3,0.0,15
2026-08-02T00:00:00+00:00,z1,0,0.0,1.0,6,1,0,400,500.0,0,0,74.0,23.4,0.0,11
2026-08-02T00:00:00+00:00,z2,0,0.0,1.0,6,1,0,600,450.0,0,0,59.0,23.4,0.0,105
2026-08-02T00:00:00+00:00,z3,0,0.0,1.0,6,1,0,900,1200.0,0,0,33.0,23.4,0.0,104
2026-08-02T00:00:00+00:00,z4,0,0.0,1.0,6,1,0,300,350.0,0,0,80.0,23.4,0.0,23
2026-08-02T01:00:00+00:00,z1,1,0.25881904510252074,0.9659258262890683,6,1,0,400,500.0,0,0,73.0,22.8,0.0,17
2026-08-02T01:00:00+00:00,z2,1,0.25881904510252074,0.9659258262890683,6,1,0,600,450.0,0,0,58.0,22.8,0.0,26
2026-08-02T01:00:00+00:00,z3,1,0.25881904510252074,0.9659258262890683,6,1,0,900,1200.0,0,0,32.0,22.8,0.0,15
2026-08-02T01:00:00+00:00,z4,1,0.25881904510252074,0.9659258262890683,6,1,0,300,350.0,0,0,79.0,22.8,0.0,25
2026-08-02T02:00:00+00:00,z1,2,0.49999999999999994,0.8660254037844387,6,1,0,400,500.0,0,0,72.0,21.7,0.0,10
2026-08-02T02:00:00+00:00,z2,2,0.49999999999999994,0.8660254037844387,6,1,0,600,450.0,0,0,57.0,21.7,0.0,56
2026-08-02T02:00:00+00:00,z3,2,0.49999999999999994,0.8660254037844387,6,1,0,900,1200.0,0,0,31.0,21.7,0.0,23
2026-08-02T02:00:00+00:00,z4,2,0.49999999999999994,0.8660254037844387,6,1,0,300,350.0,0,0,78.0,21.7,0.0,0
2026-08-02T03:00:00+00:00,z1,3,0.7071067811865476,0.7071067811865476,6,1,0,400,500.0,0,0,71.0,20.9,0.0,31
2026-08-02T03:00:00+00:00,z2,3,0.7071067811865476,0.7071067811865476,6,1,0,600,450.0,0,0,56.0,20.9,0.0,16
2026-08-02T03:00:00+00:00,z3,3,0.7071067811865476,0.7071067811865476,6,1,0,900,1200.0,0,0,30.0,20.9,0.0,57
2026-08-02T03:00:00+00:00,z4,3,0.7071067811865476,0.7071067811865476,6,1,0,300,350.0,0,0,77.0,20.9,0.0,17
2026-08-02T04:00:00+00:00,z1,4,0.8660254037844386,0.5000000000000001,6,1,0,400,500.0,0,0,70.0,19.1,0.0,15
2026-08-02T04:00:00+00:00,z2,4,0.8660254037844386,0.5000000000000001,6,1,0,600,450.0,0,0,55.0,19.1,0.0,18
2026-08-02T04:00:00+00:00,z3,4,0.8660254037844386,0.5000000000000001,6,1,0,900,1200.0,0,0,29.0,19.1,0.0,59
2026-08-02T04:00:00+00:00,z4,4,0.8660254037844386,0.5000000000000001,6,1,0,300,350.0,0,0,76.0,19.1,0.0,15
2026-08-02T05:00:00+00:00,z1,5,0.9659258262890683,0.25881904510252074,6,1,0,400,500.0,0,0,69.0,19.5,0.0,22
2026-08-02T05:00:00+00:00,z2,5,0.9659258262890683,0.25881904510252074,6,1,0,600,450.0,0,0,54.0,19.5,0.0,0
2026-08-02T05:00:00+00:00,z3,5,0.9659258262890683,0.25881904510252074,6,1,0,900,1200.0,0,0,28.0,19.5,0.0,40
2026-08-02T05:00:00+00:00,z4,5,0.9659258262890683,0.25881904510252074,6,1,0,300,350.0,0,0,75.0,19.5,0.0,6
2026-08-02T06:00:00+00:00,z1,6,1.0,6.123233995736766e-17,6,1,0,400,500.0,0,0,68.0,22.1,0.0,40
2026-08-02T06:00:00+00:00,z2,6,1.0,6.123233995736766e-17,6,1,0,600,450.0,0,0,53.0,22.1,0.0,101
2026-08-02T06:00:00+00:00,z3,6,1.0,6.123233995736766e-17,6,1,0,900,1200.0,0,0,27.0,22.1,0.0,96
2026-08-02T06:00:00+00:00,z4,6,1.0,6.123233995736766e-17,6,1,0,300,350.0,0,0,74.0,22.1,0.0,19
2026-08-02T07:00:00+00:00,z1,7,0.9659258262890683,-0.25881904510252063,6,1,0,400,500.0,0,0,67.0,22.7,0.0,8
2026-08-02T07:00:00+00:00,z2,7,0.9659258262890683,-0.25881904510252063,6,1,0,600,450.0,0,0,52.0,22.7,0.0,119
2026-08-02T07:00:00+00:00,z3,7,0.9659258262890683,-0.25881904510252063,6,1,0,900,1200.0,0,0,26.0,22.7,0.0,144
2026-08-02T07:00:00+00:00,z4,7,0.9659258262890683,-0.25881904510252063,6,1,0,300,350.0,0,0,73.0,22.7,0.0,19
2026-08-02T08:00:00+00:00,z1,8,0.8660254037844387,-0.4999999999999998,6,1,0,400,500.0,0,0,66.0,25.4,0.0,39
2026-08-02T08:00:00+00:00,z2,8,0.8660254037844387,-0.4999999999999998,6,1,0,600,450.0,0,0,51.0,25.4,0.0,80
2026-08-02T08:00:00+00:00,z3,8,0.8660254037844387,-0.4999999999999998,6,1,0,900,1200.0,0,0,25.0,25.4,0.0,68
2026-08-02T08:00:00+00:00,z4,8,0.8660254037844387,-0.4999999999999998,6,1,0,300,350.0,0,0,72.0,25.4,0.0,15
2026-08-02T09:00:00+00:00,z1,9,0.7071067811865476,-0.7071067811865475,6,1,0,400,500.0,0,0,65.0,26.9,24.6,148
2026-08-02T09:00:00+00:00,z2,9,0.7071067811865476,-0.7071067811865475,6,1,0,600,450.0,0,0,50.0,26.9,24.6,60
2026-08-02T09:00:00+00:00,z3,9,0.7071067811865476,-0.7071067811865475,6,1,0,900,1200.0,0,0,24.0,26.9,24.6,64
2026-08-02T09:00:00+00:00,z4,9,0.7071067811865476,-0.7071067811865475,6,1,0,300,350.0,0,0,71.0,26.9,24.6,14
2026-08-02T10:00:00+00:00,z1,10,0.49999999999999994,-0.8660254037844387,6,1,0,400,500.0,0,0,64.0,28.6,5.1,141
2026-08-02T10:00:00+00:00,z2,10,0.49999999999999994,-0.8660254037844387,6,1,0,600,450.0,0,0,49.0,28.6,5.1,77
2026-08-02T10:00:00+00:00,z3,10,0.49999999999999994,-0.8660254037844387,6,1,0,900,1200.0,0,0,23.0,28.6,5.1,73
2026-08-02T10:00:00+00:00,z4,10,0.49999999999999994,-0.8660254037844387,6,1,0,300,350.0,0,0,70.0,28.6,5.1,13
2026-08-02T11:00:00+00:00,z1,11,0.258819045102521,-0.9659258262890682,6,1,0,400,500.0,0,0,63.0,33.0,0.0,309
2026-08-02T11:00:00+00:00,z2,11,0.258819045102521,-0.9659258262890682,6,1,0,600,450.0,0,0,48.0,33.0,0.0,68
2026-08-02T11:00:00+00:00,z3,11,0.258819045102521,-0.9659258262890682,6,1,0,900,1200.0,0,0,22.0,33.0,0.0,423
2026-08-02T11:00:00+00:00,z4,11,0.258819045102521,-0.9659258262890682,6,1,0,300,350.0,0,0,69.0,33.0,0.0,4
2026-08-02T12:00:00+00:00,z1,12,1.2246467991473532e-16,-1.0,6,1,0,400,500.0,0,0,62.0,31.8,0.0,295
2026-08-02T12:00:00+00:00,z2,12,1.2246467991473532e-16,-1.0,6,1,0,600,450.0,0,0,47.0,31.8,0.0,229
2026-08-02T12:00:00+00:00,z3,12,1.2246467991473532e-16,-1.0,6,1,0,900,1200.0,0,0,21.0,31.8,0.0,345
2026-08-02T12:00:00+00:00,z4,12,1.2246467991473532e-16,-1.0,6,1,0,300,350.0,0,0,68.0,31.8,0.0,220
2026-08-02T13:00:00+00:00,z1,13,-0.2588190451025208,-0.9659258262890683,6,1,0,400,500.0,0,0,61.0,34.1,0.0,314
2026-08-02T13:00:00+00:00,z2,13,-0.2588190451025208,-0.9659258262890683,6,1,0,600,450.0,0,0,46.0,34.1,0.0,276
2026-08-02T13:00:00+00:00,z3,13,-0.2588190451025208,-0.9659258262890683,6,1,0,900,1200.0,0,0,20.0,34.1,0.0,379
2026-08-02T13:00:00+00:00,z4,13,-0.2588190451025208,-0.9659258262890683,6,1,0,300,350.0,0,0,67.0,34.1,0.0,241
2026-08-02T14:00:00+00:00,z1,14,-0.4999999999999997,-0.8660254037844388,6,1,0,400,500.0,0,0,60.0,37.6,0.0,334
2026-08-02T14:00:00+00:00,z2,14,-0.4999999999999997,-0.8660254037844388,6,1,0,600,450.0,0,0,45.0,37.6,0.0,263
2026-08-02T14:00:00+00:00,z3,14,-0.4999999999999997,-0.8660254037844388,6,1,0,900,1200.0,0,0,19.0,37.6,0.0,408
2026-08-02T14:00:00+00:00,z4,14,-0.4999999999999997,-0.8660254037844388,6,1,0,300,350.0,0,0,66.0,37.6,0.0,229
2026-08-02T15:00:00+00:00,z1,15,-0.7071067811865471,-0.7071067811865479,6,1,0,400,500.0,0,0,59.0,35.2,0.0,319
2026-08-02T15:00:00+00:00,z2,15,-0.7071067811865471,-0.7071067811865479,6,1,0,600,450.0,0,0,44.0,35.2,0.0,312
2026-08-02T15:00:00+00:00,z3,15,-0.7071067811865471,-0.7071067811865479,6,1,0,900,1200.0,0,0,18.0,35.2,0.0,390
2026-08-02T15:00:00+00:00,z4,15,-0.7071067811865471,-0.7071067811865479,6,1,0,300,350.0,0,0,65.0,35.2,0.0,54
2026-08-02T16:00:00+00:00,z1,16,-0.8660254037844385,-0.5000000000000004,6,1,0,400,500.0,0,0,58.0,37.1,0.0,335
2026-08-02T16:00:00+00:00,z2,16,-0.8660254037844385,-0.5000000000000004,6,1,0,600,450.0,0,0,43.0,37.1,0.0,303
2026-08-02T16:00:00+00:00,z3,16,-0.8660254037844385,-0.5000000000000004,6,1,0,900,1200.0,0,0,17.0,37.1,0.0,716
2026-08-02T16:00:00+00:00,z4,16,-0.8660254037844385,-0.5000000000000004,6,1,0,300,350.0,0,0,64.0,37.1,0.0,85
2026-08-02T17:00:00+00:00,z1,17,-0.9659258262890683,-0.25881904510252063,6,1,0,400,500.0,0,0,57.0,33.6,0.0,298
2026-08-02T17:00:00+00:00,z2,17,-0.9659258262890683,-0.25881904510252063,6,1,0,600,450.0,0,0,42.0,33.6,0.0,306
2026-08-02T17:00:00+00:00,z3,17,-0.9659258262890683,-0.25881904510252063,6,1,0,900,1200.0,0,0,16.0,33.6,0.0,841
2026-08-02T17:00:00+00:00,z4,17,-0.9659258262890683,-0.25881904510252063,6,1,0,300,350.0,0,0,63.0,33.6,0.0,69
2026-08-02T18:00:00+00:00,z1,18,-1.0,-1.8369701987210297e-16,6,1,0,400,500.0,0,0,56.0,32.1,0.0,275
2026-08-02T18:00:00+00:00,z2,18,-1.0,-1.8369701987210297e-16,6,1,0,600,450.0,0,0,41.0,32.1,0.0,294
2026-08-02T18:00:00+00:00,z3,18,-1.0,-1.8369701987210297e-16,6,1,0,900,1200.0,0,0,15.0,32.1,0.0,842
2026-08-02T18:00:00+00:00,z4,18,-1.0,-1.8369701987210297e-16,6,1,0,300,350.0,0,0,62.0,32.1,0.0,62
2026-08-02T19:00:00+00:00,z1,19,-0.9659258262890684,0.2588190451025203,6,1,0,400,500.0,0,0,55.0,30.3,0.0,236
2026-08-02T19:00:00+00:00,z2,19,-0.9659258262890684,0.2588190451025203,6,1,0,600,450.0,0,0,40.0,30.3,0.0,268
2026-08-02T19:00:00+00:00,z3,19,-0.9659258262890684,0.2588190451025203,6,1,0,900,1200.0,0,0,14.0,30.3,0.0,784
2026-08-02T19:00:00+00:00,z4,19,-0.9659258262890684,0.2588190451025203,6,1,0,300,350.0,0,0,61.0,30.3,0.0,236
2026-08-02T20:00:00+00:00,z1,20,-0.8660254037844386,0.5000000000000001,6,1,0,400,500.0,0,0,54.0,29.7,0.0,106
2026-08-02T20:00:00+00:00,z2,20,-0.8660254037844386,0.5000000000000001,6,1,0,600,450.0,0,0,39.0,29.7,0.0,244
2026-08-02T20:00:00+00:00,z3,20,-0.8660254037844386,0.5000000000000001,6,1,0,900,1200.0,0,0,13.0,29.7,0.0,775
2026-08-02T20:00:00+00:00,z4,20,-0.8660254037844386,0.5000000000000001,6,1,0,300,350.0,0,0,60.0,29.7,0.0,271
2026-08-02T21:00:00+00:00,z1,21,-0.7071067811865477,0.7071067811865474,6,1,0,400,500.0,0,0,53.0,26.4,0.0,110
2026-08-02T21:00:00+00:00,z2,21,-0.7071067811865477,0.7071067811865474,6,1,0,600,450.0,0,0,38.0,26.4,0.0,209
2026-08-02T21:00:00+00:00,z3,21,-0.7071067811865477,0.7071067811865474,6,1,0,900,1200.0,0,0,12.0,26.4,0.0,796
2026-08-02T21:00:00+00:00,z4,21,-0.7071067811865477,0.7071067811865474,6,1,0,300,350.0,0,0,59.0,26.4,0.0,247
2026-08-02T22:00:00+00:00,z1,22,-0.5000000000000004,0.8660254037844384,6,1,0,400,500.0,0,0,52.0,27.8,24.4,66
2026-08-02T22:00:00+00:00,z2,22,-0.5000000000000004,0.8660254037844384,6,1,0,600,450.0,0,0,37.0,27.8,24.4,89
2026-08-02T22:00:00+00:00,z3,22,-0.5000000000000004,0.8660254037844384,6,1,0,900,1200.0,0,0,11.0,27.8,24.4,455
2026-08-02T22:00:00+00:00,z4,22,-0.5000000000000004,0.8660254037844384,6,1,0,300,350.0,0,0,58.0,27.8,24.4,8
2026-08-02T23:00:00+00:00,z1,23,-0.25881904510252157,0.9659258262890681,6,1,0,400,500.0,0,0,51.0,23.4,0.0,101
2026-08-02T23:00:00+00:00,z2,23,-0.25881904510252157,0.9659258262890681,6,1,0,600,450.0,0,0,36.0,23.4,0.0,83
2026-08-02T23:00:00+00:00,z3,23,-0.25881904510252157,0.9659258262890681,6,1,0,900,1200.0,0,0,10.0,23.4,0.0,90
2026-08-02T23:00:00+00:00,z4,23,-0.25881904510252157,0.9659258262890681,6,1,0,300,350.0,0,0,57.0,23.4,0.0,29
2026-08-03T00:00:00+00:00,z1,0,0.0,1.0,0,0,0,400,500.0,0,0,50.0,24.3,0.0,4
2026-08-03T00:00:00+00:00,z2,0,0.0,1.0,0,0,0,600,450.0,0,0,35.0,24.3,0.0,75
2026-08-03T00:00:00+00:00,z3,0,0.0,1.0,0,0,0,900,1200.0,0,0,9.0,24.3,0.0,109
2026-08-03T00:00:00+00:00,z4,0,0.0,1.0,0,0,0,300,350.0,0,0,56.0,24.3,0.0,24
2026-08-03T01:00:00+00:00,z1,1,0.25881904510252074,0.9659258262890683,0,0,0,400,500.0,0,0,49.0,22.4,0.0,7
2026-08-03T01:00:00+00:00,z2,1,0.25881904510252074,0.9659258262890683,0,0,0,600,450.0,0,0,34.0,22.4,0.0,40
2026-08-03T01:00:00+00:00,z3,1,0.25881904510252074,0.9659258262890683,0,0,0,900,1200.0,0,0,8.0,22.4,0.0,43
2026-08-03T01:00:00+00:00,z4,1,0.25881904510252074,0.9659258262890683,0,0,0,300,350.0,0,0,55.0,22.4,0.0,22
2026-08-03T02:00:00+00:00,z1,2,0.49999999999999994,0.8660254037844387,0,0,0,400,500.0,0,0,48.0,21.4,0.0,14
2026-08-03T02:00:00+00:00,z2,2,0.49999999999999994,0.8660254037844387,0,0,0,600,450.0,0,0,33.0,21.4,0.0,39
2026-08-03T02:00:00+00:00,z3,2,0.49999999999999994,0.8660254037844387,0,0,0,900,1200.0,0,0,7.0,21.4,0.0,106
2026-08-03T02:00:00+00:00,z4,2,0.49999999999999994,0.8660254037844387,0,0,0,300,350.0,0,0,54.0,21.4,0.0,15
2026-08-03T03:00:00+00:00,z1,3,0.7071067811865476,0.7071067811865476,0,0,0,400,500.0,0,0,47.0,19.9,0.0,18
2026-08-03T03:00:00+00:00,z2,3,0.7071067811865476,0.7071067811865476,0,0,0,600,450.0,0,0,32.0,19.9,0.0,27
2026-08-03T03:00:00+00:00,z3,3,0.7071067811865476,0.7071067811865476,0,0,0,900,1200.0,0,0,6.0,19.9,0.0,15
2026-08-03T03:00:00+00:00,z4,3,0.7071067811865476,0.7071067811865476,0,0,0,300,350.0,0,0,53.0,19.9,0.0,32
2026-08-03T04:00:00+00:00,z1,4,0.8660254037844386,0.5000000000000001,0,0,0,400,500.0,0,0,46.0,20.8,0.0,11
2026-08-03T04:00:00+00:00,z2,4,0.8660254037844386,0.5000000000000001,0,0,0,600,450.0,0,0,31.0,20.8,0.0,8
2026-08-03T04:00:00+00:00,z3,4,0.8660254037844386,0.5000000000000001,0,0,0,900,1200.0,0,0,5.0,20.8,0.0,0
2026-08-03T04:00:00+00:00,z4,4,0.8660254037844386,0.5000000000000001,0,0,0,300,350.0,0,0,52.0,20.8,0.0,22
2026-08-03T05:00:00+00:00,z1,5,0.9659258262890683,0.25881904510252074,0,0,0,400,500.0,0,0,45.0,23.0,0.0,27
2026-08-03T05:00:00+00:00,z2,5,0.9659258262890683,0.25881904510252074,0,0,0,600,450.0,0,0,30.0,23.0,0.0,6
2026-08-03T05:00:00+00:00,z3,5,0.9659258262890683,0.25881904510252074,0,0,0,900,1200.0,0,0,4.0,23.0,0.0,50
2026-08-03T05:00:00+00:00,z4,5,0.9659258262890683,0.25881904510252074,0,0,0,300,350.0,0,0,51.0,23.0,0.0,0
2026-08-03T06:00:00+00:00,z1,6,1.0,6.123233995736766e-17,0,0,0,400,500.0,0,0,44.0,20.6,0.0,22
2026-08-03T06:00:00+00:00,z2,6,1.0,6.123233995736766e-17,0,0,0,600,450.0,0,0,29.0,20.6,0.0,98
2026-08-03T06:00:00+00:00,z3,6,1.0,6.123233995736766e-17,0,0,0,900,1200.0,0,0,3.0,20.6,0.0,118
2026-08-03T06:00:00+00:00,z4,6,1.0,6.123233995736766e-17,0,0,0,300,350.0,0,0,50.0,20.6,0.0,8
2026-08-03T07:00:00+00:00,z1,7,0.9659258262890683,-0.25881904510252063,0,0,0,400,500.0,0,0,43.0,25.1,0.0,5
2026-08-03T07:00:00+00:00,z2,7,0.9659258262890683,-0.25881904510252063,0,0,0,600,450.0,0,0,28.0,25.1,0.0,74
2026-08-03T07:00:00+00:00,z3,7,0.9659258262890683,-0.25881904510252063,0,0,0,900,1200.0,0,0,2.0,25.1,0.0,36
2026-08-03T07:00:00+00:00,z4,7,0.9659258262890683,-0.25881904510252063,0,0,0,300,350.0,0,0,49.0,25.1,0.0,27
2026-08-03T08:00:00+00:00,z1,8,0.8660254037844387,-0.4999999999999998,0,0,0,400,500.0,0,0,42.0,24.7,0.0,39
2026-08-03T08:00:00+00:00,z2,8,0.8660254037844387,-0.4999999999999998,0,0,0,600,450.0,0,0,27.0,24.7,0.0,426
2026-08-03T08:00:00+00:00,z3,8,0.8660254037844387,-0.4999999999999998,0,0,0,900,1200.0,0,0,1.0,24.7,0.0,205
2026-08-03T08:00:00+00:00,z4,8,0.8660254037844387,-0.4999999999999998,0,0,0,300,350.0,0,0,48.0,24.7,0.0,16
2026-08-03T09:00:00+00:00,z1,9,0.7071067811865476,-0.7071067811865475,0,0,0,400,500.0,0,0,41.0,28.0,0.0,199
2026-08-03T09:00:00+00:00,z2,9,0.7071067811865476,-0.7071067811865475,0,0,0,600,450.0,0,0,26.0,28.0,0.0,504
2026-08-03T09:00:00+00:00,z3,9,0.7071067811865476,-0.7071067811865475,0,0,0,900,1200.0,1071,1,34.0,28.0,0.0,438
2026-08-03T09:00:00+00:00,z4,9,0.7071067811865476,-0.7071067811865475,0,0,0,300,350.0,0,0,47.0,28.0,0.0,1
2026-08-03T10:00:00+00:00,z1,10,0.49999999999999994,-0.8660254037844387,0,0,0,400,500.0,0,0,40.0,29.4,0.0,222
2026-08-03T10:00:00+00:00,z2,10,0.49999999999999994,-0.8660254037844387,0,0,0,600,450.0,0,0,25.0,29.4,0.0,419
2026-08-03T10:00:00+00:00,z3,10,0.49999999999999994,-0.8660254037844387,0,0,0,900,1200.0,1071,1,33.0,29.4,0.0,467
2026-08-03T10:00:00+00:00,z4,10,0.49999999999999994,-0.8660254037844387,0,0,0,300,350.0,0,0,46.0,29.4,0.0,16
2026-08-03T11:00:00+00:00,z1,11,0.258819045102521,-0.9659258262890682,0,0,0,400,500.0,0,0,39.0,32.2,0.0,233
2026-08-03T11:00:00+00:00,z2,11,0.258819045102521,-0.9659258262890682,0,0,0,600,450.0,0,0,24.0,32.2,0.0,166
2026-08-03T11:00:00+00:00,z3,11,0.258819045102521,-0.9659258262890682,0,0,0,900,1200.0,1071,1,32.0,32.2,0.0,449
2026-08-03T11:00:00+00:00,z4,11,0.258819045102521,-0.9659258262890682,0,0,0,300,350.0,0,0,45.0,32.2,0.0,22
2026-08-03T12:00:00+00:00,z1,12,1.2246467991473532e-16,-1.0,0,0,0,400,500.0,0,0,38.0,33.4,0.0,235
2026-08-03T12:00:00+00:00,z2,12,1.2246467991473532e-16,-1.0,0,0,0,600,450.0,0,0,23.0,33.4,0.0,205
2026-08-03T12:00:00+00:00,z3,12,1.2246467991473532e-16,-1.0,0,0,0,900,1200.0,1071,1,31.0,33.4,0.0,589
2026-08-03T12:00:00+00:00,z4,12,1.2246467991473532e-16,-1.0,0,0,0,300,350.0,0,0,44.0,33.4,0.0,219
2026-08-03T13:00:00+00:00,z1,13,-0.2588190451025208,-0.9659258262890683,0,0,0,400,500.0,0,0,37.0,34.4,0.0,250
2026-08-03T13:00:00+00:00,z2,13,-0.2588190451025208,-0.9659258262890683,0,0,0,600,450.0,0,0,22.0,34.4,0.0,186
2026-08-03T13:00:00+00:00,z3,13,-0.2588190451025208,-0.9659258262890683,0,0,0,900,1200.0,1071,1,30.0,34.4,0.0,574
2026-08-03T13:00:00+00:00,z4,13,-0.2588190451025208,-0.9659258262890683,0,0,0,300,350.0,0,0,43.0,34.4,0.0,258
2026-08-03T14:00:00+00:00,z1,14,-0.4999999999999997,-0.8660254037844388,0,0,0,400,500.0,0,0,36.0,37.2,0.0,249
2026-08-03T14:00:00+00:00,z2,14,-0.4999999999999997,-0.8660254037844388,0,0,0,600,450.0,0,0,21.0,37.2,0.0,241
2026-08-03T14:00:00+00:00,z3,14,-0.4999999999999997,-0.8660254037844388,0,0,0,900,1200.0,0,0,29.0,37.2,0.0,287
2026-08-03T14:00:00+00:00,z4,14,-0.4999999999999997,-0.8660254037844388,0,0,0,300,350.0,0,0,42.0,37.2,0.0,217
2026-08-03T15:00:00+00:00,z1,15,-0.7071067811865471,-0.7071067811865479,0,0,0,400,500.0,0,0,35.0,34.5,0.0,263
2026-08-03T15:00:00+00:00,z2,15,-0.7071067811865471,-0.7071067811865479,0,0,0,600,450.0,0,0,20.0,34.5,0.0,196
2026-08-03T15:00:00+00:00,z3,15,-0.7071067811865471,-0.7071067811865479,0,0,0,900,1200.0,0,0,28.0,34.5,0.0,218
2026-08-03T15:00:00+00:00,z4,15,-0.7071067811865471,-0.7071067811865479,0,0,0,300,350.0,0,0,41.0,34.5,0.0,65
2026-08-03T16:00:00+00:00,z1,16,-0.8660254037844385,-0.5000000000000004,0,0,0,400,500.0,0,0,34.0,36.4,0.0,254
2026-08-03T16:00:00+00:00,z2,16,-0.8660254037844385,-0.5000000000000004,0,0,0,600,450.0,0,0,19.0,36.4,0.0,199
2026-08-03T16:00:00+00:00,z3,16,-0.8660254037844385,-0.5000000000000004,0,0,0,900,1200.0,0,0,27.0,36.4,0.0,217
2026-08-03T16:00:00+00:00,z4,16,-0.8660254037844385,-0.5000000000000004,0,0,0,300,350.0,0,0,40.0,36.4,0.0,71
2026-08-03T17:00:00+00:00,z1,17,-0.9659258262890683,-0.25881904510252063,0,0,0,400,500.0,0,0,33.0,35.0,0.0,245
2026-08-03T17:00:00+00:00,z2,17,-0.9659258262890683,-0.25881904510252063,0,0,0,600,450.0,0,0,18.0,35.0,0.0,435
2026-08-03T17:00:00+00:00,z3,17,-0.9659258262890683,-0.25881904510252063,0,0,0,900,1200.0,0,0,26.0,35.0,0.0,510
2026-08-03T17:00:00+00:00,z4,17,-0.9659258262890683,-0.25881904510252063,0,0,0,300,350.0,0,0,39.0,35.0,0.0,69
2026-08-03T18:00:00+00:00,z1,18,-1.0,-1.8369701987210297e-16,0,0,0,400,500.0,0,0,32.0,35.5,0.0,217
2026-08-03T18:00:00+00:00,z2,18,-1.0,-1.8369701987210297e-16,0,0,0,600,450.0,0,0,17.0,35.5,0.0,531
2026-08-03T18:00:00+00:00,z3,18,-1.0,-1.8369701987210297e-16,0,0,0,900,1200.0,0,0,25.0,35.5,0.0,538
2026-08-03T18:00:00+00:00,z4,18,-1.0,-1.8369701987210297e-16,0,0,0,300,350.0,0,0,38.0,35.5,0.0,70
2026-08-03T19:00:00+00:00,z1,19,-0.9659258262890684,0.2588190451025203,0,0,0,400,500.0,0,0,31.0,33.9,0.0,218
2026-08-03T19:00:00+00:00,z2,19,-0.9659258262890684,0.2588190451025203,0,0,0,600,450.0,0,0,16.0,33.9,0.0,514
2026-08-03T19:00:00+00:00,z3,19,-0.9659258262890684,0.2588190451025203,0,0,0,900,1200.0,0,0,24.0,33.9,0.0,617
2026-08-03T19:00:00+00:00,z4,19,-0.9659258262890684,0.2588190451025203,0,0,0,300,350.0,0,0,37.0,33.9,0.0,253
2026-08-03T20:00:00+00:00,z1,20,-0.8660254037844386,0.5000000000000001,0,0,0,400,500.0,0,0,30.0,28.2,21.2,45
2026-08-03T20:00:00+00:00,z2,20,-0.8660254037844386,0.5000000000000001,0,0,0,600,450.0,0,0,15.0,28.2,21.2,311
2026-08-03T20:00:00+00:00,z3,20,-0.8660254037844386,0.5000000000000001,0,0,0,900,1200.0,0,0,23.0,28.2,21.2,315
2026-08-03T20:00:00+00:00,z4,20,-0.8660254037844386,0.5000000000000001,0,0,0,300,350.0,0,0,36.0,28.2,21.2,198
2026-08-03T21:00:00+00:00,z1,21,-0.7071067811865477,0.7071067811865474,0,0,0,400,500.0,0,0,29.0,27.4,0.0,122
2026-08-03T21:00:00+00:00,z2,21,-0.7071067811865477,0.7071067811865474,0,0,0,600,450.0,0,0,14.0,27.4,0.0,91
2026-08-03T21:00:00+00:00,z3,21,-0.7071067811865477,0.7071067811865474,0,0,0,900,1200.0,0,0,22.0,27.4,0.0,473
2026-08-03T21:00:00+00:00,z4,21,-0.7071067811865477,0.7071067811865474,0,0,0,300,350.0,0,0,35.0,27.4,0.0,230
2026-08-03T22:00:00+00:00,z1,22,-0.5000000000000004,0.8660254037844384,0,0,0,400,500.0,0,0,28.0,24.0,0.0,113
2026-08-03T22:00:00+00:00,z2,22,-0.5000000000000004,0.8660254037844384,0,0,0,600,450.0,0,0,13.0,24.0,0.0,80
2026-08-03T22:00:00+00:00,z3,22,-0.5000000000000004,0.8660254037844384,0,0,0,900,1200.0,0,0,21.0,24.0,0.0,73
2026-08-03T22:00:00+00:00,z4,22,-0.5000000000000004,0.8660254037844384,0,0,0,300,350.0,0,0,34.0,24.0,0.0,24
2026-08-03T23:00:00+00:00,z1,23,-0.25881904510252157,0.9659258262890681,0,0,0,400,500.0,0,0,27.0,23.4,9.9,49
2026-08-03T23:00:00+00:00,z2,23,-0.25881904510252157,0.9659258262890681,0,0,0,600,450.0,0,0,12.0,23.4,9.9,67
2026-08-03T23:00:00+00:00,z3,23,-0.25881904510252157,0.9659258262890681,0,0,0,900,1200.0,0,0,20.0,23.4,9.9,39
2026-08-03T23:00:00+00:00,z4,23,-0.25881904510252157,0.9659258262890681,0,0,0,300,350.0,0,0,33.0,23.4,9.9,17
2026-08-04T00:00:00+00:00,z1,0,0.0,1.0,1,0,0,400,500.0,0,0,26.0,21.8,0.0,27
2026-08-04T00:00:00+00:00,z2,0,0.0,1.0,1,0,0,600,450.0,0,0,11.0,21.8,0.0,86
2026-08-04T00:00:00+00:00,z3,0,0.0,1.0,1,0,0,900,1200.0,0,0,19.0,21.8,0.0,74
2026-08-04T00:00:00+00:00,z4,0,0.0,1.0,1,0,0,300,350.0,0,0,32.0,21.8,0.0,12
2026-08-04T01:00:00+00:00,z1,1,0.25881904510252074,0.9659258262890683,1,0,0,400,500.0,0,0,25.0,21.7,0.0,0
2026-08-04T01:00:00+00:00,z2,1,0.25881904510252074,0.9659258262890683,1,0,0,600,450.0,0,0,10.0,21.7,0.0,27
2026-08-04T01:00:00+00:00,z3,1,0.25881904510252074,0.9659258262890683,1,0,0,900,1200.0,0,0,18.0,21.7,0.0,94
2026-08-04T01:00:00+00:00,z4,1,0.25881904510252074,0.9659258262890683,1,0,0,300,350.0,0,0,31.0,21.7,0.0,0
2026-08-04T02:00:00+00:00,z1,2,0.49999999999999994,0.8660254037844387,1,0,0,400,500.0,0,0,24.0,19.5,0.0,0
2026-08-04T02:00:00+00:00,z2,2,0.49999999999999994,0.8660254037844387,1,0,0,600,450.0,0,0,9.0,19.5,0.0,2
2026-08-04T02:00:00+00:00,z3,2,0.49999999999999994,0.8660254037844387,1,0,0,900,1200.0,0,0,17.0,19.5,0.0,50
2026-08-04T02:00:00+00:00,z4,2,0.49999999999999994,0.8660254037844387,1,0,0,300,350.0,0,0,30.0,19.5,0.0,18
2026-08-04T03:00:00+00:00,z1,3,0.7071067811865476,0.7071067811865476,1,0,0,400,500.0,0,0,23.0,20.3,0.0,9
2026-08-04T03:00:00+00:00,z2,3,0.7071067811865476,0.7071067811865476,1,0,0,600,450.0,0,0,8.0,20.3,0.0,8
2026-08-04T03:00:00+00:00,z3,3,0.7071067811865476,0.7071067811865476,1,0,0,900,1200.0,0,0,16.0,20.3,0.0,36
2026-08-04T03:00:00+00:00,z4,3,0.7071067811865476,0.7071067811865476,1,0,0,300,350.0,0,0,29.0,20.3,0.0,1
2026-08-04T04:00:00+00:00,z1,4,0.8660254037844386,0.5000000000000001,1,0,0,400,500.0,0,0,22.0,19.8,0.0,17
2026-08-04T04:00:00+00:00,z2,4,0.8660254037844386,0.5000000000000001,1,0,0,600,450.0,0,0,7.0,19.8,0.0,42
2026-08-04T04:00:00+00:00,z3,4,0.8660254037844386,0.5000000000000001,1,0,0,900,1200.0,0,0,15.0,19.8,0.0,0
2026-08-04T04:00:00+00:00,z4,4,0.8660254037844386,0.5000000000000001,1,0,0,300,350.0,0,0,28.0,19.8,0.0,0
2026-08-04T05:00:00+00:00,z1,5,0.9659258262890683,0.25881904510252074,1,0,0,400,500.0,0,0,21.0,20.4,0.0,36
2026-08-04T05:00:00+00:00,z2,5,0.9659258262890683,0.25881904510252074,1,0,0,600,450.0,0,0,6.0,20.4,0.0,7
2026-08-04T05:00:00+00:00,z3,5,0.9659258262890683,0.25881904510252074,1,0,0,900,1200.0,0,0,14.0,20.4,0.0,65
2026-08-04T05:00:00+00:00,z4,5,0.9659258262890683,0.25881904510252074,1,0,0,300,350.0,0,0,27.0,20.4,0.0,8
2026-08-04T06:00:00+00:00,z1,6,1.0,6.123233995736766e-17,1,0,0,400,500.0,0,0,20.0,22.1,0.0,18
2026-08-04T06:00:00+00:00,z2,6,1.0,6.123233995736766e-17,1,0,0,600,450.0,0,0,5.0,22.1,0.0,98
2026-08-04T06:00:00+00:00,z3,6,1.0,6.123233995736766e-17,1,0,0,900,1200.0,0,0,13.0,22.1,0.0,48
2026-08-04T06:00:00+00:00,z4,6,1.0,6.123233995736766e-17,1,0,0,300,350.0,0,0,26.0,22.1,0.0,16
2026-08-04T07:00:00+00:00,z1,7,0.9659258262890683,-0.25881904510252063,1,0,0,400,500.0,0,0,19.0,25.4,0.0,15
2026-08-04T07:00:00+00:00,z2,7,0.9659258262890683,-0.25881904510252063,1,0,0,600,450.0,0,0,4.0,25.4,0.0,66
2026-08-04T07:00:00+00:00,z3,7,0.9659258262890683,-0.25881904510252063,1,0,0,900,1200.0,0,0,12.0,25.4,0.0,81
2026-08-04T07:00:00+00:00,z4,7,0.9659258262890683,-0.25881904510252063,1,0,0,300,350.0,0,0,25.0,25.4,0.0,13
2026-08-04T08:00:00+00:00,z1,8,0.8660254037844387,-0.4999999999999998,1,0,0,400,500.0,0,0,18.0,27.3,0.0,18
2026-08-04T08:00:00+00:00,z2,8,0.8660254037844387,-0.4999999999999998,1,0,0,600,450.0,0,0,3.0,27.3,0.0,398
2026-08-04T08:00:00+00:00,z3,8,0.8660254037844387,-0.4999999999999998,1,0,0,900,1200.0,0,0,11.0,27.3,0.0,115
2026-08-04T08:00:00+00:00,z4,8,0.8660254037844387,-0.4999999999999998,1,0,0,300,350.0,0,0,24.0,27.3,0.0,23
2026-08-04T09:00:00+00:00,z1,9,0.7071067811865476,-0.7071067811865475,1,0,0,400,500.0,0,0,17.0,27.1,24.9,122
2026-08-04T09:00:00+00:00,z2,9,0.7071067811865476,-0.7071067811865475,1,0,0,600,450.0,0,0,2.0,27.1,24.9,377
2026-08-04T09:00:00+00:00,z3,9,0.7071067811865476,-0.7071067811865475,1,0,0,900,1200.0,0,0,10.0,27.1,24.9,0
2026-08-04T09:00:00+00:00,z4,9,0.7071067811865476,-0.7071067811865475,1,0,0,300,350.0,0,0,23.0,27.1,24.9,29
2026-08-04T10:00:00+00:00,z1,10,0.49999999999999994,-0.8660254037844387,1,0,0,400,500.0,0,0,16.0,29.7,0.0,218
2026-08-04T10:00:00+00:00,z2,10,0.49999999999999994,-0.8660254037844387,1,0,0,600,450.0,0,0,1.0,29.7,0.0,507
2026-08-04T10:00:00+00:00,z3,10,0.49999999999999994,-0.8660254037844387,1,0,0,900,1200.0,0,0,9.0,29.7,0.0,83
2026-08-04T10:00:00+00:00,z4,10,0.49999999999999994,-0.8660254037844387,1,0,0,300,350.0,0,0,22.0,29.7,0.0,26
2026-08-04T11:00:00+00:00,z1,11,0.258819045102521,-0.9659258262890682,1,0,0,400,500.0,0,0,15.0,33.0,21.4,129
2026-08-04T11:00:00+00:00,z2,11,0.258819045102521,-0.9659258262890682,1,0,0,600,450.0,355,1,15.0,33.0,21.4,255
2026-08-04T11:00:00+00:00,z3,11,0.258819045102521,-0.9659258262890682,1,0,0,900,1200.0,0,0,8.0,33.0,21.4,69
2026-08-04T11:00:00+00:00,z4,11,0.258819045102521,-0.9659258262890682,1,0,0,300,350.0,0,0,21.0,33.0,21.4,2
2026-08-04T12:00:00+00:00,z1,12,1.2246467991473532e-16,-1.0,1,0,0,400,500.0,0,0,14.0,33.0,20.4,129
2026-08-04T12:00:00+00:00,z2,12,1.2246467991473532e-16,-1.0,1,0,0,600,450.0,355,1,14.0,33.0,20.4,267
2026-08-04T12:00:00+00:00,z3,12,1.2246467991473532e-16,-1.0,1,0,0,900,1200.0,0,0,7.0,33.0,20.4,36
2026-08-04T12:00:00+00:00,z4,12,1.2246467991473532e-16,-1.0,1,0,0,300,350.0,0,0,20.0,33.0,20.4,167
2026-08-04T13:00:00+00:00,z1,13,-0.2588190451025208,-0.9659258262890683,1,0,0,400,500.0,0,0,13.0,36.1,0.0,240
2026-08-04T13:00:00+00:00,z2,13,-0.2588190451025208,-0.9659258262890683,1,0,0,600,450.0,355,1,13.0,36.1,0.0,314
2026-08-04T13:00:00+00:00,z3,13,-0.2588190451025208,-0.9659258262890683,1,0,0,900,1200.0,0,0,6.0,36.1,0.0,244
2026-08-04T13:00:00+00:00,z4,13,-0.2588190451025208,-0.9659258262890683,1,0,0,300,350.0,0,0,19.0,36.1,0.0,252
2026-08-04T14:00:00+00:00,z1,14,-0.4999999999999997,-0.8660254037844388,1,0,0,400,500.0,0,0,12.0,35.5,0.0,253
2026-08-04T14:00:00+00:00,z2,14,-0.4999999999999997,-0.8660254037844388,1,0,0,600,450.0,355,1,12.0,35.5,0.0,297
2026-08-04T14:00:00+00:00,z3,14,-0.4999999999999997,-0.8660254037844388,1,0,0,900,1200.0,0,0,5.0,35.5,0.0,278
2026-08-04T14:00:00+00:00,z4,14,-0.4999999999999997,-0.8660254037844388,1,0,0,300,350.0,0,0,18.0,35.5,0.0,242
2026-08-04T15:00:00+00:00,z1,15,-0.7071067811865471,-0.7071067811865479,1,0,0,400,500.0,0,0,11.0,36.5,0.0,243
2026-08-04T15:00:00+00:00,z2,15,-0.7071067811865471,-0.7071067811865479,1,0,0,600,450.0,355,1,11.0,36.5,0.0,379
2026-08-04T15:00:00+00:00,z3,15,-0.7071067811865471,-0.7071067811865479,1,0,0,900,1200.0,0,0,4.0,36.5,0.0,185
2026-08-04T15:00:00+00:00,z4,15,-0.7071067811865471,-0.7071067811865479,1,0,0,300,350.0,0,0,17.0,36.5,0.0,62
2026-08-04T16:00:00+00:00,z1,16,-0.8660254037844385,-0.5000000000000004,1,0,0,400,500.0,0,0,10.0,36.5,0.0,248
2026-08-04T16:00:00+00:00,z2,16,-0.8660254037844385,-0.5000000000000004,1,0,0,600,450.0,0,0,10.0,36.5,0.0,203
2026-08-04T16:00:00+00:00,z3,16,-0.8660254037844385,-0.5000000000000004,1,0,0,900,1200.0,0,0,3.0,36.5,0.0,226
2026-08-04T16:00:00+00:00,z4,16,-0.8660254037844385,-0.5000000000000004,1,0,0,300,350.0,0,0,16.0,36.5,0.0,84
2026-08-04T17:00:00+00:00,z1,17,-0.9659258262890683,-0.25881904510252063,1,0,0,400,500.0,0,0,9.0,35.9,0.0,230
2026-08-04T17:00:00+00:00,z2,17,-0.9659258262890683,-0.25881904510252063,1,0,0,600,450.0,0,0,9.0,35.9,0.0,427
2026-08-04T17:00:00+00:00,z3,17,-0.9659258262890683,-0.25881904510252063,1,0,0,900,1200.0,0,0,2.0,35.9,0.0,471
2026-08-04T17:00:00+00:00,z4,17,-0.9659258262890683,-0.25881904510252063,1,0,0,300,350.0,0,0,15.0,35.9,0.0,68
2026-08-04T18:00:00+00:00,z1,18,-1.0,-1.8369701987210297e-16,1,0,0,400,500.0,0,0,8.0,33.8,0.0,219
2026-08-04T18:00:00+00:00,z2,18,-1.0,-1.8369701987210297e-16,1,0,0,600,450.0,0,0,8.0,33.8,0.0,506
2026-08-04T18:00:00+00:00,z3,18,-1.0,-1.8369701987210297e-16,1,0,0,900,1200.0,0,0,1.0,33.8,0.0,651
2026-08-04T18:00:00+00:00,z4,18,-1.0,-1.8369701987210297e-16,1,0,0,300,350.0,0,0,14.0,33.8,0.0,91
2026-08-04T19:00:00+00:00,z1,19,-0.9659258262890684,0.2588190451025203,1,0,0,400,500.0,0,0,7.0,31.7,0.0,214
2026-08-04T19:00:00+00:00,z2,19,-0.9659258262890684,0.2588190451025203,1,0,0,600,450.0,0,0,7.0,31.7,0.0,527
2026-08-04T19:00:00+00:00,z3,19,-0.9659258262890684,0.2588190451025203,1,0,0,900,1200.0,586,1,11.0,31.7,0.0,788
2026-08-04T19:00:00+00:00,z4,19,-0.9659258262890684,0.2588190451025203,1,0,0,300,350.0,0,0,13.0,31.7,0.0,257
2026-08-04T20:00:00+00:00,z1,20,-0.8660254037844386,0.5000000000000001,1,0,0,400,500.0,0,0,6.0,30.6,0.0,106
2026-08-04T20:00:00+00:00,z2,20,-0.8660254037844386,0.5000000000000001,1,0,0,600,450.0,0,0,6.0,30.6,0.0,444
2026-08-04T20:00:00+00:00,z3,20,-0.8660254037844386,0.5000000000000001,1,0,0,900,1200.0,586,1,10.0,30.6,0.0,725
2026-08-04T20:00:00+00:00,z4,20,-0.8660254037844386,0.5000000000000001,1,0,0,300,350.0,0,0,12.0,30.6,0.0,274
2026-08-04T21:00:00+00:00,z1,21,-0.7071067811865477,0.7071067811865474,1,0,0,400,500.0,0,0,5.0,27.5,0.0,110
2026-08-04T21:00:00+00:00,z2,21,-0.7071067811865477,0.7071067811865474,1,0,0,600,450.0,0,0,5.0,27.5,0.0,79
2026-08-04T21:00:00+00:00,z3,21,-0.7071067811865477,0.7071067811865474,1,0,0,900,1200.0,586,1,9.0,27.5,0.0,708
2026-08-04T21:00:00+00:00,z4,21,-0.7071067811865477,0.7071067811865474,1,0,0,300,350.0,0,0,11.0,27.5,0.0,237
2026-08-04T22:00:00+00:00,z1,22,-0.5000000000000004,0.8660254037844384,1,0,0,400,500.0,0,0,4.0,24.5,0.0,98
2026-08-04T22:00:00+00:00,z2,22,-0.5000000000000004,0.8660254037844384,1,0,0,600,450.0,0,0,4.0,24.5,0.0,45
2026-08-04T22:00:00+00:00,z3,22,-0.5000000000000004,0.8660254037844384,1,0,0,900,1200.0,586,1,8.0,24.5,0.0,271
2026-08-04T22:00:00+00:00,z4,22,-0.5000000000000004,0.8660254037844384,1,0,0,300,350.0,0,0,10.0,24.5,0.0,24
2026-08-04T23:00:00+00:00,z1,23,-0.25881904510252157,0.9659258262890681,1,0,0,400,500.0,0,0,3.0,23.2,0.0,92
2026-08-04T23:00:00+00:00,z2,23,-0.25881904510252157,0.9659258262890681,1,0,0,600,450.0,0,0,3.0,23.2,0.0,91
2026-08-04T23:00:00+00:00,z3,23,-0.25881904510252157,0.9659258262890681,1,0,0,900,1200.0,586,1,7.0,23.2,0.0,257
2026-08-04T23:00:00+00:00,z4,23,-0.25881904510252157,0.9659258262890681,1,0,0,300,350.0,0,0,9.0,23.2,0.0,18
2026-08-05T00:00:00+00:00,z1,0,0.0,1.0,2,0,0,400,500.0,0,0,2.0,21.6,0.0,17
2026-08-05T00:00:00+00:00,z2,0,0.0,1.0,2,0,0,600,450.0,0,0,2.0,21.6,0.0,73
2026-08-05T00:00:00+00:00,z3,0,0.0,1.0,2,0,0,900,1200.0,0,0,6.0,21.6,0.0,108
2026-08-05T00:00:00+00:00,z4,0,0.0,1.0,2,0,0,300,350.0,0,0,8.0,21.6,0.0,23
2026-08-05T01:00:00+00:00,z1,1,0.25881904510252074,0.9659258262890683,2,0,0,400,500.0,0,0,1.0,19.3,0.0,106
2026-08-05T01:00:00+00:00,z2,1,0.25881904510252074,0.9659258262890683,2,0,0,600,450.0,0,0,1.0,19.3,0.0,136
2026-08-05T01:00:00+00:00,z3,1,0.25881904510252074,0.9659258262890683,2,0,0,900,1200.0,0,0,5.0,19.3,0.0,50
2026-08-05T01:00:00+00:00,z4,1,0.25881904510252074,0.9659258262890683,2,0,0,300,350.0,0,0,7.0,19.3,0.0,14
2026-08-05T02:00:00+00:00,z1,2,0.49999999999999994,0.8660254037844387,2,0,0,400,500.0,1212,1,85.0,20.7,0.0,309
2026-08-05T02:00:00+00:00,z2,2,0.49999999999999994,0.8660254037844387,2,0,0,600,450.0,1131,1,2.0,20.7,0.0,429
2026-08-05T02:00:00+00:00,z3,2,0.49999999999999994,0.8660254037844387,2,0,0,900,1200.0,0,0,4.0,20.7,0.0,9
2026-08-05T02:00:00+00:00,z4,2,0.49999999999999994,0.8660254037844387,2,0,0,300,350.0,0,0,6.0,20.7,0.0,10
2026-08-05T03:00:00+00:00,z1,3,0.7071067811865476,0.7071067811865476,2,0,0,400,500.0,1212,1,84.0,19.9,0.0,365
2026-08-05T03:00:00+00:00,z2,3,0.7071067811865476,0.7071067811865476,2,0,0,600,450.0,1131,1,1.0,19.9,0.0,708
2026-08-05T03:00:00+00:00,z3,3,0.7071067811865476,0.7071067811865476,2,0,0,900,1200.0,0,0,3.0,19.9,0.0,9
2026-08-05T03:00:00+00:00,z4,3,0.7071067811865476,0.7071067811865476,2,0,0,300,350.0,0,0,5.0,19.9,0.0,0
2026-08-05T04:00:00+00:00,z1,4,0.8660254037844386,0.5000000000000001,2,0,0,400,500.0,1212,1,83.0,18.8,0.0,354
2026-08-05T04:00:00+00:00,z2,4,0.8660254037844386,0.5000000000000001,2,0,0,600,450.0,1995,2,81.0,18.8,0.0,480
2026-08-05T04:00:00+00:00,z3,4,0.8660254037844386,0.5000000000000001,2,0,0,900,1200.0,0,0,2.0,18.8,0.0,0
2026-08-05T04:00:00+00:00,z4,4,0.8660254037844386,0.5000000000000001,2,0,0,300,350.0,0,0,4.0,18.8,0.0,11
2026-08-05T05:00:00+00:00,z1,5,0.9659258262890683,0.25881904510252074,2,0,0,400,500.0,1212,1,82.0,22.9,0.0,345
2026-08-05T05:00:00+00:00,z2,5,0.9659258262890683,0.25881904510252074,2,0,0,600,450.0,1995,2,80.0,22.9,0.0,521
2026-08-05T05:00:00+00:00,z3,5,0.9659258262890683,0.25881904510252074,2,0,0,900,1200.0,0,0,1.0,22.9,0.0,116
2026-08-05T05:00:00+00:00,z4,5,0.9659258262890683,0.25881904510252074,2,0,0,300,350.0,0,0,3.0,22.9,0.0,14
2026-08-05T06:00:00+00:00,z1,6,1.0,6.123233995736766e-17,2,0,0,400,500.0,0,0,81.0,23.8,0.0,13
2026-08-05T06:00:00+00:00,z2,6,1.0,6.123233995736766e-17,2,0,0,600,450.0,864,1,79.0,23.8,0.0,395
2026-08-05T06:00:00+00:00,z3,6,1.0,6.123233995736766e-17,2,0,0,900,1200.0,904,1,99.0,23.8,0.0,390
2026-08-05T06:00:00+00:00,z4,6,1.0,6.123233995736766e-17,2,0,0,300,350.0,0,0,2.0,23.8,0.0,24
2026-08-05T07:00:00+00:00,z1,7,0.9659258262890683,-0.25881904510252063,2,0,0,400,500.0,0,0,80.0,23.6,0.0,32
2026-08-05T07:00:00+00:00,z2,7,0.9659258262890683,-0.25881904510252063,2,0,0,600,450.0,864,1,78.0,23.6,0.0,401
2026-08-05T07:00:00+00:00,z3,7,0.9659258262890683,-0.25881904510252063,2,0,0,900,1200.0,904,1,99.0,23.6,0.0,379
2026-08-05T07:00:00+00:00,z4,7,0.9659258262890683,-0.25881904510252063,2,0,0,300,350.0,0,0,1.0,23.6,0.0,122
2026-08-05T08:00:00+00:00,z1,8,0.8660254037844387,-0.4999999999999998,2,0,0,400,500.0,0,0,79.0,26.6,23.7,10
2026-08-05T08:00:00+00:00,z2,8,0.8660254037844387,-0.4999999999999998,2,0,0,600,450.0,0,0,77.0,26.6,23.7,296
2026-08-05T08:00:00+00:00,z3,8,0.8660254037844387,-0.4999999999999998,2,0,0,900,1200.0,0,0,98.0,26.6,23.7,29
2026-08-05T08:00:00+00:00,z4,8,0.8660254037844387,-0.4999999999999998,2,0,0,300,350.0,808,1,23.0,26.6,23.7,192
2026-08-05T09:00:00+00:00,z1,9,0.7071067811865476,-0.7071067811865475,2,0,0,400,500.0,0,0,78.0,28.9,0.0,211
2026-08-05T09:00:00+00:00,z2,9,0.7071067811865476,-0.7071067811865475,2,0,0,600,450.0,0,0,76.0,28.9,0.0,507
2026-08-05T09:00:00+00:00,z3,9,0.7071067811865476,-0.7071067811865475,2,0,0,900,1200.0,0,0,97.0,28.9,0.0,39
2026-08-05T09:00:00+00:00,z4,9,0.7071067811865476,-0.7071067811865475,2,0,0,300,350.0,808,1,22.0,28.9,0.0,256
2026-08-05T10:00:00+00:00,z1,10,0.49999999999999994,-0.8660254037844387,2,0,0,400,500.0,0,0,77.0,28.5,0.0,220
2026-08-05T10:00:00+00:00,z2,10,0.49999999999999994,-0.8660254037844387,2,0,0,600,450.0,0,0,75.0,28.5,0.0,423
2026-08-05T10:00:00+00:00,z3,10,0.49999999999999994,-0.8660254037844387,2,0,0,900,1200.0,0,0,96.0,28.5,0.0,97
2026-08-05T10:00:00+00:00,z4,10,0.49999999999999994,-0.8660254037844387,2,0,0,300,350.0,808,1,21.0,28.5,0.0,264
2026-08-05T11:00:00+00:00,z1,11,0.258819045102521,-0.9659258262890682,2,0,0,400,500.0,0,0,76.0,33.7,0.0,228
2026-08-05T11:00:00+00:00,z2,11,0.258819045102521,-0.9659258262890682,2,0,0,600,450.0,0,0,74.0,33.7,0.0,219
2026-08-05T11:00:00+00:00,z3,11,0.258819045102521,-0.9659258262890682,2,0,0,900,1200.0,0,0,95.0,33.7,0.0,44
2026-08-05T11:00:00+00:00,z4,11,0.258819045102521,-0.9659258262890682,2,0,0,300,350.0,808,1,20.0,33.7,0.0,261
2026-08-05T12:00:00+00:00,z1,12,1.2246467991473532e-16,-1.0,2,0,0,400,500.0,0,0,75.0,35.5,0.0,266
2026-08-05T12:00:00+00:00,z2,12,1.2246467991473532e-16,-1.0,2,0,0,600,450.0,0,0,73.0,35.5,0.0,189
2026-08-05T12:00:00+00:00,z3,12,1.2246467991473532e-16,-1.0,2,0,0,900,1200.0,0,0,94.0,35.5,0.0,253
2026-08-05T12:00:00+00:00,z4,12,1.2246467991473532e-16,-1.0,2,0,0,300,350.0,808,1,19.0,35.5,0.0,478
2026-08-05T13:00:00+00:00,z1,13,-0.2588190451025208,-0.9659258262890683,2,0,0,400,500.0,0,0,74.0,33.9,0.0,263
2026-08-05T13:00:00+00:00,z2,13,-0.2588190451025208,-0.9659258262890683,2,0,0,600,450.0,0,0,72.0,33.9,0.0,236
2026-08-05T13:00:00+00:00,z3,13,-0.2588190451025208,-0.9659258262890683,2,0,0,900,1200.0,0,0,93.0,33.9,0.0,177
2026-08-05T13:00:00+00:00,z4,13,-0.2588190451025208,-0.9659258262890683,2,0,0,300,350.0,0,0,18.0,33.9,0.0,261
2026-08-05T14:00:00+00:00,z1,14,-0.4999999999999997,-0.8660254037844388,2,0,0,400,500.0,0,0,73.0,36.1,0.0,249
2026-08-05T14:00:00+00:00,z2,14,-0.4999999999999997,-0.8660254037844388,2,0,0,600,450.0,0,0,71.0,36.1,0.0,204
2026-08-05T14:00:00+00:00,z3,14,-0.4999999999999997,-0.8660254037844388,2,0,0,900,1200.0,0,0,92.0,36.1,0.0,192
2026-08-05T14:00:00+00:00,z4,14,-0.4999999999999997,-0.8660254037844388,2,0,0,300,350.0,0,0,17.0,36.1,0.0,220
2026-08-05T15:00:00+00:00,z1,15,-0.7071067811865471,-0.7071067811865479,2,0,0,400,500.0,0,0,72.0,35.7,0.0,254
2026-08-05T15:00:00+00:00,z2,15,-0.7071067811865471,-0.7071067811865479,2,0,0,600,450.0,0,0,70.0,35.7,0.0,165
2026-08-05T15:00:00+00:00,z3,15,-0.7071067811865471,-0.7071067811865479,2,0,0,900,1200.0,0,0,91.0,35.7,0.0,293
2026-08-05T15:00:00+00:00,z4,15,-0.7071067811865471,-0.7071067811865479,2,0,0,300,350.0,0,0,16.0,35.7,0.0,81
2026-08-05T16:00:00+00:00,z1,16,-0.8660254037844385,-0.5000000000000004,2,0,0,400,500.0,0,0,71.0,34.7,0.0,225
2026-08-05T16:00:00+00:00,z2,16,-0.8660254037844385,-0.5000000000000004,2,0,0,600,450.0,0,0,69.0,34.7,0.0,227
2026-08-05T16:00:00+00:00,z3,16,-0.8660254037844385,-0.5000000000000004,2,0,0,900,1200.0,0,0,90.0,34.7,0.0,192
2026-08-05T16:00:00+00:00,z4,16,-0.8660254037844385,-0.5000000000000004,2,0,0,300,350.0,0,0,15.0,34.7,0.0,90
2026-08-05T17:00:00+00:00,z1,17,-0.9659258262890683,-0.25881904510252063,2,0,0,400,500.0,0,0,70.0,34.2,0.0,234
2026-08-05T17:00:00+00:00,z2,17,-0.9659258262890683,-0.25881904510252063,2,0,0,600,450.0,0,0,68.0,34.2,0.0,451
2026-08-05T17:00:00+00:00,z3,17,-0.9659258262890683,-0.25881904510252063,2,0,0,900,1200.0,0,0,89.0,34.2,0.0,490
2026-08-05T17:00:00+00:00,z4,17,-0.9659258262890683,-0.25881904510252063,2,0,0,300,350.0,0,0,14.0,34.2,0.0,87
2026-08-05T18:00:00+00:00,z1,18,-1.0,-1.8369701987210297e-16,2,0,0,400,500.0,0,0,69.0,35.5,0.0,204
2026-08-05T18:00:00+00:00,z2,18,-1.0,-1.8369701987210297e-16,2,0,0,600,450.0,0,0,67.0,35.5,0.0,539
2026-08-05T18:00:00+00:00,z3,18,-1.0,-1.8369701987210297e-16,2,0,0,900,1200.0,0,0,88.0,35.5,0.0,588
2026-08-05T18:00:00+00:00,z4,18,-1.0,-1.8369701987210297e-16,2,0,0,300,350.0,0,0,13.0,35.5,0.0,89
2026-08-05T19:00:00+00:00,z1,19,-0.9659258262890684,0.2588190451025203,2,0,0,400,500.0,0,0,68.0,31.5,0.0,228
2026-08-05T19:00:00+00:00,z2,19,-0.9659258262890684,0.2588190451025203,2,0,0,600,450.0,0,0,66.0,31.5,0.0,518
2026-08-05T19:00:00+00:00,z3,19,-0.9659258262890684,0.2588190451025203,2,0,0,900,1200.0,0,0,87.0,31.5,0.0,611
2026-08-05T19:00:00+00:00,z4,19,-0.9659258262890684,0.2588190451025203,2,0,0,300,350.0,0,0,12.0,31.5,0.0,239
2026-08-05T20:00:00+00:00,z1,20,-0.8660254037844386,0.5000000000000001,2,0,0,400,500.0,0,0,67.0,31.4,24.2,70
2026-08-05T20:00:00+00:00,z2,20,-0.8660254037844386,0.5000000000000001,2,0,0,600,450.0,0,0,65.0,31.4,24.2,337
2026-08-05T20:00:00+00:00,z3,20,-0.8660254037844386,0.5000000000000001,2,0,0,900,1200.0,0,0,86.0,31.4,24.2,297
2026-08-05T20:00:00+00:00,z4,20,-0.8660254037844386,0.5000000000000001,2,0,0,300,350.0,0,0,11.0,31.4,24.2,214
2026-08-05T21:00:00+00:00,z1,21,-0.7071067811865477,0.7071067811865474,2,0,0,400,500.0,0,0,66.0,28.4,0.0,94
2026-08-05T21:00:00+00:00,z2,21,-0.7071067811865477,0.7071067811865474,2,0,0,600,450.0,0,0,64.0,28.4,0.0,65
2026-08-05T21:00:00+00:00,z3,21,-0.7071067811865477,0.7071067811865474,2,0,0,900,1200.0,0,0,85.0,28.4,0.0,481
2026-08-05T21:00:00+00:00,z4,21,-0.7071067811865477,0.7071067811865474,2,0,0,300,350.0,0,0,10.0,28.4,0.0,246
2026-08-05T22:00:00+00:00,z1,22,-0.5000000000000004,0.8660254037844384,2,0,0,400,500.0,0,0,65.0,26.6,0.0,117
2026-08-05T22:00:00+00:00,z2,22,-0.5000000000000004,0.8660254037844384,2,0,0,600,450.0,0,0,63.0,26.6,0.0,92
2026-08-05T22:00:00+00:00,z3,22,-0.5000000000000004,0.8660254037844384,2,0,0,900,1200.0,0,0,84.0,26.6,0.0,108
2026-08-05T22:00:00+00:00,z4,22,-0.5000000000000004,0.8660254037844384,2,0,0,300,350.0,0,0,9.0,26.6,0.0,3
2026-08-05T23:00:00+00:00,z1,23,-0.25881904510252157,0.9659258262890681,2,0,0,400,500.0,0,0,64.0,24.8,0.0,95
2026-08-05T23:00:00+00:00,z2,23,-0.25881904510252157,0.9659258262890681,2,0,0,600,450.0,0,0,62.0,24.8,0.0,85
2026-08-05T23:00:00+00:00,z3,23,-0.25881904510252157,0.9659258262890681,2,0,0,900,1200.0,0,0,83.0,24.8,0.0,69
2026-08-05T23:00:00+00:00,z4,23,-0.25881904510252157,0.9659258262890681,2,0,0,300,350.0,0,0,8.0,24.8,0.0,16
2026-08-06T00:00:00+00:00,z1,0,0.0,1.0,3,0,0,400,500.0,0,0,63.0,21.3,0.0,28
2026-08-06T00:00:00+00:00,z2,0,0.0,1.0,3,0,0,600,450.0,0,0,61.0,21.3,0.0,82
2026-08-06T00:00:00+00:00,z3,0,0.0,1.0,3,0,0,900,1200.0,0,0,82.0,21.3,0.0,76
2026-08-06T00:00:00+00:00,z4,0,0.0,1.0,3,0,0,300,350.0,0,0,7.0,21.3,0.0,15
2026-08-06T01:00:00+00:00,z1,1,0.25881904510252074,0.9659258262890683,3,0,0,400,500.0,0,0,62.0,20.3,0.0,1
2026-08-06T01:00:00+00:00,z2,1,0.25881904510252074,0.9659258262890683,3,0,0,600,450.0,0,0,60.0,20.3,0.0,25
2026-08-06T01:00:00+00:00,z3,1,0.25881904510252074,0.9659258262890683,3,0,0,900,1200.0,0,0,81.0,20.3,0.0,17
2026-08-06T01:00:00+00:00,z4,1,0.25881904510252074,0.9659258262890683,3,0,0,300,350.0,0,0,6.0,20.3,0.0,12
2026-08-06T02:00:00+00:00,z1,2,0.49999999999999994,0.8660254037844387,3,0,0,400,500.0,0,0,61.0,21.7,0.0,19
2026-08-06T02:00:00+00:00,z2,2,0.49999999999999994,0.8660254037844387,3,0,0,600,450.0,0,0,59.0,21.7,0.0,20
2026-08-06T02:00:00+00:00,z3,2,0.49999999999999994,0.8660254037844387,3,0,0,900,1200.0,0,0,80.0,21.7,0.0,33
2026-08-06T02:00:00+00:00,z4,2,0.49999999999999994,0.8660254037844387,3,0,0,300,350.0,0,0,5.0,21.7,0.0,20
2026-08-06T03:00:00+00:00,z1,3,0.7071067811865476,0.7071067811865476,3,0,0,400,500.0,0,0,60.0,18.4,0.0,0
2026-08-06T03:00:00+00:00,z2,3,0.7071067811865476,0.7071067811865476,3,0,0,600,450.0,0,0,58.0,18.4,0.0,3
2026-08-06T03:00:00+00:00,z3,3,0.7071067811865476,0.7071067811865476,3,0,0,900,1200.0,0,0,79.0,18.4,0.0,117
2026-08-06T03:00:00+00:00,z4,3,0.7071067811865476,0.7071067811865476,3,0,0,300,350.0,0,0,4.0,18.4,0.0,5
2026-08-06T04:00:00+00:00,z1,4,0.8660254037844386,0.5000000000000001,3,0,0,400,500.0,0,0,59.0,20.8,0.0,1
2026-08-06T04:00:00+00:00,z2,4,0.8660254037844386,0.5000000000000001,3,0,0,600,450.0,0,0,57.0,20.8,0.0,33
2026-08-06T04:00:00+00:00,z3,4,0.8660254037844386,0.5000000000000001,3,0,0,900,1200.0,0,0,78.0,20.8,0.0,0
2026-08-06T04:00:00+00:00,z4,4,0.8660254037844386,0.5000000000000001,3,0,0,300,350.0,0,0,3.0,20.8,0.0,12
2026-08-06T05:00:00+00:00,z1,5,0.9659258262890683,0.25881904510252074,3,0,0,400,500.0,0,0,58.0,22.4,0.0,39
2026-08-06T05:00:00+00:00,z2,5,0.9659258262890683,0.25881904510252074,3,0,0,600,450.0,0,0,56.0,22.4,0.0,0
2026-08-06T05:00:00+00:00,z3,5,0.9659258262890683,0.25881904510252074,3,0,0,900,1200.0,0,0,77.0,22.4,0.0,0
2026-08-06T05:00:00+00:00,z4,5,0.9659258262890683,0.25881904510252074,3,0,0,300,350.0,0,0,2.0,22.4,0.0,0
2026-08-06T06:00:00+00:00,z1,6,1.0,6.123233995736766e-17,3,0,0,400,500.0,0,0,57.0,23.9,0.0,31
2026-08-06T06:00:00+00:00,z2,6,1.0,6.123233995736766e-17,3,0,0,600,450.0,0,0,55.0,23.9,0.0,110
2026-08-06T06:00:00+00:00,z3,6,1.0,6.123233995736766e-17,3,0,0,900,1200.0,0,0,76.0,23.9,0.0,58
2026-08-06T06:00:00+00:00,z4,6,1.0,6.123233995736766e-17,3,0,0,300,350.0,0,0,1.0,23.9,0.0,121
2026-08-06T07:00:00+00:00,z1,7,0.9659258262890683,-0.25881904510252063,3,0,0,400,500.0,0,0,56.0,25.3,0.0,37
2026-08-06T07:00:00+00:00,z2,7,0.9659258262890683,-0.25881904510252063,3,0,0,600,450.0,0,0,54.0,25.3,0.0,122
2026-08-06T07:00:00+00:00,z3,7,0.9659258262890683,-0.25881904510252063,3,0,0,900,1200.0,0,0,75.0,25.3,0.0,65
2026-08-06T07:00:00+00:00,z4,7,0.9659258262890683,-0.25881904510252063,3,0,0,300,350.0,275,1,83.0,25.3,0.0,91
2026-08-06T08:00:00+00:00,z1,8,0.8660254037844387,-0.4999999999999998,3,0,0,400,500.0,0,0,55.0,26.0,0.0,10
2026-08-06T08:00:00+00:00,z2,8,0.8660254037844387,-0.4999999999999998,3,0,0,600,450.0,0,0,53.0,26.0,0.0,412
2026-08-06T08:00:00+00:00,z3,8,0.8660254037844387,-0.4999999999999998,3,0,0,900,1200.0,0,0,74.0,26.0,0.0,65
2026-08-06T08:00:00+00:00,z4,8,0.8660254037844387,-0.4999999999999998,3,0,0,300,350.0,275,1,82.0,26.0,0.0,110
2026-08-06T09:00:00+00:00,z1,9,0.7071067811865476,-0.7071067811865475,3,0,0,400,500.0,0,0,54.0,28.4,0.0,213
2026-08-06T09:00:00+00:00,z2,9,0.7071067811865476,-0.7071067811865475,3,0,0,600,450.0,0,0,52.0,28.4,0.0,533
2026-08-06T09:00:00+00:00,z3,9,0.7071067811865476,-0.7071067811865475,3,0,0,900,1200.0,0,0,73.0,28.4,0.0,67
2026-08-06T09:00:00+00:00,z4,9,0.7071067811865476,-0.7071067811865475,3,0,0,300,350.0,275,1,81.0,28.4,0.0,121
2026-08-06T10:00:00+00:00,z1,10,0.49999999999999994,-0.8660254037844387,3,0,0,400,500.0,0,0,53.0,31.0,0.0,223
2026-08-06T10:00:00+00:00,z2,10,0.49999999999999994,-0.8660254037844387,3,0,0,600,450.0,0,0,51.0,31.0,0.0,421
2026-08-06T10:00:00+00:00,z3,10,0.49999999999999994,-0.8660254037844387,3,0,0,900,1200.0,0,0,72.0,31.0,0.0,96
2026-08-06T10:00:00+00:00,z4,10,0.49999999999999994,-0.8660254037844387,3,0,0,300,350.0,0,0,80.0,31.0,0.0,16
2026-08-06T11:00:00+00:00,z1,11,0.258819045102521,-0.9659258262890682,3,0,0,400,500.0,0,0,52.0,30.1,16.8,154
2026-08-06T11:00:00+00:00,z2,11,0.258819045102521,-0.9659258262890682,3,0,0,600,450.0,0,0,50.0,30.1,16.8,137
2026-08-06T11:00:00+00:00,z3,11,0.258819045102521,-0.9659258262890682,3,0,0,900,1200.0,0,0,71.0,30.1,16.8,26
2026-08-06T11:00:00+00:00,z4,11,0.258819045102521,-0.9659258262890682,3,0,0,300,350.0,0,0,79.0,30.1,16.8,10
2026-08-06T12:00:00+00:00,z1,12,1.2246467991473532e-16,-1.0,3,0,0,400,500.0,0,0,51.0,34.8,0.0,254
2026-08-06T12:00:00+00:00,z2,12,1.2246467991473532e-16,-1.0,3,0,0,600,450.0,0,0,49.0,34.8,0.0,227
2026-08-06T12:00:00+00:00,z3,12,1.2246467991473532e-16,-1.0,3,0,0,900,1200.0,0,0,70.0,34.8,0.0,236
2026-08-06T12:00:00+00:00,z4,12,1.2246467991473532e-16,-1.0,3,0,0,300,350.0,0,0,78.0,34.8,0.0,212
2026-08-06T13:00:00+00:00,z1,13,-0.2588190451025208,-0.9659258262890683,3,0,0,400,500.0,0,0,50.0,34.2,5.6,151
2026-08-06T13:00:00+00:00,z2,13,-0.2588190451025208,-0.9659258262890683,3,0,0,600,450.0,0,0,48.0,34.2,5.6,172
2026-08-06T13:00:00+00:00,z3,13,-0.2588190451025208,-0.9659258262890683,3,0,0,900,1200.0,0,0,69.0,34.2,5.6,95
2026-08-06T13:00:00+00:00,z4,13,-0.2588190451025208,-0.9659258262890683,3,0,0,300,350.0,0,0,77.0,34.2,5.6,191
2026-08-06T14:00:00+00:00,z1,14,-0.4999999999999997,-0.8660254037844388,3,0,0,400,500.0,0,0,49.0,37.0,0.0,241
2026-08-06T14:00:00+00:00,z2,14,-0.4999999999999997,-0.8660254037844388,3,0,0,600,450.0,0,0,47.0,37.0,0.0,219
2026-08-06T14:00:00+00:00,z3,14,-0.4999999999999997,-0.8660254037844388,3,0,0,900,1200.0,0,0,68.0,37.0,0.0,217
2026-08-06T14:00:00+00:00,z4,14,-0.4999999999999997,-0.8660254037844388,3,0,0,300,350.0,0,0,76.0,37.0,0.0,232
2026-08-06T15:00:00+00:00,z1,15,-0.7071067811865471,-0.7071067811865479,3,0,0,400,500.0,0,0,48.0,37.2,0.0,258
2026-08-06T15:00:00+00:00,z2,15,-0.7071067811865471,-0.7071067811865479,3,0,0,600,450.0,0,0,46.0,37.2,0.0,186
2026-08-06T15:00:00+00:00,z3,15,-0.7071067811865471,-0.7071067811865479,3,0,0,900,1200.0,0,0,67.0,37.2,0.0,270
2026-08-06T15:00:00+00:00,z4,15,-0.7071067811865471,-0.7071067811865479,3,0,0,300,350.0,0,0,75.0,37.2,0.0,53
2026-08-06T16:00:00+00:00,z1,16,-0.8660254037844385,-0.5000000000000004,3,0,0,400,500.0,0,0,47.0,36.5,0.0,253
2026-08-06T16:00:00+00:00,z2,16,-0.8660254037844385,-0.5000000000000004,3,0,0,600,450.0,0,0,45.0,36.5,0.0,213
2026-08-06T16:00:00+00:00,z3,16,-0.8660254037844385,-0.5000000000000004,3,0,0,900,1200.0,0,0,66.0,36.5,0.0,188
2026-08-06T16:00:00+00:00,z4,16,-0.8660254037844385,-0.5000000000000004,3,0,0,300,350.0,0,0,74.0,36.5,0.0,74
2026-08-06T17:00:00+00:00,z1,17,-0.9659258262890683,-0.25881904510252063,3,0,0,400,500.0,0,0,46.0,33.7,0.0,242
2026-08-06T17:00:00+00:00,z2,17,-0.9659258262890683,-0.25881904510252063,3,0,0,600,450.0,0,0,44.0,33.7,0.0,474
2026-08-06T17:00:00+00:00,z3,17,-0.9659258262890683,-0.25881904510252063,3,0,0,900,1200.0,0,0,65.0,33.7,0.0,493
2026-08-06T17:00:00+00:00,z4,17,-0.9659258262890683,-0.25881904510252063,3,0,0,300,350.0,0,0,73.0,33.7,0.0,85
2026-08-06T18:00:00+00:00,z1,18,-1.0,-1.8369701987210297e-16,3,0,0,400,500.0,0,0,45.0,35.2,0.0,213
2026-08-06T18:00:00+00:00,z2,18,-1.0,-1.8369701987210297e-16,3,0,0,600,450.0,0,0,43.0,35.2,0.0,531
2026-08-06T18:00:00+00:00,z3,18,-1.0,-1.8369701987210297e-16,3,0,0,900,1200.0,0,0,64.0,35.2,0.0,571
2026-08-06T18:00:00+00:00,z4,18,-1.0,-1.8369701987210297e-16,3,0,0,300,350.0,0,0,72.0,35.2,0.0,82
2026-08-06T19:00:00+00:00,z1,19,-0.9659258262890684,0.2588190451025203,3,0,0,400,500.0,0,0,44.0,33.7,0.0,178
2026-08-06T19:00:00+00:00,z2,19,-0.9659258262890684,0.2588190451025203,3,0,0,600,450.0,0,0,42.0,33.7,0.0,534
2026-08-06T19:00:00+00:00,z3,19,-0.9659258262890684,0.2588190451025203,3,0,0,900,1200.0,0,0,63.0,33.7,0.0,595
2026-08-06T19:00:00+00:00,z4,19,-0.9659258262890684,0.2588190451025203,3,0,0,300,350.0,0,0,71.0,33.7,0.0,234
2026-08-06T20:00:00+00:00,z1,20,-0.8660254037844386,0.5000000000000001,3,0,0,400,500.0,0,0,43.0,30.6,0.0,85
2026-08-06T20:00:00+00:00,z2,20,-0.8660254037844386,0.5000000000000001,3,0,0,600,450.0,0,0,41.0,30.6,0.0,477
2026-08-06T20:00:00+00:00,z3,20,-0.8660254037844386,0.5000000000000001,3,0,0,900,1200.0,0,0,62.0,30.6,0.0,572
2026-08-06T20:00:00+00:00,z4,20,-0.8660254037844386,0.5000000000000001,3,0,0,300,350.0,0,0,70.0,30.6,0.0,268
2026-08-06T21:00:00+00:00,z1,21,-0.7071067811865477,0.7071067811865474,3,0,0,400,500.0,0,0,42.0,29.9,0.0,86
2026-08-06T21:00:00+00:00,z2,21,-0.7071067811865477,0.7071067811865474,3,0,0,600,450.0,0,0,40.0,29.9,0.0,75
2026-08-06T21:00:00+00:00,z3,21,-0.7071067811865477,0.7071067811865474,3,0,0,900,1200.0,0,0,61.0,29.9,0.0,530
2026-08-06T21:00:00+00:00,z4,21,-0.7071067811865477,0.7071067811865474,3,0,0,300,350.0,0,0,69.0,29.9,0.0,241
2026-08-06T22:00:00+00:00,z1,22,-0.5000000000000004,0.8660254037844384,3,0,0,400,500.0,0,0,41.0,26.7,0.0,93
2026-08-06T22:00:00+00:00,z2,22,-0.5000000000000004,0.8660254037844384,3,0,0,600,450.0,0,0,39.0,26.7,0.0,99
2026-08-06T22:00:00+00:00,z3,22,-0.5000000000000004,0.8660254037844384,3,0,0,900,1200.0,0,0,60.0,26.7,0.0,50
2026-08-06T22:00:00+00:00,z4,22,-0.5000000000000004,0.8660254037844384,3,0,0,300,350.0,0,0,68.0,26.7,0.0,29
2026-08-06T23:00:00+00:00,z1,23,-0.25881904510252157,0.9659258262890681,3,0,0,400,500.0,0,0,40.0,23.6,0.0,116
2026-08-06T23:00:00+00:00,z2,23,-0.25881904510252157,0.9659258262890681,3,0,0,600,450.0,0,0,38.0,23.6,0.0,82
2026-08-06T23:00:00+00:00,z3,23,-0.25881904510252157,0.9659258262890681,3,0,0,900,1200.0,0,0,59.0,23.6,0.0,55
2026-08-06T23:00:00+00:00,z4,23,-0.25881904510252157,0.9659258262890681,3,0,0,300,350.0,0,0,67.0,23.6,0.0,0
2026-08-07T00:00:00+00:00,z1,0,0.0,1.0,4,0,0,400,500.0,0,0,39.0,21.4,10.5,0
2026-08-07T00:00:00+00:00,z2,0,0.0,1.0,4,0,0,600,450.0,0,0,37.0,21.4,10.5,43
2026-08-07T00:00:00+00:00,z3,0,0.0,1.0,4,0,0,900,1200.0,0,0,58.0,21.4,10.5,43
2026-08-07T00:00:00+00:00,z4,0,0.0,1.0,4,0,0,300,350.0,0,0,66.0,21.4,10.5,8
2026-08-07T01:00:00+00:00,z1,1,0.25881904510252074,0.9659258262890683,4,0,0,400,500.0,0,0,38.0,22.9,18.5,0
2026-08-07T01:00:00+00:00,z2,1,0.25881904510252074,0.9659258262890683,4,0,0,600,450.0,0,0,36.0,22.9,18.5,16
2026-08-07T01:00:00+00:00,z3,1,0.25881904510252074,0.9659258262890683,4,0,0,900,1200.0,0,0,57.0,22.9,18.5,30
2026-08-07T01:00:00+00:00,z4,1,0.25881904510252074,0.9659258262890683,4,0,0,300,350.0,0,0,65.0,22.9,18.5,14
2026-08-07T02:00:00+00:00,z1,2,0.49999999999999994,0.8660254037844387,4,0,0,400,500.0,0,0,37.0,18.7,0.0,0
2026-08-07T02:00:00+00:00,z2,2,0.49999999999999994,0.8660254037844387,4,0,0,600,450.0,0,0,35.0,18.7,0.0,25
2026-08-07T02:00:00+00:00,z3,2,0.49999999999999994,0.8660254037844387,4,0,0,900,1200.0,0,0,56.0,18.7,0.0,2
2026-08-07T02:00:00+00:00,z4,2,0.49999999999999994,0.8660254037844387,4,0,0,300,350.0,0,0,64.0,18.7,0.0,17
2026-08-07T03:00:00+00:00,z1,3,0.7071067811865476,0.7071067811865476,4,0,0,400,500.0,0,0,36.0,20.0,0.0,28
2026-08-07T03:00:00+00:00,z2,3,0.7071067811865476,0.7071067811865476,4,0,0,600,450.0,0,0,34.0,20.0,0.0,7
2026-08-07T03:00:00+00:00,z3,3,0.7071067811865476,0.7071067811865476,4,0,0,900,1200.0,0,0,55.0,20.0,0.0,24
2026-08-07T03:00:00+00:00,z4,3,0.7071067811865476,0.7071067811865476,4,0,0,300,350.0,0,0,63.0,20.0,0.0,4
2026-08-07T04:00:00+00:00,z1,4,0.8660254037844386,0.5000000000000001,4,0,0,400,500.0,0,0,35.0,21.0,0.0,0
2026-08-07T04:00:00+00:00,z2,4,0.8660254037844386,0.5000000000000001,4,0,0,600,450.0,0,0,33.0,21.0,0.0,21
2026-08-07T04:00:00+00:00,z3,4,0.8660254037844386,0.5000000000000001,4,0,0,900,1200.0,0,0,54.0,21.0,0.0,18
2026-08-07T04:00:00+00:00,z4,4,0.8660254037844386,0.5000000000000001,4,0,0,300,350.0,0,0,62.0,21.0,0.0,17
2026-08-07T05:00:00+00:00,z1,5,0.9659258262890683,0.25881904510252074,4,0,0,400,500.0,0,0,34.0,21.5,0.0,0
2026-08-07T05:00:00+00:00,z2,5,0.9659258262890683,0.25881904510252074,4,0,0,600,450.0,0,0,32.0,21.5,0.0,13
2026-08-07T05:00:00+00:00,z3,5,0.9659258262890683,0.25881904510252074,4,0,0,900,1200.0,0,0,53.0,21.5,0.0,0
2026-08-07T05:00:00+00:00,z4,5,0.9659258262890683,0.25881904510252074,4,0,0,300,350.0,0,0,61.0,21.5,0.0,0
2026-08-07T06:00:00+00:00,z1,6,1.0,6.123233995736766e-17,4,0,0,400,500.0,0,0,33.0,20.9,0.0,6
2026-08-07T06:00:00+00:00,z2,6,1.0,6.123233995736766e-17,4,0,0,600,450.0,0,0,31.0,20.9,0.0,108
2026-08-07T06:00:00+00:00,z3,6,1.0,6.123233995736766e-17,4,0,0,900,1200.0,0,0,52.0,20.9,0.0,53
2026-08-07T06:00:00+00:00,z4,6,1.0,6.123233995736766e-17,4,0,0,300,350.0,0,0,60.0,20.9,0.0,16
2026-08-07T07:00:00+00:00,z1,7,0.9659258262890683,-0.25881904510252063,4,0,0,400,500.0,0,0,32.0,24.8,0.0,15
2026-08-07T07:00:00+00:00,z2,7,0.9659258262890683,-0.25881904510252063,4,0,0,600,450.0,0,0,30.0,24.8,0.0,67
2026-08-07T07:00:00+00:00,z3,7,0.9659258262890683,-0.25881904510252063,4,0,0,900,1200.0,0,0,51.0,24.8,0.0,67
2026-08-07T07:00:00+00:00,z4,7,0.9659258262890683,-0.25881904510252063,4,0,0,300,350.0,0,0,59.0,24.8,0.0,20
2026-08-07T08:00:00+00:00,z1,8,0.8660254037844387,-0.4999999999999998,4,0,0,400,500.0,0,0,31.0,26.8,0.0,6
2026-08-07T08:00:00+00:00,z2,8,0.8660254037844387,-0.4999999999999998,4,0,0,600,450.0,0,0,29.0,26.8,0.0,435
2026-08-07T08:00:00+00:00,z3,8,0.8660254037844387,-0.4999999999999998,4,0,0,900,1200.0,0,0,50.0,26.8,0.0,49
2026-08-07T08:00:00+00:00,z4,8,0.8660254037844387,-0.4999999999999998,4,0,0,300,350.0,0,0,58.0,26.8,0.0,11
2026-08-07T09:00:00+00:00,z1,9,0.7071067811865476,-0.7071067811865475,4,0,0,400,500.0,0,0,30.0,28.9,0.0,206
2026-08-07T09:00:00+00:00,z2,9,0.7071067811865476,-0.7071067811865475,4,0,0,600,450.0,0,0,28.0,28.9,0.0,498
2026-08-07T09:00:00+00:00,z3,9,0.7071067811865476,-0.7071067811865475,4,0,0,900,1200.0,0,0,49.0,28.9,0.0,73
2026-08-07T09:00:00+00:00,z4,9,0.7071067811865476,-0.7071067811865475,4,0,0,300,350.0,0,0,57.0,28.9,0.0,12
2026-08-07T10:00:00+00:00,z1,10,0.49999999999999994,-0.8660254037844387,4,0,0,400,500.0,0,0,29.0,28.5,9.7,122
2026-08-07T10:00:00+00:00,z2,10,0.49999999999999994,-0.8660254037844387,4,0,0,600,450.0,0,0,27.0,28.5,9.7,272
2026-08-07T10:00:00+00:00,z3,10,0.49999999999999994,-0.8660254037844387,4,0,0,900,1200.0,0,0,48.0,28.5,9.7,0
2026-08-07T10:00:00+00:00,z4,10,0.49999999999999994,-0.8660254037844387,4,0,0,300,350.0,0,0,56.0,28.5,9.7,17
2026-08-07T11:00:00+00:00,z1,11,0.258819045102521,-0.9659258262890682,4,0,0,400,500.0,0,0,28.0,30.9,0.0,248
2026-08-07T11:00:00+00:00,z2,11,0.258819045102521,-0.9659258262890682,4,0,0,600,450.0,0,0,26.0,30.9,0.0,223
2026-08-07T11:00:00+00:00,z3,11,0.258819045102521,-0.9659258262890682,4,0,0,900,1200.0,0,0,47.0,30.9,0.0,65
2026-08-07T11:00:00+00:00,z4,11,0.258819045102521,-0.9659258262890682,4,0,0,300,350.0,0,0,55.0,30.9,0.0,18
2026-08-07T12:00:00+00:00,z1,12,1.2246467991473532e-16,-1.0,4,0,0,400,500.0,0,0,27.0,35.4,0.0,257
2026-08-07T12:00:00+00:00,z2,12,1.2246467991473532e-16,-1.0,4,0,0,600,450.0,0,0,25.0,35.4,0.0,179
2026-08-07T12:00:00+00:00,z3,12,1.2246467991473532e-16,-1.0,4,0,0,900,1200.0,0,0,46.0,35.4,0.0,223
2026-08-07T12:00:00+00:00,z4,12,1.2246467991473532e-16,-1.0,4,0,0,300,350.0,0,0,54.0,35.4,0.0,222
2026-08-07T13:00:00+00:00,z1,13,-0.2588190451025208,-0.9659258262890683,4,0,0,400,500.0,0,0,26.0,33.1,0.0,266
2026-08-07T13:00:00+00:00,z2,13,-0.2588190451025208,-0.9659258262890683,4,0,0,600,450.0,0,0,24.0,33.1,0.0,262
2026-08-07T13:00:00+00:00,z3,13,-0.2588190451025208,-0.9659258262890683,4,0,0,900,1200.0,0,0,45.0,33.1,0.0,201
2026-08-07T13:00:00+00:00,z4,13,-0.2588190451025208,-0.9659258262890683,4,0,0,300,350.0,0,0,53.0,33.1,0.0,242
2026-08-07T14:00:00+00:00,z1,14,-0.4999999999999997,-0.8660254037844388,4,0,0,400,500.0,0,0,25.0,35.3,0.0,265
2026-08-07T14:00:00+00:00,z2,14,-0.4999999999999997,-0.8660254037844388,4,0,0,600,450.0,0,0,23.0,35.3,0.0,262
2026-08-07T14:00:00+00:00,z3,14,-0.4999999999999997,-0.8660254037844388,4,0,0,900,1200.0,0,0,44.0,35.3,0.0,233
2026-08-07T14:00:00+00:00,z4,14,-0.4999999999999997,-0.8660254037844388,4,0,0,300,350.0,0,0,52.0,35.3,0.0,217
2026-08-07T15:00:00+00:00,z1,15,-0.7071067811865471,-0.7071067811865479,4,0,0,400,500.0,0,0,24.0,36.3,0.0,269
2026-08-07T15:00:00+00:00,z2,15,-0.7071067811865471,-0.7071067811865479,4,0,0,600,450.0,0,0,22.0,36.3,0.0,222
2026-08-07T15:00:00+00:00,z3,15,-0.7071067811865471,-0.7071067811865479,4,0,0,900,1200.0,0,0,43.0,36.3,0.0,236
2026-08-07T15:00:00+00:00,z4,15,-0.7071067811865471,-0.7071067811865479,4,0,0,300,350.0,0,0,51.0,36.3,0.0,85
2026-08-07T16:00:00+00:00,z1,16,-0.8660254037844385,-0.5000000000000004,4,0,0,400,500.0,0,0,23.0,34.3,0.0,261
2026-08-07T16:00:00+00:00,z2,16,-0.8660254037844385,-0.5000000000000004,4,0,0,600,450.0,0,0,21.0,34.3,0.0,233
2026-08-07T16:00:00+00:00,z3,16,-0.8660254037844385,-0.5000000000000004,4,0,0,900,1200.0,0,0,42.0,34.3,0.0,191
2026-08-07T16:00:00+00:00,z4,16,-0.8660254037844385,-0.5000000000000004,4,0,0,300,350.0,0,0,50.0,34.3,0.0,60
2026-08-07T17:00:00+00:00,z1,17,-0.9659258262890683,-0.25881904510252063,4,0,0,400,500.0,0,0,22.0,33.1,0.0,250
2026-08-07T17:00:00+00:00,z2,17,-0.9659258262890683,-0.25881904510252063,4,0,0,600,450.0,0,0,20.0,33.1,0.0,428
2026-08-07T17:00:00+00:00,z3,17,-0.9659258262890683,-0.25881904510252063,4,0,0,900,1200.0,0,0,41.0,33.1,0.0,507
2026-08-07T17:00:00+00:00,z4,17,-0.9659258262890683,-0.25881904510252063,4,0,0,300,350.0,0,0,49.0,33.1,0.0,69
2026-08-07T18:00:00+00:00,z1,18,-1.0,-1.8369701987210297e-16,4,0,0,400,500.0,0,0,21.0,35.0,0.0,231
2026-08-07T18:00:00+00:00,z2,18,-1.0,-1.8369701987210297e-16,4,0,0,600,450.0,0,0,19.0,35.0,0.0,523
2026-08-07T18:00:00+00:00,z3,18,-1.0,-1.8369701987210297e-16,4,0,0,900,1200.0,0,0,40.0,35.0,0.0,593
2026-08-07T18:00:00+00:00,z4,18,-1.0,-1.8369701987210297e-16,4,0,0,300,350.0,0,0,48.0,35.0,0.0,87
2026-08-07T19:00:00+00:00,z1,19,-0.9659258262890684,0.2588190451025203,4,0,0,400,500.0,0,0,20.0,31.1,0.0,185
2026-08-07T19:00:00+00:00,z2,19,-0.9659258262890684,0.2588190451025203,4,0,0,600,450.0,0,0,18.0,31.1,0.0,554
2026-08-07T19:00:00+00:00,z3,19,-0.9659258262890684,0.2588190451025203,4,0,0,900,1200.0,0,0,39.0,31.1,0.0,627
2026-08-07T19:00:00+00:00,z4,19,-0.9659258262890684,0.2588190451025203,4,0,0,300,350.0,0,0,47.0,31.1,0.0,248
2026-08-07T20:00:00+00:00,z1,20,-0.8660254037844386,0.5000000000000001,4,0,0,400,500.0,0,0,19.0,30.5,0.0,91
2026-08-07T20:00:00+00:00,z2,20,-0.8660254037844386,0.5000000000000001,4,0,0,600,450.0,0,0,17.0,30.5,0.0,444
2026-08-07T20:00:00+00:00,z3,20,-0.8660254037844386,0.5000000000000001,4,0,0,900,1200.0,0,0,38.0,30.5,0.0,563
2026-08-07T20:00:00+00:00,z4,20,-0.8660254037844386,0.5000000000000001,4,0,0,300,350.0,0,0,46.0,30.5,0.0,264
2026-08-07T21:00:00+00:00,z1,21,-0.7071067811865477,0.7071067811865474,4,0,0,400,500.0,0,0,18.0,27.1,0.0,120
2026-08-07T21:00:00+00:00,z2,21,-0.7071067811865477,0.7071067811865474,4,0,0,600,450.0,0,0,16.0,27.1,0.0,93
2026-08-07T21:00:00+00:00,z3,21,-0.7071067811865477,0.7071067811865474,4,0,0,900,1200.0,0,0,37.0,27.1,0.0,422
2026-08-07T21:00:00+00:00,z4,21,-0.7071067811865477,0.7071067811865474,4,0,0,300,350.0,0,0,45.0,27.1,0.0,243
2026-08-07T22:00:00+00:00,z1,22,-0.5000000000000004,0.8660254037844384,4,0,0,400,500.0,0,0,17.0,27.5,0.0,96
2026-08-07T22:00:00+00:00,z2,22,-0.5000000000000004,0.8660254037844384,4,0,0,600,450.0,0,0,15.0,27.5,0.0,89
2026-08-07T22:00:00+00:00,z3,22,-0.5000000000000004,0.8660254037844384,4,0,0,900,1200.0,0,0,36.0,27.5,0.0,62
2026-08-07T22:00:00+00:00,z4,22,-0.5000000000000004,0.8660254037844384,4,0,0,300,350.0,0,0,44.0,27.5,0.0,22
2026-08-07T23:00:00+00:00,z1,23,-0.25881904510252157,0.9659258262890681,4,0,0,400,500.0,0,0,16.0,26.0,0.0,113
2026-08-07T23:00:00+00:00,z2,23,-0.25881904510252157,0.9659258262890681,4,0,0,600,450.0,0,0,14.0,26.0,0.0,95
2026-08-07T23:00:00+00:00,z3,23,-0.25881904510252157,0.9659258262890681,4,0,0,900,1200.0,0,0,35.0,26.0,0.0,63
2026-08-07T23:00:00+00:00,z4,23,-0.25881904510252157,0.9659258262890681,4,0,0,300,350.0,0,0,43.0,26.0,0.0,15
2026-08-08T00:00:00+00:00,z1,0,0.0,1.0,5,1,0,400,500.0,0,0,15.0,20.9,0.0,20
2026-08-08T00:00:00+00:00,z2,0,0.0,1.0,5,1,0,600,450.0,0,0,13.0,20.9,0.0,76
2026-08-08T00:00:00+00:00,z3,0,0.0,1.0,5,1,0,900,1200.0,0,0,34.0,20.9,0.0,106
2026-08-08T00:00:00+00:00,z4,0,0.0,1.0,5,1,0,300,350.0,0,0,42.0,20.9,0.0,19
2026-08-08T01:00:00+00:00,z1,1,0.25881904510252074,0.9659258262890683,5,1,0,400,500.0,0,0,14.0,21.7,0.0,27
2026-08-08T01:00:00+00:00,z2,1,0.25881904510252074,0.9659258262890683,5,1,0,600,450.0,0,0,12.0,21.7,0.0,37
2026-08-08T01:00:00+00:00,z3,1,0.25881904510252074,0.9659258262890683,5,1,0,900,1200.0,0,0,33.0,21.7,0.0,6
2026-08-08T01:00:00+00:00,z4,1,0.25881904510252074,0.9659258262890683,5,1,0,300,350.0,0,0,41.0,21.7,0.0,14
2026-08-08T02:00:00+00:00,z1,2,0.49999999999999994,0.8660254037844387,5,1,0,400,500.0,0,0,13.0,19.3,0.0,2
2026-08-08T02:00:00+00:00,z2,2,0.49999999999999994,0.8660254037844387,5,1,0,600,450.0,0,0,11.0,19.3,0.0,42
2026-08-08T02:00:00+00:00,z3,2,0.49999999999999994,0.8660254037844387,5,1,0,900,1200.0,0,0,32.0,19.3,0.0,29
2026-08-08T02:00:00+00:00,z4,2,0.49999999999999994,0.8660254037844387,5,1,0,300,350.0,0,0,40.0,19.3,0.0,0
2026-08-08T03:00:00+00:00,z1,3,0.7071067811865476,0.7071067811865476,5,1,0,400,500.0,0,0,12.0,19.4,0.0,17
2026-08-08T03:00:00+00:00,z2,3,0.7071067811865476,0.7071067811865476,5,1,0,600,450.0,0,0,10.0,19.4,0.0,0
2026-08-08T03:00:00+00:00,z3,3,0.7071067811865476,0.7071067811865476,5,1,0,900,1200.0,0,0,31.0,19.4,0.0,0
2026-08-08T03:00:00+00:00,z4,3,0.7071067811865476,0.7071067811865476,5,1,0,300,350.0,0,0,39.0,19.4,0.0,12
2026-08-08T04:00:00+00:00,z1,4,0.8660254037844386,0.5000000000000001,5,1,0,400,500.0,0,0,11.0,18.8,22.0,7
2026-08-08T04:00:00+00:00,z2,4,0.8660254037844386,0.5000000000000001,5,1,0,600,450.0,0,0,9.0,18.8,22.0,5
2026-08-08T04:00:00+00:00,z3,4,0.8660254037844386,0.5000000000000001,5,1,0,900,1200.0,0,0,30.0,18.8,22.0,0
2026-08-08T04:00:00+00:00,z4,4,0.8660254037844386,0.5000000000000001,5,1,0,300,350.0,0,0,38.0,18.8,22.0,0
2026-08-08T05:00:00+00:00,z1,5,0.9659258262890683,0.25881904510252074,5,1,0,400,500.0,0,0,10.0,22.6,0.0,20
2026-08-08T05:00:00+00:00,z2,5,0.9659258262890683,0.25881904510252074,5,1,0,600,450.0,0,0,8.0,22.6,0.0,40
2026-08-08T05:00:00+00:00,z3,5,0.9659258262890683,0.25881904510252074,5,1,0,900,1200.0,0,0,29.0,22.6,0.0,32
2026-08-08T05:00:00+00:00,z4,5,0.9659258262890683,0.25881904510252074,5,1,0,300,350.0,0,0,37.0,22.6,0.0,22
2026-08-08T06:00:00+00:00,z1,6,1.0,6.123233995736766e-17,5,1,0,400,500.0,0,0,9.0,22.0,19.7,16
2026-08-08T06:00:00+00:00,z2,6,1.0,6.123233995736766e-17,5,1,0,600,450.0,0,0,7.0,22.0,19.7,54
2026-08-08T06:00:00+00:00,z3,6,1.0,6.123233995736766e-17,5,1,0,900,1200.0,0,0,28.0,22.0,19.7,42
2026-08-08T06:00:00+00:00,z4,6,1.0,6.123233995736766e-17,5,1,0,300,350.0,0,0,36.0,22.0,19.7,0
2026-08-08T07:00:00+00:00,z1,7,0.9659258262890683,-0.25881904510252063,5,1,0,400,500.0,0,0,8.0,24.7,0.0,19
2026-08-08T07:00:00+00:00,z2,7,0.9659258262890683,-0.25881904510252063,5,1,0,600,450.0,0,0,6.0,24.7,0.0,110
2026-08-08T07:00:00+00:00,z3,7,0.9659258262890683,-0.25881904510252063,5,1,0,900,1200.0,0,0,27.0,24.7,0.0,109
2026-08-08T07:00:00+00:00,z4,7,0.9659258262890683,-0.25881904510252063,5,1,0,300,350.0,0,0,35.0,24.7,0.0,28
2026-08-08T08:00:00+00:00,z1,8,0.8660254037844387,-0.4999999999999998,5,1,0,400,500.0,0,0,7.0,24.0,0.0,16
2026-08-08T08:00:00+00:00,z2,8,0.8660254037844387,-0.4999999999999998,5,1,0,600,450.0,0,0,5.0,24.0,0.0,114
2026-08-08T08:00:00+00:00,z3,8,0.8660254037844387,-0.4999999999999998,5,1,0,900,1200.0,0,0,26.0,24.0,0.0,85
2026-08-08T08:00:00+00:00,z4,8,0.8660254037844387,-0.4999999999999998,5,1,0,300,350.0,0,0,34.0,24.0,0.0,28
2026-08-08T09:00:00+00:00,z1,9,0.7071067811865476,-0.7071067811865475,5,1,0,400,500.0,0,0,6.0,28.7,0.0,260
2026-08-08T09:00:00+00:00,z2,9,0.7071067811865476,-0.7071067811865475,5,1,0,600,450.0,0,0,4.0,28.7,0.0,103
2026-08-08T09:00:00+00:00,z3,9,0.7071067811865476,-0.7071067811865475,5,1,0,900,1200.0,0,0,25.0,28.7,0.0,130
2026-08-08T09:00:00+00:00,z4,9,0.7071067811865476,-0.7071067811865475,5,1,0,300,350.0,0,0,33.0,28.7,0.0,13
2026-08-08T10:00:00+00:00,z1,10,0.49999999999999994,-0.8660254037844387,5,1,0,400,500.0,0,0,5.0,30.4,0.0,281
2026-08-08T10:00:00+00:00,z2,10,0.49999999999999994,-0.8660254037844387,5,1,0,600,450.0,0,0,3.0,30.4,0.0,113
2026-08-08T10:00:00+00:00,z3,10,0.49999999999999994,-0.8660254037844387,5,1,0,900,1200.0,0,0,24.0,30.4,0.0,86
2026-08-08T10:00:00+00:00,z4,10,0.49999999999999994,-0.8660254037844387,5,1,0,300,350.0,0,0,32.0,30.4,0.0,3
2026-08-08T11:00:00+00:00,z1,11,0.258819045102521,-0.9659258262890682,5,1,0,400,500.0,0,0,4.0,33.3,0.0,321
2026-08-08T11:00:00+00:00,z2,11,0.258819045102521,-0.9659258262890682,5,1,0,600,450.0,0,0,2.0,33.3,0.0,82
2026-08-08T11:00:00+00:00,z3,11,0.258819045102521,-0.9659258262890682,5,1,0,900,1200.0,0,0,23.0,33.3,0.0,372
2026-08-08T11:00:00+00:00,z4,11,0.258819045102521,-0.9659258262890682,5,1,0,300,350.0,0,0,31.0,33.3,0.0,25
2026-08-08T12:00:00+00:00,z1,12,1.2246467991473532e-16,-1.0,5,1,0,400,500.0,0,0,3.0,35.0,0.0,301
2026-08-08T12:00:00+00:00,z2,12,1.2246467991473532e-16,-1.0,5,1,0,600,450.0,0,0,1.0,35.0,0.0,322
2026-08-08T12:00:00+00:00,z3,12,1.2246467991473532e-16,-1.0,5,1,0,900,1200.0,0,0,22.0,35.0,0.0,408
2026-08-08T12:00:00+00:00,z4,12,1.2246467991473532e-16,-1.0,5,1,0,300,350.0,0,0,30.0,35.0,0.0,209
2026-08-08T13:00:00+00:00,z1,13,-0.2588190451025208,-0.9659258262890683,5,1,0,400,500.0,0,0,2.0,36.7,0.0,314
2026-08-08T13:00:00+00:00,z2,13,-0.2588190451025208,-0.9659258262890683,5,1,0,600,450.0,483,1,7.0,36.7,0.0,434
2026-08-08T13:00:00+00:00,z3,13,-0.2588190451025208,-0.9659258262890683,5,1,0,900,1200.0,0,0,21.0,36.7,0.0,353
2026-08-08T13:00:00+00:00,z4,13,-0.2588190451025208,-0.9659258262890683,5,1,0,300,350.0,0,0,29.0,36.7,0.0,241
2026-08-08T14:00:00+00:00,z1,14,-0.4999999999999997,-0.8660254037844388,5,1,0,400,500.0,0,0,1.0,37.6,0.0,439
2026-08-08T14:00:00+00:00,z2,14,-0.4999999999999997,-0.8660254037844388,5,1,0,600,450.0,483,1,6.0,37.6,0.0,449
2026-08-08T14:00:00+00:00,z3,14,-0.4999999999999997,-0.8660254037844388,5,1,0,900,1200.0,0,0,20.0,37.6,0.0,484
2026-08-08T14:00:00+00:00,z4,14,-0.4999999999999997,-0.8660254037844388,5,1,0,300,350.0,0,0,28.0,37.6,0.0,223
2026-08-08T15:00:00+00:00,z1,15,-0.7071067811865471,-0.7071067811865479,5,1,0,400,500.0,436,1,6.0,35.3,0.0,459
2026-08-08T15:00:00+00:00,z2,15,-0.7071067811865471,-0.7071067811865479,5,1,0,600,450.0,483,1,5.0,35.3,0.0,466
2026-08-08T15:00:00+00:00,z3,15,-0.7071067811865471,-0.7071067811865479,5,1,0,900,1200.0,0,0,19.0,35.3,0.0,420
2026-08-08T15:00:00+00:00,z4,15,-0.7071067811865471,-0.7071067811865479,5,1,0,300,350.0,0,0,27.0,35.3,0.0,72
2026-08-08T16:00:00+00:00,z1,16,-0.8660254037844385,-0.5000000000000004,5,1,0,400,500.0,436,1,5.0,36.0,0.0,479
2026-08-08T16:00:00+00:00,z2,16,-0.8660254037844385,-0.5000000000000004,5,1,0,600,450.0,483,1,4.0,36.0,0.0,457
2026-08-08T16:00:00+00:00,z3,16,-0.8660254037844385,-0.5000000000000004,5,1,0,900,1200.0,0,0,18.0,36.0,0.0,670
2026-08-08T16:00:00+00:00,z4,16,-0.8660254037844385,-0.5000000000000004,5,1,0,300,350.0,0,0,26.0,36.0,0.0,73
2026-08-08T17:00:00+00:00,z1,17,-0.9659258262890683,-0.25881904510252063,5,1,0,400,500.0,436,1,4.0,35.5,0.0,442
2026-08-08T17:00:00+00:00,z2,17,-0.9659258262890683,-0.25881904510252063,5,1,0,600,450.0,0,0,3.0,35.5,0.0,288
2026-08-08T17:00:00+00:00,z3,17,-0.9659258262890683,-0.25881904510252063,5,1,0,900,1200.0,0,0,17.0,35.5,0.0,726
2026-08-08T17:00:00+00:00,z4,17,-0.9659258262890683,-0.25881904510252063,5,1,0,300,350.0,0,0,25.0,35.5,0.0,77
2026-08-08T18:00:00+00:00,z1,18,-1.0,-1.8369701987210297e-16,5,1,0,400,500.0,436,1,3.0,31.9,0.0,416
2026-08-08T18:00:00+00:00,z2,18,-1.0,-1.8369701987210297e-16,5,1,0,600,450.0,0,0,2.0,31.9,0.0,293
2026-08-08T18:00:00+00:00,z3,18,-1.0,-1.8369701987210297e-16,5,1,0,900,1200.0,0,0,16.0,31.9,0.0,838
2026-08-08T18:00:00+00:00,z4,18,-1.0,-1.8369701987210297e-16,5,1,0,300,350.0,0,0,24.0,31.9,0.0,73
2026-08-08T19:00:00+00:00,z1,19,-0.9659258262890684,0.2588190451025203,5,1,0,400,500.0,0,0,2.0,31.6,0.0,259
2026-08-08T19:00:00+00:00,z2,19,-0.9659258262890684,0.2588190451025203,5,1,0,600,450.0,0,0,1.0,31.6,0.0,348
2026-08-08T19:00:00+00:00,z3,19,-0.9659258262890684,0.2588190451025203,5,1,0,900,1200.0,0,0,15.0,31.6,0.0,806
2026-08-08T19:00:00+00:00,z4,19,-0.9659258262890684,0.2588190451025203,5,1,0,300,350.0,0,0,23.0,31.6,0.0,242
2026-08-08T20:00:00+00:00,z1,20,-0.8660254037844386,0.5000000000000001,5,1,0,400,500.0,0,0,1.0,31.9,0.0,191
2026-08-08T20:00:00+00:00,z2,20,-0.8660254037844386,0.5000000000000001,5,1,0,600,450.0,976,1,6.0,31.9,0.0,606
2026-08-08T20:00:00+00:00,z3,20,-0.8660254037844386,0.5000000000000001,5,1,0,900,1200.0,0,0,14.0,31.9,0.0,832
2026-08-08T20:00:00+00:00,z4,20,-0.8660254037844386,0.5000000000000001,5,1,0,300,350.0,0,0,22.0,31.9,0.0,279
2026-08-08T21:00:00+00:00,z1,21,-0.7071067811865477,0.7071067811865474,5,1,0,400,500.0,632,1,36.0,26.4,0.0,306
2026-08-08T21:00:00+00:00,z2,21,-0.7071067811865477,0.7071067811865474,5,1,0,600,450.0,976,1,5.0,26.4,0.0,621
2026-08-08T21:00:00+00:00,z3,21,-0.7071067811865477,0.7071067811865474,5,1,0,900,1200.0,0,0,13.0,26.4,0.0,795
2026-08-08T21:00:00+00:00,z4,21,-0.7071067811865477,0.7071067811865474,5,1,0,300,350.0,0,0,21.0,26.4,0.0,240
2026-08-08T22:00:00+00:00,z1,22,-0.5000000000000004,0.8660254037844384,5,1,0,400,500.0,632,1,35.0,24.6,0.0,334
2026-08-08T22:00:00+00:00,z2,22,-0.5000000000000004,0.8660254037844384,5,1,0,600,450.0,0,0,4.0,24.6,0.0,133
2026-08-08T22:00:00+00:00,z3,22,-0.5000000000000004,0.8660254037844384,5,1,0,900,1200.0,0,0,12.0,24.6,0.0,681
2026-08-08T22:00:00+00:00,z4,22,-0.5000000000000004,0.8660254037844384,5,1,0,300,350.0,0,0,20.0,24.6,0.0,13
2026-08-08T23:00:00+00:00,z1,23,-0.25881904510252157,0.9659258262890681,5,1,0,400,500.0,632,1,34.0,23.1,0.0,293
2026-08-08T23:00:00+00:00,z2,23,-0.25881904510252157,0.9659258262890681,5,1,0,600,450.0,0,0,3.0,23.1,0.0,93
2026-08-08T23:00:00+00:00,z3,23,-0.25881904510252157,0.9659258262890681,5,1,0,900,1200.0,0,0,11.0,23.1,0.0,100
2026-08-08T23:00:00+00:00,z4,23,-0.25881904510252157,0.9659258262890681,5,1,0,300,350.0,0,0,19.0,23.1,0.0,15
2026-08-09T00:00:00+00:00,z1,0,0.0,1.0,6,1,0,400,500.0,632,1,33.0,23.0,0.0,233
2026-08-09T00:00:00+00:00,z2,0,0.0,1.0,6,1,0,600,450.0,0,0,2.0,23.0,0.0,53
2026-08-09T00:00:00+00:00,z3,0,0.0,1.0,6,1,0,900,1200.0,0,0,10.0,23.0,0.0,100
2026-08-09T00:00:00+00:00,z4,0,0.0,1.0,6,1,0,300,350.0,0,0,18.0,23.0,0.0,28
2026-08-09T01:00:00+00:00,z1,1,0.25881904510252074,0.9659258262890683,6,1,0,400,500.0,0,0,32.0,21.0,0.0,11
2026-08-09T01:00:00+00:00,z2,1,0.25881904510252074,0.9659258262890683,6,1,0,600,450.0,0,0,1.0,21.0,0.0,126
2026-08-09T01:00:00+00:00,z3,1,0.25881904510252074,0.9659258262890683,6,1,0,900,1200.0,0,0,9.0,21.0,0.0,0
2026-08-09T01:00:00+00:00,z4,1,0.25881904510252074,0.9659258262890683,6,1,0,300,350.0,0,0,17.0,21.0,0.0,11
2026-08-09T02:00:00+00:00,z1,2,0.49999999999999994,0.8660254037844387,6,1,0,400,500.0,0,0,31.0,20.9,0.0,9
2026-08-09T02:00:00+00:00,z2,2,0.49999999999999994,0.8660254037844387,6,1,0,600,450.0,592,1,40.0,20.9,0.0,214
2026-08-09T02:00:00+00:00,z3,2,0.49999999999999994,0.8660254037844387,6,1,0,900,1200.0,0,0,8.0,20.9,0.0,21
2026-08-09T02:00:00+00:00,z4,2,0.49999999999999994,0.8660254037844387,6,1,0,300,350.0,0,0,16.0,20.9,0.0,7
2026-08-09T03:00:00+00:00,z1,3,0.7071067811865476,0.7071067811865476,6,1,0,400,500.0,0,0,30.0,20.3,0.0,22
2026-08-09T03:00:00+00:00,z2,3,0.7071067811865476,0.7071067811865476,6,1,0,600,450.0,592,1,39.0,20.3,0.0,210
2026-08-09T03:00:00+00:00,z3,3,0.7071067811865476,0.7071067811865476,6,1,0,900,1200.0,0,0,7.0,20.3,0.0,24
2026-08-09T03:00:00+00:00,z4,3,0.7071067811865476,0.7071067811865476,6,1,0,300,350.0,0,0,15.0,20.3,0.0,10
2026-08-09T04:00:00+00:00,z1,4,0.8660254037844386,0.5000000000000001,6,1,0,400,500.0,0,0,29.0,20.0,9.9,0
2026-08-09T04:00:00+00:00,z2,4,0.8660254037844386,0.5000000000000001,6,1,0,600,450.0,592,1,38.0,20.0,9.9,200
2026-08-09T04:00:00+00:00,z3,4,0.8660254037844386,0.5000000000000001,6,1,0,900,1200.0,0,0,6.0,20.0,9.9,0
2026-08-09T04:00:00+00:00,z4,4,0.8660254037844386,0.5000000000000001,6,1,0,300,350.0,0,0,14.0,20.0,9.9,0
2026-08-09T05:00:00+00:00,z1,5,0.9659258262890683,0.25881904510252074,6,1,0,400,500.0,0,0,28.0,21.1,0.0,3
2026-08-09T05:00:00+00:00,z2,5,0.9659258262890683,0.25881904510252074,6,1,0,600,450.0,592,1,37.0,21.1,0.0,257
2026-08-09T05:00:00+00:00,z3,5,0.9659258262890683,0.25881904510252074,6,1,0,900,1200.0,0,0,5.0,21.1,0.0,45
2026-08-09T05:00:00+00:00,z4,5,0.9659258262890683,0.25881904510252074,6,1,0,300,350.0,0,0,13.0,21.1,0.0,6
2026-08-09T06:00:00+00:00,z1,6,1.0,6.123233995736766e-17,6,1,0,400,500.0,0,0,27.0,22.3,0.0,33
2026-08-09T06:00:00+00:00,z2,6,1.0,6.123233995736766e-17,6,1,0,600,450.0,0,0,36.0,22.3,0.0,94
2026-08-09T06:00:00+00:00,z3,6,1.0,6.123233995736766e-17,6,1,0,900,1200.0,0,0,4.0,22.3,0.0,97
2026-08-09T06:00:00+00:00,z4,6,1.0,6.123233995736766e-17,6,1,0,300,350.0,0,0,12.0,22.3,0.0,12
2026-08-09T07:00:00+00:00,z1,7,0.9659258262890683,-0.25881904510252063,6,1,0,400,500.0,0,0,26.0,22.5,0.0,11
2026-08-09T07:00:00+00:00,z2,7,0.9659258262890683,-0.25881904510252063,6,1,0,600,450.0,0,0,35.0,22.5,0.0,96
2026-08-09T07:00:00+00:00,z3,7,0.9659258262890683,-0.25881904510252063,6,1,0,900,1200.0,0,0,3.0,22.5,0.0,75
2026-08-09T07:00:00+00:00,z4,7,0.9659258262890683,-0.25881904510252063,6,1,0,300,350.0,0,0,11.0,22.5,0.0,31
2026-08-09T08:00:00+00:00,z1,8,0.8660254037844387,-0.4999999999999998,6,1,0,400,500.0,0,0,25.0,27.3,0.0,5
2026-08-09T08:00:00+00:00,z2,8,0.8660254037844387,-0.4999999999999998,6,1,0,600,450.0,0,0,34.0,27.3,0.0,118
2026-08-09T08:00:00+00:00,z3,8,0.8660254037844387,-0.4999999999999998,6,1,0,900,1200.0,0,0,2.0,27.3,0.0,87
2026-08-09T08:00:00+00:00,z4,8,0.8660254037844387,-0.4999999999999998,6,1,0,300,350.0,0,0,10.0,27.3,0.0,18
2026-08-09T09:00:00+00:00,z1,9,0.7071067811865476,-0.7071067811865475,6,1,0,400,500.0,0,0,24.0,27.2,3.8,153
2026-08-09T09:00:00+00:00,z2,9,0.7071067811865476,-0.7071067811865475,6,1,0,600,450.0,0,0,33.0,27.2,3.8,56
2026-08-09T09:00:00+00:00,z3,9,0.7071067811865476,-0.7071067811865475,6,1,0,900,1200.0,0,0,1.0,27.2,3.8,128
2026-08-09T09:00:00+00:00,z4,9,0.7071067811865476,-0.7071067811865475,6,1,0,300,350.0,0,0,9.0,27.2,3.8,0
2026-08-09T10:00:00+00:00,z1,10,0.49999999999999994,-0.8660254037844387,6,1,0,400,500.0,0,0,23.0,28.3,11.8,145
2026-08-09T10:00:00+00:00,z2,10,0.49999999999999994,-0.8660254037844387,6,1,0,600,450.0,0,0,32.0,28.3,11.8,51
2026-08-09T10:00:00+00:00,z3,10,0.49999999999999994,-0.8660254037844387,6,1,0,900,1200.0,1391,1,30.0,28.3,11.8,283
2026-08-09T10:00:00+00:00,z4,10,0.49999999999999994,-0.8660254037844387,6,1,0,300,350.0,0,0,8.0,28.3,11.8,9
2026-08-09T11:00:00+00:00,z1,11,0.258819045102521,-0.9659258262890682,6,1,0,400,500.0,0,0,22.0,30.4,0.0,300
2026-08-09T11:00:00+00:00,z2,11,0.258819045102521,-0.9659258262890682,6,1,0,600,450.0,0,0,31.0,30.4,0.0,103
2026-08-09T11:00:00+00:00,z3,11,0.258819045102521,-0.9659258262890682,6,1,0,900,1200.0,1391,1,29.0,30.4,0.0,905
2026-08-09T11:00:00+00:00,z4,11,0.258819045102521,-0.9659258262890682,6,1,0,300,350.0,0,0,7.0,30.4,0.0,9
2026-08-09T12:00:00+00:00,z1,12,1.2246467991473532e-16,-1.0,6,1,0,400,500.0,0,0,21.0,32.7,0.0,313
2026-08-09T12:00:00+00:00,z2,12,1.2246467991473532e-16,-1.0,6,1,0,600,450.0,0,0,30.0,32.7,0.0,242
2026-08-09T12:00:00+00:00,z3,12,1.2246467991473532e-16,-1.0,6,1,0,900,1200.0,1391,1,28.0,32.7,0.0,879
2026-08-09T12:00:00+00:00,z4,12,1.2246467991473532e-16,-1.0,6,1,0,300,350.0,0,0,6.0,32.7,0.0,232
2026-08-09T13:00:00+00:00,z1,13,-0.2588190451025208,-0.9659258262890683,6,1,0,400,500.0,0,0,20.0,34.9,17.2,175
2026-08-09T13:00:00+00:00,z2,13,-0.2588190451025208,-0.9659258262890683,6,1,0,600,450.0,0,0,29.0,34.9,17.2,179
2026-08-09T13:00:00+00:00,z3,13,-0.2588190451025208,-0.9659258262890683,6,1,0,900,1200.0,0,0,27.0,34.9,17.2,189
2026-08-09T13:00:00+00:00,z4,13,-0.2588190451025208,-0.9659258262890683,6,1,0,300,350.0,0,0,5.0,34.9,17.2,186
2026-08-09T14:00:00+00:00,z1,14,-0.4999999999999997,-0.8660254037844388,6,1,0,400,500.0,0,0,19.0,34.5,0.0,316
2026-08-09T14:00:00+00:00,z2,14,-0.4999999999999997,-0.8660254037844388,6,1,0,600,450.0,0,0,28.0,34.5,0.0,283
2026-08-09T14:00:00+00:00,z3,14,-0.4999999999999997,-0.8660254037844388,6,1,0,900,1200.0,0,0,26.0,34.5,0.0,387
2026-08-09T14:00:00+00:00,z4,14,-0.4999999999999997,-0.8660254037844388,6,1,0,300,350.0,0,0,4.0,34.5,0.0,225
2026-08-09T15:00:00+00:00,z1,15,-0.7071067811865471,-0.7071067811865479,6,1,0,400,500.0,0,0,18.0,37.5,0.0,317
2026-08-09T15:00:00+00:00,z2,15,-0.7071067811865471,-0.7071067811865479,6,1,0,600,450.0,0,0,27.0,37.5,0.0,295
2026-08-09T15:00:00+00:00,z3,15,-0.7071067811865471,-0.7071067811865479,6,1,0,900,1200.0,0,0,25.0,37.5,0.0,399
2026-08-09T15:00:00+00:00,z4,15,-0.7071067811865471,-0.7071067811865479,6,1,0,300,350.0,0,0,3.0,37.5,0.0,63
2026-08-09T16:00:00+00:00,z1,16,-0.8660254037844385,-0.5000000000000004,6,1,0,400,500.0,0,0,17.0,36.4,0.0,287
2026-08-09T16:00:00+00:00,z2,16,-0.8660254037844385,-0.5000000000000004,6,1,0,600,450.0,0,0,26.0,36.4,0.0,287
2026-08-09T16:00:00+00:00,z3,16,-0.8660254037844385,-0.5000000000000004,6,1,0,900,1200.0,0,0,24.0,36.4,0.0,733
2026-08-09T16:00:00+00:00,z4,16,-0.8660254037844385,-0.5000000000000004,6,1,0,300,350.0,0,0,2.0,36.4,0.0,60
2026-08-09T17:00:00+00:00,z1,17,-0.9659258262890683,-0.25881904510252063,6,1,0,400,500.0,0,0,16.0,36.8,0.0,292
2026-08-09T17:00:00+00:00,z2,17,-0.9659258262890683,-0.25881904510252063,6,1,0,600,450.0,0,0,25.0,36.8,0.0,307
2026-08-09T17:00:00+00:00,z3,17,-0.9659258262890683,-0.25881904510252063,6,1,0,900,1200.0,0,0,23.0,36.8,0.0,788
2026-08-09T17:00:00+00:00,z4,17,-0.9659258262890683,-0.25881904510252063,6,1,0,300,350.0,0,0,1.0,36.8,0.0,155
2026-08-09T18:00:00+00:00,z1,18,-1.0,-1.8369701987210297e-16,6,1,0,400,500.0,0,0,15.0,32.4,0.0,291
2026-08-09T18:00:00+00:00,z2,18,-1.0,-1.8369701987210297e-16,6,1,0,600,450.0,0,0,24.0,32.4,0.0,312
2026-08-09T18:00:00+00:00,z3,18,-1.0,-1.8369701987210297e-16,6,1,0,900,1200.0,0,0,22.0,32.4,0.0,783
2026-08-09T18:00:00+00:00,z4,18,-1.0,-1.8369701987210297e-16,6,1,0,300,350.0,637,1,99.0,32.4,0.0,290
2026-08-09T19:00:00+00:00,z1,19,-0.9659258262890684,0.2588190451025203,6,1,0,400,500.0,0,0,14.0,33.5,14.3,157
2026-08-09T19:00:00+00:00,z2,19,-0.9659258262890684,0.2588190451025203,6,1,0,600,450.0,0,0,23.0,33.5,14.3,206
2026-08-09T19:00:00+00:00,z3,19,-0.9659258262890684,0.2588190451025203,6,1,0,900,1200.0,0,0,21.0,33.5,14.3,395
2026-08-09T19:00:00+00:00,z4,19,-0.9659258262890684,0.2588190451025203,6,1,0,300,350.0,637,1,99.0,33.5,14.3,335
2026-08-09T20:00:00+00:00,z1,20,-0.8660254037844386,0.5000000000000001,6,1,0,400,500.0,0,0,13.0,28.1,5.9,52
2026-08-09T20:00:00+00:00,z2,20,-0.8660254037844386,0.5000000000000001,6,1,0,600,450.0,0,0,22.0,28.1,5.9,174
2026-08-09T20:00:00+00:00,z3,20,-0.8660254037844386,0.5000000000000001,6,1,0,900,1200.0,0,0,20.0,28.1,5.9,436
2026-08-09T20:00:00+00:00,z4,20,-0.8660254037844386,0.5000000000000001,6,1,0,300,350.0,637,1,99.0,28.1,5.9,370
2026-08-09T21:00:00+00:00,z1,21,-0.7071067811865477,0.7071067811865474,6,1,0,400,500.0,0,0,12.0,27.9,0.0,118
2026-08-09T21:00:00+00:00,z2,21,-0.7071067811865477,0.7071067811865474,6,1,0,600,450.0,0,0,21.0,27.9,0.0,235
2026-08-09T21:00:00+00:00,z3,21,-0.7071067811865477,0.7071067811865474,6,1,0,900,1200.0,0,0,19.0,27.9,0.0,803
2026-08-09T21:00:00+00:00,z4,21,-0.7071067811865477,0.7071067811865474,6,1,0,300,350.0,637,1,99.0,27.9,0.0,476
2026-08-09T22:00:00+00:00,z1,22,-0.5000000000000004,0.8660254037844384,6,1,0,400,500.0,0,0,11.0,27.4,0.0,117
2026-08-09T22:00:00+00:00,z2,22,-0.5000000000000004,0.8660254037844384,6,1,0,600,450.0,0,0,20.0,27.4,0.0,95
2026-08-09T22:00:00+00:00,z3,22,-0.5000000000000004,0.8660254037844384,6,1,0,900,1200.0,0,0,18.0,27.4,0.0,667
2026-08-09T22:00:00+00:00,z4,22,-0.5000000000000004,0.8660254037844384,6,1,0,300,350.0,637,1,99.0,27.4,0.0,242
2026-08-09T23:00:00+00:00,z1,23,-0.25881904510252157,0.9659258262890681,6,1,0,400,500.0,0,0,10.0,24.4,0.0,113
2026-08-09T23:00:00+00:00,z2,23,-0.25881904510252157,0.9659258262890681,6,1,0,600,450.0,0,0,19.0,24.4,0.0,89
2026-08-09T23:00:00+00:00,z3,23,-0.25881904510252157,0.9659258262890681,6,1,0,900,1200.0,0,0,17.0,24.4,0.0,137
2026-08-09T23:00:00+00:00,z4,23,-0.25881904510252157,0.9659258262890681,6,1,0,300,350.0,0,0,99.0,24.4,0.0,23
2026-08-10T00:00:00+00:00,z1,0,0.0,1.0,0,0,0,400,500.0,0,0,9.0,22.8,0.0,27
2026-08-10T00:00:00+00:00,z2,0,0.0,1.0,0,0,0,600,450.0,0,0,18.0,22.8,0.0,110
2026-08-10T00:00:00+00:00,z3,0,0.0,1.0,0,0,0,900,1200.0,0,0,16.0,22.8,0.0,81
2026-08-10T00:00:00+00:00,z4,0,0.0,1.0,0,0,0,300,350.0,0,0,99.0,22.8,0.0,0
2026-08-10T01:00:00+00:00,z1,1,0.25881904510252074,0.9659258262890683,0,0,0,400,500.0,0,0,8.0,20.5,0.0,10
2026-08-10T01:00:00+00:00,z2,1,0.25881904510252074,0.9659258262890683,0,0,0,600,450.0,0,0,17.0,20.5,0.0,41
2026-08-10T01:00:00+00:00,z3,1,0.25881904510252074,0.9659258262890683,0,0,0,900,1200.0,0,0,15.0,20.5,0.0,4
2026-08-10T01:00:00+00:00,z4,1,0.25881904510252074,0.9659258262890683,0,0,0,300,350.0,0,0,99.0,20.5,0.0,5
2026-08-10T02:00:00+00:00,z1,2,0.49999999999999994,0.8660254037844387,0,0,0,400,500.0,0,0,7.0,18.3,2.4,0
2026-08-10T02:00:00+00:00,z2,2,0.49999999999999994,0.8660254037844387,0,0,0,600,450.0,0,0,16.0,18.3,2.4,53
2026-08-10T02:00:00+00:00,z3,2,0.49999999999999994,0.8660254037844387,0,0,0,900,1200.0,0,0,14.0,18.3,2.4,58
2026-08-10T02:00:00+00:00,z4,2,0.49999999999999994,0.8660254037844387,0,0,0,300,350.0,0,0,99.0,18.3,2.4,1
2026-08-10T03:00:00+00:00,z1,3,0.7071067811865476,0.7071067811865476,0,0,0,400,500.0,0,0,6.0,20.6,0.0,17
2026-08-10T03:00:00+00:00,z2,3,0.7071067811865476,0.7071067811865476,0,0,0,600,450.0,0,0,15.0,20.6,0.0,14
2026-08-10T03:00:00+00:00,z3,3,0.7071067811865476,0.7071067811865476,0,0,0,900,1200.0,0,0,13.0,20.6,0.0,40
2026-08-10T03:00:00+00:00,z4,3,0.7071067811865476,0.7071067811865476,0,0,0,300,350.0,0,0,99.0,20.6,0.0,13
2026-08-10T04:00:00+00:00,z1,4,0.8660254037844386,0.5000000000000001,0,0,0,400,500.0,0,0,5.0,20.1,0.0,18
2026-08-10T04:00:00+00:00,z2,4,0.8660254037844386,0.5000000000000001,0,0,0,600,450.0,0,0,14.0,20.1,0.0,21
2026-08-10T04:00:00+00:00,z3,4,0.8660254037844386,0.5000000000000001,0,0,0,900,1200.0,0,0,12.0,20.1,0.0,101
2026-08-10T04:00:00+00:00,z4,4,0.8660254037844386,0.5000000000000001,0,0,0,300,350.0,0,0,99.0,20.1,0.0,3
2026-08-10T05:00:00+00:00,z1,5,0.9659258262890683,0.25881904510252074,0,0,0,400,500.0,0,0,4.0,22.9,0.0,0
2026-08-10T05:00:00+00:00,z2,5,0.9659258262890683,0.25881904510252074,0,0,0,600,450.0,0,0,13.0,22.9,0.0,15
2026-08-10T05:00:00+00:00,z3,5,0.9659258262890683,0.25881904510252074,0,0,0,900,1200.0,0,0,11.0,22.9,0.0,0
2026-08-10T05:00:00+00:00,z4,5,0.9659258262890683,0.25881904510252074,0,0,0,300,350.0,0,0,99.0,22.9,0.0,0
2026-08-10T06:00:00+00:00,z1,6,1.0,6.123233995736766e-17,0,0,0,400,500.0,0,0,3.0,23.7,2.2,0
2026-08-10T06:00:00+00:00,z2,6,1.0,6.123233995736766e-17,0,0,0,600,450.0,0,0,12.0,23.7,2.2,51
2026-08-10T06:00:00+00:00,z3,6,1.0,6.123233995736766e-17,0,0,0,900,1200.0,0,0,10.0,23.7,2.2,14
2026-08-10T06:00:00+00:00,z4,6,1.0,6.123233995736766e-17,0,0,0,300,350.0,0,0,99.0,23.7,2.2,16
2026-08-10T07:00:00+00:00,z1,7,0.9659258262890683,-0.25881904510252063,0,0,0,400,500.0,0,0,2.0,24.5,0.0,14
2026-08-10T07:00:00+00:00,z2,7,0.9659258262890683,-0.25881904510252063,0,0,0,600,450.0,0,0,11.0,24.5,0.0,87
2026-08-10T07:00:00+00:00,z3,7,0.9659258262890683,-0.25881904510252063,0,0,0,900,1200.0,0,0,9.0,24.5,0.0,96
2026-08-10T07:00:00+00:00,z4,7,0.9659258262890683,-0.25881904510252063,0,0,0,300,350.0,0,0,99.0,24.5,0.0,8
2026-08-10T08:00:00+00:00,z1,8,0.8660254037844387,-0.4999999999999998,0,0,0,400,500.0,0,0,1.0,27.8,0.0,117
2026-08-10T08:00:00+00:00,z2,8,0.8660254037844387,-0.4999999999999998,0,0,0,600,450.0,0,0,10.0,27.8,0.0,427
2026-08-10T08:00:00+00:00,z3,8,0.8660254037844387,-0.4999999999999998,0,0,0,900,1200.0,0,0,8.0,27.8,0.0,20
2026-08-10T08:00:00+00:00,z4,8,0.8660254037844387,-0.4999999999999998,0,0,0,300,350.0,0,0,99.0,27.8,0.0,0
2026-08-10T09:00:00+00:00,z1,9,0.7071067811865476,-0.7071067811865475,0,0,0,400,500.0,1161,1,47.0,28.9,0.0,524
2026-08-10T09:00:00+00:00,z2,9,0.7071067811865476,-0.7071067811865475,0,0,0,600,450.0,0,0,9.0,28.9,0.0,519
2026-08-10T09:00:00+00:00,z3,9,0.7071067811865476,-0.7071067811865475,0,0,0,900,1200.0,0,0,7.0,28.9,0.0,128
2026-08-10T09:00:00+00:00,z4,9,0.7071067811865476,-0.7071067811865475,0,0,0,300,350.0,0,0,99.0,28.9,0.0,16
2026-08-10T10:00:00+00:00,z1,10,0.49999999999999994,-0.8660254037844387,0,0,0,400,500.0,1161,1,46.0,30.3,0.0,548
2026-08-10T10:00:00+00:00,z2,10,0.49999999999999994,-0.8660254037844387,0,0,0,600,450.0,0,0,8.0,30.3,0.0,416
2026-08-10T10:00:00+00:00,z3,10,0.49999999999999994,-0.8660254037844387,0,0,0,900,1200.0,0,0,6.0,30.3,0.0,80
2026-08-10T10:00:00+00:00,z4,10,0.49999999999999994,-0.8660254037844387,0,0,0,300,350.0,0,0,99.0,30.3,0.0,30
2026-08-10T11:00:00+00:00,z1,11,0.258819045102521,-0.9659258262890682,0,0,0,400,500.0,1161,1,45.0,31.9,0.0,530
2026-08-10T11:00:00+00:00,z2,11,0.258819045102521,-0.9659258262890682,0,0,0,600,450.0,0,0,7.0,31.9,0.0,223
2026-08-10T11:00:00+00:00,z3,11,0.258819045102521,-0.9659258262890682,0,0,0,900,1200.0,0,0,5.0,31.9,0.0,130
2026-08-10T11:00:00+00:00,z4,11,0.258819045102521,-0.9659258262890682,0,0,0,300,350.0,0,0,99.0,31.9,0.0,18
2026-08-10T12:00:00+00:00,z1,12,1.2246467991473532e-16,-1.0,0,0,0,400,500.0,0,0,44.0,34.1,0.0,268
2026-08-10T12:00:00+00:00,z2,12,1.2246467991473532e-16,-1.0,0,0,0,600,450.0,0,0,6.0,34.1,0.0,218
2026-08-10T12:00:00+00:00,z3,12,1.2246467991473532e-16,-1.0,0,0,0,900,1200.0,0,0,4.0,34.1,0.0,223
2026-08-10T12:00:00+00:00,z4,12,1.2246467991473532e-16,-1.0,0,0,0,300,350.0,0,0,98.0,34.1,0.0,225
2026-08-10T13:00:00+00:00,z1,13,-0.2588190451025208,-0.9659258262890683,0,0,0,400,500.0,0,0,43.0,35.8,0.0,230
2026-08-10T13:00:00+00:00,z2,13,-0.2588190451025208,-0.9659258262890683,0,0,0,600,450.0,0,0,5.0,35.8,0.0,184
2026-08-10T13:00:00+00:00,z3,13,-0.2588190451025208,-0.9659258262890683,0,0,0,900,1200.0,0,0,3.0,35.8,0.0,179
2026-08-10T13:00:00+00:00,z4,13,-0.2588190451025208,-0.9659258262890683,0,0,0,300,350.0,0,0,97.0,35.8,0.0,262
2026-08-10T14:00:00+00:00,z1,14,-0.4999999999999997,-0.8660254037844388,0,0,0,400,500.0,0,0,42.0,34.0,0.0,270
2026-08-10T14:00:00+00:00,z2,14,-0.4999999999999997,-0.8660254037844388,0,0,0,600,450.0,0,0,4.0,34.0,0.0,211
2026-08-10T14:00:00+00:00,z3,14,-0.4999999999999997,-0.8660254037844388,0,0,0,900,1200.0,0,0,2.0,34.0,0.0,245
2026-08-10T14:00:00+00:00,z4,14,-0.4999999999999997,-0.8660254037844388,0,0,0,300,350.0,0,0,96.0,34.0,0.0,224
2026-08-10T15:00:00+00:00,z1,15,-0.7071067811865471,-0.7071067811865479,0,0,0,400,500.0,0,0,41.0,36.0,0.0,271
2026-08-10T15:00:00+00:00,z2,15,-0.7071067811865471,-0.7071067811865479,0,0,0,600,450.0,0,0,3.0,36.0,0.0,201
2026-08-10T15:00:00+00:00,z3,15,-0.7071067811865471,-0.7071067811865479,0,0,0,900,1200.0,0,0,1.0,36.0,0.0,344
2026-08-10T15:00:00+00:00,z4,15,-0.7071067811865471,-0.7071067811865479,0,0,0,300,350.0,0,0,95.0,36.0,0.0,58
2026-08-10T16:00:00+00:00,z1,16,-0.8660254037844385,-0.5000000000000004,0,0,0,400,500.0,0,0,40.0,34.9,0.0,257
2026-08-10T16:00:00+00:00,z2,16,-0.8660254037844385,-0.5000000000000004,0,0,0,600,450.0,0,0,2.0,34.9,0.0,193
2026-08-10T16:00:00+00:00,z3,16,-0.8660254037844385,-0.5000000000000004,0,0,0,900,1200.0,526,1,13.0,34.9,0.0,411
2026-08-10T16:00:00+00:00,z4,16,-0.8660254037844385,-0.5000000000000004,0,0,0,300,350.0,0,0,94.0,34.9,0.0,55
2026-08-10T17:00:00+00:00,z1,17,-0.9659258262890683,-0.25881904510252063,0,0,0,400,500.0,0,0,39.0,36.6,0.0,222
2026-08-10T17:00:00+00:00,z2,17,-0.9659258262890683,-0.25881904510252063,0,0,0,600,450.0,0,0,1.0,36.6,0.0,562
2026-08-10T17:00:00+00:00,z3,17,-0.9659258262890683,-0.25881904510252063,0,0,0,900,1200.0,526,1,12.0,36.6,0.0,677
2026-08-10T17:00:00+00:00,z4,17,-0.9659258262890683,-0.25881904510252063,0,0,0,300,350.0,0,0,93.0,36.6,0.0,70
2026-08-10T18:00:00+00:00,z1,18,-1.0,-1.8369701987210297e-16,0,0,0,400,500.0,0,0,38.0,35.0,0.0,229
2026-08-10T18:00:00+00:00,z2,18,-1.0,-1.8369701987210297e-16,0,0,0,600,450.0,880,1,34.0,35.0,0.0,825
2026-08-10T18:00:00+00:00,z3,18,-1.0,-1.8369701987210297e-16,0,0,0,900,1200.0,526,1,11.0,35.0,0.0,737
2026-08-10T18:00:00+00:00,z4,18,-1.0,-1.8369701987210297e-16,0,0,0,300,350.0,0,0,92.0,35.0,0.0,76
2026-08-10T19:00:00+00:00,z1,19,-0.9659258262890684,0.2588190451025203,0,0,0,400,500.0,0,0,37.0,31.2,0.0,218
2026-08-10T19:00:00+00:00,z2,19,-0.9659258262890684,0.2588190451025203,0,0,0,600,450.0,880,1,33.0,31.2,0.0,864
2026-08-10T19:00:00+00:00,z3,19,-0.9659258262890684,0.2588190451025203,0,0,0,900,1200.0,0,0,10.0,31.2,0.0,577
2026-08-10T19:00:00+00:00,z4,19,-0.9659258262890684,0.2588190451025203,0,0,0,300,350.0,0,0,91.0,31.2,0.0,251
2026-08-10T20:00:00+00:00,z1,20,-0.8660254037844386,0.5000000000000001,0,0,0,400,500.0,0,0,36.0,31.9,0.0,89
2026-08-10T20:00:00+00:00,z2,20,-0.8660254037844386,0.5000000000000001,0,0,0,600,450.0,0,0,32.0,31.9,0.0,434
2026-08-10T20:00:00+00:00,z3,20,-0.8660254037844386,0.5000000000000001,0,0,0,900,1200.0,0,0,9.0,31.9,0.0,495
2026-08-10T20:00:00+00:00,z4,20,-0.8660254037844386,0.5000000000000001,0,0,0,300,350.0,0,0,90.0,31.9,0.0,285
2026-08-10T21:00:00+00:00,z1,21,-0.7071067811865477,0.7071067811865474,0,0,0,400,500.0,0,0,35.0,28.7,0.0,90
2026-08-10T21:00:00+00:00,z2,21,-0.7071067811865477,0.7071067811865474,0,0,0,600,450.0,0,0,31.0,28.7,0.0,88
2026-08-10T21:00:00+00:00,z3,21,-0.7071067811865477,0.7071067811865474,0,0,0,900,1200.0,0,0,8.0,28.7,0.0,470
2026-08-10T21:00:00+00:00,z4,21,-0.7071067811865477,0.7071067811865474,0,0,0,300,350.0,0,0,89.0,28.7,0.0,246
2026-08-10T22:00:00+00:00,z1,22,-0.5000000000000004,0.8660254037844384,0,0,0,400,500.0,0,0,34.0,27.1,0.0,95
2026-08-10T22:00:00+00:00,z2,22,-0.5000000000000004,0.8660254037844384,0,0,0,600,450.0,0,0,30.0,27.1,0.0,67
2026-08-10T22:00:00+00:00,z3,22,-0.5000000000000004,0.8660254037844384,0,0,0,900,1200.0,0,0,7.0,27.1,0.0,84
2026-08-10T22:00:00+00:00,z4,22,-0.5000000000000004,0.8660254037844384,0,0,0,300,350.0,0,0,88.0,27.1,0.0,2
2026-08-10T23:00:00+00:00,z1,23,-0.25881904510252157,0.9659258262890681,0,0,0,400,500.0,0,0,33.0,25.4,0.0,90
2026-08-10T23:00:00+00:00,z2,23,-0.25881904510252157,0.9659258262890681,0,0,0,600,450.0,0,0,29.0,25.4,0.0,52
2026-08-10T23:00:00+00:00,z3,23,-0.25881904510252157,0.9659258262890681,0,0,0,900,1200.0,0,0,6.0,25.4,0.0,34
2026-08-10T23:00:00+00:00,z4,23,-0.25881904510252157,0.9659258262890681,0,0,0,300,350.0,0,0,87.0,25.4,0.0,17
2026-08-11T00:00:00+00:00,z1,0,0.0,1.0,1,0,0,400,500.0,0,0,32.0,21.5,0.0,0
2026-08-11T00:00:00+00:00,z2,0,0.0,1.0,1,0,0,600,450.0,0,0,28.0,21.5,0.0,63
2026-08-11T00:00:00+00:00,z3,0,0.0,1.0,1,0,0,900,1200.0,0,0,5.0,21.5,0.0,72
2026-08-11T00:00:00+00:00,z4,0,0.0,1.0,1,0,0,300,350.0,0,0,86.0,21.5,0.0,10
2026-08-11T01:00:00+00:00,z1,1,0.25881904510252074,0.9659258262890683,1,0,0,400,500.0,0,0,31.0,21.7,0.0,34
2026-08-11T01:00:00+00:00,z2,1,0.25881904510252074,0.9659258262890683,1,0,0,600,450.0,0,0,27.0,21.7,0.0,56
2026-08-11T01:00:00+00:00,z3,1,0.25881904510252074,0.9659258262890683,1,0,0,900,1200.0,0,0,4.0,21.7,0.0,0
2026-08-11T01:00:00+00:00,z4,1,0.25881904510252074,0.9659258262890683,1,0,0,300,350.0,0,0,85.0,21.7,0.0,15
2026-08-11T02:00:00+00:00,z1,2,0.49999999999999994,0.8660254037844387,1,0,0,400,500.0,0,0,30.0,22.2,0.0,20
2026-08-11T02:00:00+00:00,z2,2,0.49999999999999994,0.8660254037844387,1,0,0,600,450.0,0,0,26.0,22.2,0.0,2
2026-08-11T02:00:00+00:00,z3,2,0.49999999999999994,0.8660254037844387,1,0,0,900,1200.0,0,0,3.0,22.2,0.0,0
2026-08-11T02:00:00+00:00,z4,2,0.49999999999999994,0.8660254037844387,1,0,0,300,350.0,0,0,84.0,22.2,0.0,14
2026-08-11T03:00:00+00:00,z1,3,0.7071067811865476,0.7071067811865476,1,0,0,400,500.0,0,0,29.0,19.4,0.0,16
2026-08-11T03:00:00+00:00,z2,3,0.7071067811865476,0.7071067811865476,1,0,0,600,450.0,0,0,25.0,19.4,0.0,20
2026-08-11T03:00:00+00:00,z3,3,0.7071067811865476,0.7071067811865476,1,0,0,900,1200.0,0,0,2.0,19.4,0.0,31
2026-08-11T03:00:00+00:00,z4,3,0.7071067811865476,0.7071067811865476,1,0,0,300,350.0,0,0,83.0,19.4,0.0,0
2026-08-11T04:00:00+00:00,z1,4,0.8660254037844386,0.5000000000000001,1,0,0,400,500.0,0,0,28.0,20.0,0.0,0
2026-08-11T04:00:00+00:00,z2,4,0.8660254037844386,0.5000000000000001,1,0,0,600,450.0,0,0,24.0,20.0,0.0,18
2026-08-11T04:00:00+00:00,z3,4,0.8660254037844386,0.5000000000000001,1,0,0,900,1200.0,0,0,1.0,20.0,0.0,135
2026-08-11T04:00:00+00:00,z4,4,0.8660254037844386,0.5000000000000001,1,0,0,300,350.0,0,0,82.0,20.0,0.0,0
2026-08-11T05:00:00+00:00,z1,5,0.9659258262890683,0.25881904510252074,1,0,0,400,500.0,0,0,27.0,20.5,22.2,17
2026-08-11T05:00:00+00:00,z2,5,0.9659258262890683,0.25881904510252074,1,0,0,600,450.0,0,0,23.0,20.5,22.2,0
2026-08-11T05:00:00+00:00,z3,5,0.9659258262890683,0.25881904510252074,1,0,0,900,1200.0,205,1,32.0,20.5,22.2,44
2026-08-11T05:00:00+00:00,z4,5,0.9659258262890683,0.25881904510252074,1,0,0,300,350.0,0,0,81.0,20.5,22.2,6
2026-08-11T06:00:00+00:00,z1,6,1.0,6.123233995736766e-17,1,0,0,400,500.0,0,0,26.0,23.0,0.0,12
2026-08-11T06:00:00+00:00,z2,6,1.0,6.123233995736766e-17,1,0,0,600,450.0,0,0,22.0,23.0,0.0,80
2026-08-11T06:00:00+00:00,z3,6,1.0,6.123233995736766e-17,1,0,0,900,1200.0,205,1,31.0,23.0,0.0,194
2026-08-11T06:00:00+00:00,z4,6,1.0,6.123233995736766e-17,1,0,0,300,350.0,0,0,80.0,23.0,0.0,7
2026-08-11T07:00:00+00:00,z1,7,0.9659258262890683,-0.25881904510252063,1,0,0,400,500.0,0,0,25.0,25.7,0.0,49
2026-08-11T07:00:00+00:00,z2,7,0.9659258262890683,-0.25881904510252063,1,0,0,600,450.0,0,0,21.0,25.7,0.0,98
2026-08-11T07:00:00+00:00,z3,7,0.9659258262890683,-0.25881904510252063,1,0,0,900,1200.0,205,1,30.0,25.7,0.0,146
2026-08-11T07:00:00+00:00,z4,7,0.9659258262890683,-0.25881904510252063,1,0,0,300,350.0,0,0,79.0,25.7,0.0,19
2026-08-11T08:00:00+00:00,z1,8,0.8660254037844387,-0.4999999999999998,1,0,0,400,500.0,0,0,24.0,25.8,0.0,50
2026-08-11T08:00:00+00:00,z2,8,0.8660254037844387,-0.4999999999999998,1,0,0,600,450.0,0,0,20.0,25.8,0.0,402
2026-08-11T08:00:00+00:00,z3,8,0.8660254037844387,-0.4999999999999998,1,0,0,900,1200.0,205,1,29.0,25.8,0.0,113
2026-08-11T08:00:00+00:00,z4,8,0.8660254037844387,-0.4999999999999998,1,0,0,300,350.0,0,0,78.0,25.8,0.0,8
2026-08-11T09:00:00+00:00,z1,9,0.7071067811865476,-0.7071067811865475,1,0,0,400,500.0,0,0,23.0,26.4,16.0,110
2026-08-11T09:00:00+00:00,z2,9,0.7071067811865476,-0.7071067811865475,1,0,0,600,450.0,0,0,19.0,26.4,16.0,351
2026-08-11T09:00:00+00:00,z3,9,0.7071067811865476,-0.7071067811865475,1,0,0,900,1200.0,0,0,28.0,26.4,16.0,40
2026-08-11T09:00:00+00:00,z4,9,0.7071067811865476,-0.7071067811865475,1,0,0,300,350.0,0,0,77.0,26.4,16.0,26
2026-08-11T10:00:00+00:00,z1,10,0.49999999999999994,-0.8660254037844387,1,0,0,400,500.0,0,0,22.0,31.2,0.0,220
2026-08-11T10:00:00+00:00,z2,10,0.49999999999999994,-0.8660254037844387,1,0,0,600,450.0,0,0,18.0,31.2,0.0,415
2026-08-11T10:00:00+00:00,z3,10,0.49999999999999994,-0.8660254037844387,1,0,0,900,1200.0,0,0,27.0,31.2,0.0,55
2026-08-11T10:00:00+00:00,z4,10,0.49999999999999994,-0.8660254037844387,1,0,0,300,350.0,0,0,76.0,31.2,0.0,23
2026-08-11T11:00:00+00:00,z1,11,0.258819045102521,-0.9659258262890682,1,0,0,400,500.0,0,0,21.0,33.3,4.4,119
2026-08-11T11:00:00+00:00,z2,11,0.258819045102521,-0.9659258262890682,1,0,0,600,450.0,0,0,17.0,33.3,4.4,197
2026-08-11T11:00:00+00:00,z3,11,0.258819045102521,-0.9659258262890682,1,0,0,900,1200.0,0,0,26.0,33.3,4.4,92
2026-08-11T11:00:00+00:00,z4,11,0.258819045102521,-0.9659258262890682,1,0,0,300,350.0,0,0,75.0,33.3,4.4,14
2026-08-11T12:00:00+00:00,z1,12,1.2246467991473532e-16,-1.0,1,0,0,400,500.0,0,0,20.0,35.1,0.0,248
2026-08-11T12:00:00+00:00,z2,12,1.2246467991473532e-16,-1.0,1,0,0,600,450.0,0,0,16.0,35.1,0.0,208
2026-08-11T12:00:00+00:00,z3,12,1.2246467991473532e-16,-1.0,1,0,0,900,1200.0,0,0,25.0,35.1,0.0,236
2026-08-11T12:00:00+00:00,z4,12,1.2246467991473532e-16,-1.0,1,0,0,300,350.0,0,0,74.0,35.1,0.0,218
2026-08-11T13:00:00+00:00,z1,13,-0.2588190451025208,-0.9659258262890683,1,0,0,400,500.0,0,0,19.0,34.7,0.0,251
2026-08-11T13:00:00+00:00,z2,13,-0.2588190451025208,-0.9659258262890683,1,0,0,600,450.0,0,0,15.0,34.7,0.0,200
2026-08-11T13:00:00+00:00,z3,13,-0.2588190451025208,-0.9659258262890683,1,0,0,900,1200.0,0,0,24.0,34.7,0.0,200
2026-08-11T13:00:00+00:00,z4,13,-0.2588190451025208,-0.9659258262890683,1,0,0,300,350.0,0,0,73.0,34.7,0.0,261
2026-08-11T14:00:00+00:00,z1,14,-0.4999999999999997,-0.8660254037844388,1,0,0,400,500.0,0,0,18.0,36.3,0.0,244
2026-08-11T14:00:00+00:00,z2,14,-0.4999999999999997,-0.8660254037844388,1,0,0,600,450.0,0,0,14.0,36.3,0.0,180
2026-08-11T14:00:00+00:00,z3,14,-0.4999999999999997,-0.8660254037844388,1,0,0,900,1200.0,0,0,23.0,36.3,0.0,220
2026-08-11T14:00:00+00:00,z4,14,-0.4999999999999997,-0.8660254037844388,1,0,0,300,350.0,0,0,72.0,36.3,0.0,217
2026-08-11T15:00:00+00:00,z1,15,-0.7071067811865471,-0.7071067811865479,1,0,0,400,500.0,0,0,17.0,35.8,0.0,264
2026-08-11T15:00:00+00:00,z2,15,-0.7071067811865471,-0.7071067811865479,1,0,0,600,450.0,0,0,13.0,35.8,0.0,213
2026-08-11T15:00:00+00:00,z3,15,-0.7071067811865471,-0.7071067811865479,1,0,0,900,1200.0,0,0,22.0,35.8,0.0,194
2026-08-11T15:00:00+00:00,z4,15,-0.7071067811865471,-0.7071067811865479,1,0,0,300,350.0,0,0,71.0,35.8,0.0,65
2026-08-11T16:00:00+00:00,z1,16,-0.8660254037844385,-0.5000000000000004,1,0,0,400,500.0,0,0,16.0,35.1,0.0,251
2026-08-11T16:00:00+00:00,z2,16,-0.8660254037844385,-0.5000000000000004,1,0,0,600,450.0,0,0,12.0,35.1,0.0,184
2026-08-11T16:00:00+00:00,z3,16,-0.8660254037844385,-0.5000000000000004,1,0,0,900,1200.0,0,0,21.0,35.1,0.0,194
2026-08-11T16:00:00+00:00,z4,16,-0.8660254037844385,-0.5000000000000004,1,0,0,300,350.0,0,0,70.0,35.1,0.0,76
2026-08-11T17:00:00+00:00,z1,17,-0.9659258262890683,-0.25881904510252063,1,0,0,400,500.0,0,0,15.0,34.4,0.0,237
2026-08-11T17:00:00+00:00,z2,17,-0.9659258262890683,-0.25881904510252063,1,0,0,600,450.0,0,0,11.0,34.4,0.0,435
2026-08-11T17:00:00+00:00,z3,17,-0.9659258262890683,-0.25881904510252063,1,0,0,900,1200.0,0,0,20.0,34.4,0.0,455
2026-08-11T17:00:00+00:00,z4,17,-0.9659258262890683,-0.25881904510252063,1,0,0,300,350.0,0,0,69.0,34.4,0.0,80
2026-08-11T18:00:00+00:00,z1,18,-1.0,-1.8369701987210297e-16,1,0,0,400,500.0,0,0,14.0,34.7,0.0,211
2026-08-11T18:00:00+00:00,z2,18,-1.0,-1.8369701987210297e-16,1,0,0,600,450.0,0,0,10.0,34.7,0.0,526
2026-08-11T18:00:00+00:00,z3,18,-1.0,-1.8369701987210297e-16,1,0,0,900,1200.0,0,0,19.0,34.7,0.0,586
2026-08-11T18:00:00+00:00,z4,18,-1.0,-1.8369701987210297e-16,1,0,0,300,350.0,0,0,68.0,34.7,0.0,97
2026-08-11T19:00:00+00:00,z1,19,-0.9659258262890684,0.2588190451025203,1,0,0,400,500.0,0,0,13.0,33.2,0.0,185
2026-08-11T19:00:00+00:00,z2,19,-0.9659258262890684,0.2588190451025203,1,0,0,600,450.0,0,0,9.0,33.2,0.0,536
2026-08-11T19:00:00+00:00,z3,19,-0.9659258262890684,0.2588190451025203,1,0,0,900,1200.0,0,0,18.0,33.2,0.0,566
2026-08-11T19:00:00+00:00,z4,19,-0.9659258262890684,0.2588190451025203,1,0,0,300,350.0,0,0,67.0,33.2,0.0,235
2026-08-11T20:00:00+00:00,z1,20,-0.8660254037844386,0.5000000000000001,1,0,0,400,500.0,0,0,12.0,29.7,0.0,91
2026-08-11T20:00:00+00:00,z2,20,-0.8660254037844386,0.5000000000000001,1,0,0,600,450.0,0,0,8.0,29.7,0.0,430
2026-08-11T20:00:00+00:00,z3,20,-0.8660254037844386,0.5000000000000001,1,0,0,900,1200.0,0,0,17.0,29.7,0.0,558
2026-08-11T20:00:00+00:00,z4,20,-0.8660254037844386,0.5000000000000001,1,0,0,300,350.0,0,0,66.0,29.7,0.0,257
2026-08-11T21:00:00+00:00,z1,21,-0.7071067811865477,0.7071067811865474,1,0,0,400,500.0,0,0,11.0,29.4,0.0,111
2026-08-11T21:00:00+00:00,z2,21,-0.7071067811865477,0.7071067811865474,1,0,0,600,450.0,0,0,7.0,29.4,0.0,91
2026-08-11T21:00:00+00:00,z3,21,-0.7071067811865477,0.7071067811865474,1,0,0,900,1200.0,0,0,16.0,29.4,0.0,506
2026-08-11T21:00:00+00:00,z4,21,-0.7071067811865477,0.7071067811865474,1,0,0,300,350.0,0,0,65.0,29.4,0.0,236
2026-08-11T22:00:00+00:00,z1,22,-0.5000000000000004,0.8660254037844384,1,0,0,400,500.0,0,0,10.0,25.4,5.3,51
2026-08-11T22:00:00+00:00,z2,22,-0.5000000000000004,0.8660254037844384,1,0,0,600,450.0,0,0,6.0,25.4,5.3,73
2026-08-11T22:00:00+00:00,z3,22,-0.5000000000000004,0.8660254037844384,1,0,0,900,1200.0,0,0,15.0,25.4,5.3,8
2026-08-11T22:00:00+00:00,z4,22,-0.5000000000000004,0.8660254037844384,1,0,0,300,350.0,0,0,64.0,25.4,5.3,8
2026-08-11T23:00:00+00:00,z1,23,-0.25881904510252157,0.9659258262890681,1,0,0,400,500.0,0,0,9.0,22.0,0.0,90
2026-08-11T23:00:00+00:00,z2,23,-0.25881904510252157,0.9659258262890681,1,0,0,600,450.0,0,0,5.0,22.0,0.0,74
2026-08-11T23:00:00+00:00,z3,23,-0.25881904510252157,0.9659258262890681,1,0,0,900,1200.0,0,0,14.0,22.0,0.0,15
2026-08-11T23:00:00+00:00,z4,23,-0.25881904510252157,0.9659258262890681,1,0,0,300,350.0,0,0,63.0,22.0,0.0,27
2026-08-12T00:00:00+00:00,z1,0,0.0,1.0,2,0,0,400,500.0,0,0,8.0,24.1,9.2,3
2026-08-12T00:00:00+00:00,z2,0,0.0,1.0,2,0,0,600,450.0,0,0,4.0,24.1,9.2,88
2026-08-12T00:00:00+00:00,z3,0,0.0,1.0,2,0,0,900,1200.0,0,0,13.0,24.1,9.2,68
2026-08-12T00:00:00+00:00,z4,0,0.0,1.0,2,0,0,300,350.0,0,0,62.0,24.1,9.2,0
2026-08-12T01:00:00+00:00,z1,1,0.25881904510252074,0.9659258262890683,2,0,0,400,500.0,0,0,7.0,23.0,0.0,0
2026-08-12T01:00:00+00:00,z2,1,0.25881904510252074,0.9659258262890683,2,0,0,600,450.0,0,0,3.0,23.0,0.0,72
2026-08-12T01:00:00+00:00,z3,1,0.25881904510252074,0.9659258262890683,2,0,0,900,1200.0,0,0,12.0,23.0,0.0,83
2026-08-12T01:00:00+00:00,z4,1,0.25881904510252074,0.9659258262890683,2,0,0,300,350.0,0,0,61.0,23.0,0.0,11
2026-08-12T02:00:00+00:00,z1,2,0.49999999999999994,0.8660254037844387,2,0,0,400,500.0,0,0,6.0,21.9,16.5,12
2026-08-12T02:00:00+00:00,z2,2,0.49999999999999994,0.8660254037844387,2,0,0,600,450.0,0,0,2.0,21.9,16.5,7
2026-08-12T02:00:00+00:00,z3,2,0.49999999999999994,0.8660254037844387,2,0,0,900,1200.0,0,0,11.0,21.9,16.5,29
2026-08-12T02:00:00+00:00,z4,2,0.49999999999999994,0.8660254037844387,2,0,0,300,350.0,0,0,60.0,21.9,16.5,0
2026-08-12T03:00:00+00:00,z1,3,0.7071067811865476,0.7071067811865476,2,0,0,400,500.0,0,0,5.0,19.6,0.0,0
2026-08-12T03:00:00+00:00,z2,3,0.7071067811865476,0.7071067811865476,2,0,0,600,450.0,0,0,1.0,19.6,0.0,94
2026-08-12T03:00:00+00:00,z3,3,0.7071067811865476,0.7071067811865476,2,0,0,900,1200.0,0,0,10.0,19.6,0.0,39
2026-08-12T03:00:00+00:00,z4,3,0.7071067811865476,0.7071067811865476,2,0,0,300,350.0,0,0,59.0,19.6,0.0,4
2026-08-12T04:00:00+00:00,z1,4,0.8660254037844386,0.5000000000000001,2,0,0,400,500.0,0,0,4.0,18.3,0.0,14
2026-08-12T04:00:00+00:00,z2,4,0.8660254037844386,0.5000000000000001,2,0,0,600,450.0,1460,1,19.0,18.3,0.0,489
2026-08-12T04:00:00+00:00,z3,4,0.8660254037844386,0.5000000000000001,2,0,0,900,1200.0,0,0,9.0,18.3,0.0,16
2026-08-12T04:00:00+00:00,z4,4,0.8660254037844386,0.5000000000000001,2,0,0,300,350.0,0,0,58.0,18.3,0.0,18
2026-08-12T05:00:00+00:00,z1,5,0.9659258262890683,0.25881904510252074,2,0,0,400,500.0,0,0,3.0,19.9,0.0,20
2026-08-12T05:00:00+00:00,z2,5,0.9659258262890683,0.25881904510252074,2,0,0,600,450.0,1460,1,18.0,19.9,0.0,504
2026-08-12T05:00:00+00:00,z3,5,0.9659258262890683,0.25881904510252074,2,0,0,900,1200.0,0,0,8.0,19.9,0.0,61
2026-08-12T05:00:00+00:00,z4,5,0.9659258262890683,0.25881904510252074,2,0,0,300,350.0,0,0,57.0,19.9,0.0,18
2026-08-12T06:00:00+00:00,z1,6,1.0,6.123233995736766e-17,2,0,0,400,500.0,0,0,2.0,23.5,0.0,37
2026-08-12T06:00:00+00:00,z2,6,1.0,6.123233995736766e-17,2,0,0,600,450.0,1460,1,17.0,23.5,0.0,562
2026-08-12T06:00:00+00:00,z3,6,1.0,6.123233995736766e-17,2,0,0,900,1200.0,0,0,7.0,23.5,0.0,60
2026-08-12T06:00:00+00:00,z4,6,1.0,6.123233995736766e-17,2,0,0,300,350.0,0,0,56.0,23.5,0.0,3
2026-08-12T07:00:00+00:00,z1,7,0.9659258262890683,-0.25881904510252063,2,0,0,400,500.0,0,0,1.0,22.8,0.0,115
2026-08-12T07:00:00+00:00,z2,7,0.9659258262890683,-0.25881904510252063,2,0,0,600,450.0,1460,1,16.0,22.8,0.0,587
2026-08-12T07:00:00+00:00,z3,7,0.9659258262890683,-0.25881904510252063,2,0,0,900,1200.0,0,0,6.0,22.8,0.0,107
2026-08-12T07:00:00+00:00,z4,7,0.9659258262890683,-0.25881904510252063,2,0,0,300,350.0,0,0,55.0,22.8,0.0,24
2026-08-12T08:00:00+00:00,z1,8,0.8660254037844387,-0.4999999999999998,2,0,0,400,500.0,1163,1,28.0,24.1,0.0,318
2026-08-12T08:00:00+00:00,z2,8,0.8660254037844387,-0.4999999999999998,2,0,0,600,450.0,1460,1,15.0,24.1,0.0,919
2026-08-12T08:00:00+00:00,z3,8,0.8660254037844387,-0.4999999999999998,2,0,0,900,1200.0,0,0,5.0,24.1,0.0,22
2026-08-12T08:00:00+00:00,z4,8,0.8660254037844387,-0.4999999999999998,2,0,0,300,350.0,0,0,54.0,24.1,0.0,23
2026-08-12T09:00:00+00:00,z1,9,0.7071067811865476,-0.7071067811865475,2,0,0,400,500.0,1163,1,27.0,28.9,0.0,516
2026-08-12T09:00:00+00:00,z2,9,0.7071067811865476,-0.7071067811865475,2,0,0,600,450.0,0,0,14.0,28.9,0.0,523
2026-08-12T09:00:00+00:00,z3,9,0.7071067811865476,-0.7071067811865475,2,0,0,900,1200.0,0,0,4.0,28.9,0.0,36
2026-08-12T09:00:00+00:00,z4,9,0.7071067811865476,-0.7071067811865475,2,0,0,300,350.0,0,0,53.0,28.9,0.0,26
2026-08-12T10:00:00+00:00,z1,10,0.49999999999999994,-0.8660254037844387,2,0,0,400,500.0,1163,1,26.0,28.6,0.0,521
2026-08-12T10:00:00+00:00,z2,10,0.49999999999999994,-0.8660254037844387,2,0,0,600,450.0,0,0,13.0,28.6,0.0,408
2026-08-12T10:00:00+00:00,z3,10,0.49999999999999994,-0.8660254037844387,2,0,0,900,1200.0,0,0,3.0,28.6,0.0,45
2026-08-12T10:00:00+00:00,z4,10,0.49999999999999994,-0.8660254037844387,2,0,0,300,350.0,0,0,52.0,28.6,0.0,0
2026-08-12T11:00:00+00:00,z1,11,0.258819045102521,-0.9659258262890682,2,0,0,400,500.0,1163,1,25.0,31.1,14.7,307
2026-08-12T11:00:00+00:00,z2,11,0.258819045102521,-0.9659258262890682,2,0,0,600,450.0,0,0,12.0,31.1,14.7,191
2026-08-12T11:00:00+00:00,z3,11,0.258819045102521,-0.9659258262890682,2,0,0,900,1200.0,0,0,2.0,31.1,14.7,112
2026-08-12T11:00:00+00:00,z4,11,0.258819045102521,-0.9659258262890682,2,0,0,300,350.0,0,0,51.0,31.1,14.7,12
2026-08-12T12:00:00+00:00,z1,12,1.2246467991473532e-16,-1.0,2,0,0,400,500.0,0,0,24.0,34.7,0.0,262
2026-08-12T12:00:00+00:00,z2,12,1.2246467991473532e-16,-1.0,2,0,0,600,450.0,0,0,11.0,34.7,0.0,186
2026-08-12T12:00:00+00:00,z3,12,1.2246467991473532e-16,-1.0,2,0,0,900,1200.0,0,0,1.0,34.7,0.0,365
2026-08-12T12:00:00+00:00,z4,12,1.2246467991473532e-16,-1.0,2,0,0,300,350.0,0,0,50.0,34.7,0.0,222
2026-08-12T13:00:00+00:00,z1,13,-0.2588190451025208,-0.9659258262890683,2,0,0,400,500.0,0,0,23.0,35.3,0.0,259
2026-08-12T13:00:00+00:00,z2,13,-0.2588190451025208,-0.9659258262890683,2,0,0,600,450.0,0,0,10.0,35.3,0.0,236
2026-08-12T13:00:00+00:00,z3,13,-0.2588190451025208,-0.9659258262890683,2,0,0,900,1200.0,518,1,98.0,35.3,0.0,411
2026-08-12T13:00:00+00:00,z4,13,-0.2588190451025208,-0.9659258262890683,2,0,0,300,350.0,0,0,49.0,35.3,0.0,254
2026-08-12T14:00:00+00:00,z1,14,-0.4999999999999997,-0.8660254037844388,2,0,0,400,500.0,0,0,22.0,37.7,3.4,142
2026-08-12T14:00:00+00:00,z2,14,-0.4999999999999997,-0.8660254037844388,2,0,0,600,450.0,0,0,9.0,37.7,3.4,167
2026-08-12T14:00:00+00:00,z3,14,-0.4999999999999997,-0.8660254037844388,2,0,0,900,1200.0,518,1,97.0,37.7,3.4,201
2026-08-12T14:00:00+00:00,z4,14,-0.4999999999999997,-0.8660254037844388,2,0,0,300,350.0,0,0,48.0,37.7,3.4,168
2026-08-12T15:00:00+00:00,z1,15,-0.7071067811865471,-0.7071067811865479,2,0,0,400,500.0,0,0,21.0,35.4,17.0,164
2026-08-12T15:00:00+00:00,z2,15,-0.7071067811865471,-0.7071067811865479,2,0,0,600,450.0,0,0,8.0,35.4,17.0,162
2026-08-12T15:00:00+00:00,z3,15,-0.7071067811865471,-0.7071067811865479,2,0,0,900,1200.0,518,1,96.0,35.4,17.0,250
2026-08-12T15:00:00+00:00,z4,15,-0.7071067811865471,-0.7071067811865479,2,0,0,300,350.0,0,0,47.0,35.4,17.0,58
2026-08-12T16:00:00+00:00,z1,16,-0.8660254037844385,-0.5000000000000004,2,0,0,400,500.0,0,0,20.0,35.5,0.0,252
2026-08-12T16:00:00+00:00,z2,16,-0.8660254037844385,-0.5000000000000004,2,0,0,600,450.0,0,0,7.0,35.5,0.0,246
2026-08-12T16:00:00+00:00,z3,16,-0.8660254037844385,-0.5000000000000004,2,0,0,900,1200.0,518,1,95.0,35.5,0.0,492
2026-08-12T16:00:00+00:00,z4,16,-0.8660254037844385,-0.5000000000000004,2,0,0,300,350.0,0,0,46.0,35.5,0.0,56
2026-08-12T17:00:00+00:00,z1,17,-0.9659258262890683,-0.25881904510252063,2,0,0,400,500.0,0,0,19.0,36.5,0.0,219
2026-08-12T17:00:00+00:00,z2,17,-0.9659258262890683,-0.25881904510252063,2,0,0,600,450.0,0,0,6.0,36.5,0.0,474
2026-08-12T17:00:00+00:00,z3,17,-0.9659258262890683,-0.25881904510252063,2,0,0,900,1200.0,0,0,94.0,36.5,0.0,488
2026-08-12T17:00:00+00:00,z4,17,-0.9659258262890683,-0.25881904510252063,2,0,0,300,350.0,0,0,45.0,36.5,0.0,67
2026-08-12T18:00:00+00:00,z1,18,-1.0,-1.8369701987210297e-16,2,0,0,400,500.0,0,0,18.0,34.0,0.0,203
2026-08-12T18:00:00+00:00,z2,18,-1.0,-1.8369701987210297e-16,2,0,0,600,450.0,0,0,5.0,34.0,0.0,518
2026-08-12T18:00:00+00:00,z3,18,-1.0,-1.8369701987210297e-16,2,0,0,900,1200.0,0,0,93.0,34.0,0.0,521
2026-08-12T18:00:00+00:00,z4,18,-1.0,-1.8369701987210297e-16,2,0,0,300,350.0,0,0,44.0,34.0,0.0,86
2026-08-12T19:00:00+00:00,z1,19,-0.9659258262890684,0.2588190451025203,2,0,0,400,500.0,0,0,17.0,33.1,0.0,200
2026-08-12T19:00:00+00:00,z2,19,-0.9659258262890684,0.2588190451025203,2,0,0,600,450.0,0,0,4.0,33.1,0.0,527
2026-08-12T19:00:00+00:00,z3,19,-0.9659258262890684,0.2588190451025203,2,0,0,900,1200.0,0,0,92.0,33.1,0.0,601
2026-08-12T19:00:00+00:00,z4,19,-0.9659258262890684,0.2588190451025203,2,0,0,300,350.0,0,0,43.0,33.1,0.0,249
2026-08-12T20:00:00+00:00,z1,20,-0.8660254037844386,0.5000000000000001,2,0,0,400,500.0,0,0,16.0,30.8,0.0,111
2026-08-12T20:00:00+00:00,z2,20,-0.8660254037844386,0.5000000000000001,2,0,0,600,450.0,0,0,3.0,30.8,0.0,469
2026-08-12T20:00:00+00:00,z3,20,-0.8660254037844386,0.5000000000000001,2,0,0,900,1200.0,0,0,91.0,30.8,0.0,542
2026-08-12T20:00:00+00:00,z4,20,-0.8660254037844386,0.5000000000000001,2,0,0,300,350.0,0,0,42.0,30.8,0.0,267
2026-08-12T21:00:00+00:00,z1,21,-0.7071067811865477,0.7071067811865474,2,0,0,400,500.0,0,0,15.0,28.1,0.0,109
2026-08-12T21:00:00+00:00,z2,21,-0.7071067811865477,0.7071067811865474,2,0,0,600,450.0,0,0,2.0,28.1,0.0,81
2026-08-12T21:00:00+00:00,z3,21,-0.7071067811865477,0.7071067811865474,2,0,0,900,1200.0,0,0,90.0,28.1,0.0,495
2026-08-12T21:00:00+00:00,z4,21,-0.7071067811865477,0.7071067811865474,2,0,0,300,350.0,0,0,41.0,28.1,0.0,244
2026-08-12T22:00:00+00:00,z1,22,-0.5000000000000004,0.8660254037844384,2,0,0,400,500.0,0,0,14.0,25.2,0.0,109
2026-08-12T22:00:00+00:00,z2,22,-0.5000000000000004,0.8660254037844384,2,0,0,600,450.0,0,0,1.0,25.2,0.0,158
2026-08-12T22:00:00+00:00,z3,22,-0.5000000000000004,0.8660254037844384,2,0,0,900,1200.0,0,0,89.0,25.2,0.0,91
2026-08-12T22:00:00+00:00,z4,22,-0.5000000000000004,0.8660254037844384,2,0,0,300,350.0,0,0,40.0,25.2,0.0,13
2026-08-12T23:00:00+00:00,z1,23,-0.25881904510252157,0.9659258262890681,2,0,0,400,500.0,0,0,13.0,25.3,0.0,108
2026-08-12T23:00:00+00:00,z2,23,-0.25881904510252157,0.9659258262890681,2,0,0,600,450.0,1260,1,99.0,25.3,0.0,545
2026-08-12T23:00:00+00:00,z3,23,-0.25881904510252157,0.9659258262890681,2,0,0,900,1200.0,0,0,88.0,25.3,0.0,115
2026-08-12T23:00:00+00:00,z4,23,-0.25881904510252157,0.9659258262890681,2,0,0,300,350.0,0,0,39.0,25.3,0.0,27
2026-08-13T00:00:00+00:00,z1,0,0.0,1.0,3,0,0,400,500.0,0,0,12.0,20.7,0.0,36
2026-08-13T00:00:00+00:00,z2,0,0.0,1.0,3,0,0,600,450.0,1260,1,99.0,20.7,0.0,557
2026-08-13T00:00:00+00:00,z3,0,0.0,1.0,3,0,0,900,1200.0,0,0,87.0,20.7,0.0,80
2026-08-13T00:00:00+00:00,z4,0,0.0,1.0,3,0,0,300,350.0,0,0,38.0,20.7,0.0,15
2026-08-13T01:00:00+00:00,z1,1,0.25881904510252074,0.9659258262890683,3,0,0,400,500.0,0,0,11.0,22.4,3.4,21
2026-08-13T01:00:00+00:00,z2,1,0.25881904510252074,0.9659258262890683,3,0,0,600,450.0,1260,1,99.0,22.4,3.4,359
2026-08-13T01:00:00+00:00,z3,1,0.25881904510252074,0.9659258262890683,3,0,0,900,1200.0,0,0,86.0,22.4,3.4,8
2026-08-13T01:00:00+00:00,z4,1,0.25881904510252074,0.9659258262890683,3,0,0,300,350.0,0,0,37.0,22.4,3.4,11
2026-08-13T02:00:00+00:00,z1,2,0.49999999999999994,0.8660254037844387,3,0,0,400,500.0,0,0,10.0,20.4,0.0,14
2026-08-13T02:00:00+00:00,z2,2,0.49999999999999994,0.8660254037844387,3,0,0,600,450.0,0,0,99.0,20.4,0.0,4
2026-08-13T02:00:00+00:00,z3,2,0.49999999999999994,0.8660254037844387,3,0,0,900,1200.0,0,0,85.0,20.4,0.0,60
2026-08-13T02:00:00+00:00,z4,2,0.49999999999999994,0.8660254037844387,3,0,0,300,350.0,0,0,36.0,20.4,0.0,11
2026-08-13T03:00:00+00:00,z1,3,0.7071067811865476,0.7071067811865476,3,0,0,400,500.0,0,0,9.0,19.7,0.0,44
2026-08-13T03:00:00+00:00,z2,3,0.7071067811865476,0.7071067811865476,3,0,0,600,450.0,0,0,99.0,19.7,0.0,0
2026-08-13T03:00:00+00:00,z3,3,0.7071067811865476,0.7071067811865476,3,0,0,900,1200.0,0,0,84.0,19.7,0.0,29
2026-08-13T03:00:00+00:00,z4,3,0.7071067811865476,0.7071067811865476,3,0,0,300,350.0,0,0,35.0,19.7,0.0,14
2026-08-13T04:00:00+00:00,z1,4,0.8660254037844386,0.5000000000000001,3,0,0,400,500.0,0,0,8.0,18.8,0.0,30
2026-08-13T04:00:00+00:00,z2,4,0.8660254037844386,0.5000000000000001,3,0,0,600,450.0,0,0,99.0,18.8,0.0,22
2026-08-13T04:00:00+00:00,z3,4,0.8660254037844386,0.5000000000000001,3,0,0,900,1200.0,0,0,83.0,18.8,0.0,45
2026-08-13T04:00:00+00:00,z4,4,0.8660254037844386,0.5000000000000001,3,0,0,300,350.0,0,0,34.0,18.8,0.0,4
2026-08-13T05:00:00+00:00,z1,5,0.9659258262890683,0.25881904510252074,3,0,0,400,500.0,0,0,7.0,19.5,0.0,0
2026-08-13T05:00:00+00:00,z2,5,0.9659258262890683,0.25881904510252074,3,0,0,600,450.0,0,0,99.0,19.5,0.0,31
2026-08-13T05:00:00+00:00,z3,5,0.9659258262890683,0.25881904510252074,3,0,0,900,1200.0,0,0,82.0,19.5,0.0,7
2026-08-13T05:00:00+00:00,z4,5,0.9659258262890683,0.25881904510252074,3,0,0,300,350.0,0,0,33.0,19.5,0.0,5
2026-08-13T06:00:00+00:00,z1,6,1.0,6.123233995736766e-17,3,0,0,400,500.0,0,0,6.0,24.2,0.0,26
2026-08-13T06:00:00+00:00,z2,6,1.0,6.123233995736766e-17,3,0,0,600,450.0,0,0,99.0,24.2,0.0,72
2026-08-13T06:00:00+00:00,z3,6,1.0,6.123233995736766e-17,3,0,0,900,1200.0,0,0,81.0,24.2,0.0,115
2026-08-13T06:00:00+00:00,z4,6,1.0,6.123233995736766e-17,3,0,0,300,350.0,0,0,32.0,24.2,0.0,26
2026-08-13T07:00:00+00:00,z1,7,0.9659258262890683,-0.25881904510252063,3,0,0,400,500.0,0,0,5.0,23.6,0.0,1
2026-08-13T07:00:00+00:00,z2,7,0.9659258262890683,-0.25881904510252063,3,0,0,600,450.0,0,0,99.0,23.6,0.0,73
2026-08-13T07:00:00+00:00,z3,7,0.9659258262890683,-0.25881904510252063,3,0,0,900,1200.0,0,0,80.0,23.6,0.0,10
2026-08-13T07:00:00+00:00,z4,7,0.9659258262890683,-0.25881904510252063,3,0,0,300,350.0,0,0,31.0,23.6,0.0,8
2026-08-13T08:00:00+00:00,z1,8,0.8660254037844387,-0.4999999999999998,3,0,0,400,500.0,0,0,4.0,26.2,5.5,20
2026-08-13T08:00:00+00:00,z2,8,0.8660254037844387,-0.4999999999999998,3,0,0,600,450.0,0,0,99.0,26.2,5.5,308
2026-08-13T08:00:00+00:00,z3,8,0.8660254037844387,-0.4999999999999998,3,0,0,900,1200.0,0,0,79.0,26.2,5.5,52
2026-08-13T08:00:00+00:00,z4,8,0.8660254037844387,-0.4999999999999998,3,0,0,300,350.0,0,0,30.0,26.2,5.5,0
2026-08-13T09:00:00+00:00,z1,9,0.7071067811865476,-0.7071067811865475,3,0,0,400,500.0,0,0,3.0,27.5,0.0,210
2026-08-13T09:00:00+00:00,z2,9,0.7071067811865476,-0.7071067811865475,3,0,0,600,450.0,0,0,99.0,27.5,0.0,500
2026-08-13T09:00:00+00:00,z3,9,0.7071067811865476,-0.7071067811865475,3,0,0,900,1200.0,0,0,78.0,27.5,0.0,72
2026-08-13T09:00:00+00:00,z4,9,0.7071067811865476,-0.7071067811865475,3,0,0,300,350.0,0,0,29.0,27.5,0.0,14
2026-08-13T10:00:00+00:00,z1,10,0.49999999999999994,-0.8660254037844387,3,0,0,400,500.0,0,0,2.0,29.3,0.0,203
2026-08-13T10:00:00+00:00,z2,10,0.49999999999999994,-0.8660254037844387,3,0,0,600,450.0,0,0,99.0,29.3,0.0,399
2026-08-13T10:00:00+00:00,z3,10,0.49999999999999994,-0.8660254037844387,3,0,0,900,1200.0,0,0,77.0,29.3,0.0,98
2026-08-13T10:00:00+00:00,z4,10,0.49999999999999994,-0.8660254037844387,3,0,0,300,350.0,0,0,28.0,29.3,0.0,19
2026-08-13T11:00:00+00:00,z1,11,0.258819045102521,-0.9659258262890682,3,0,0,400,500.0,0,0,1.0,33.2,0.0,348
2026-08-13T11:00:00+00:00,z2,11,0.258819045102521,-0.9659258262890682,3,0,0,600,450.0,0,0,99.0,33.2,0.0,221
2026-08-13T11:00:00+00:00,z3,11,0.258819045102521,-0.9659258262890682,3,0,0,900,1200.0,0,0,76.0,33.2,0.0,76
2026-08-13T11:00:00+00:00,z4,11,0.258819045102521,-0.9659258262890682,3,0,0,300,350.0,0,0,27.0,33.2,0.0,0
2026-08-13T12:00:00+00:00,z1,12,1.2246467991473532e-16,-1.0,3,0,0,400,500.0,1236,1,2.0,31.9,0.0,565
2026-08-13T12:00:00+00:00,z2,12,1.2246467991473532e-16,-1.0,3,0,0,600,450.0,0,0,99.0,31.9,0.0,233
2026-08-13T12:00:00+00:00,z3,12,1.2246467991473532e-16,-1.0,3,0,0,900,1200.0,0,0,75.0,31.9,0.0,252
2026-08-13T12:00:00+00:00,z4,12,1.2246467991473532e-16,-1.0,3,0,0,300,350.0,0,0,26.0,31.9,0.0,231
2026-08-13T13:00:00+00:00,z1,13,-0.2588190451025208,-0.9659258262890683,3,0,0,400,500.0,1236,1,1.0,36.2,0.0,904
2026-08-13T13:00:00+00:00,z2,13,-0.2588190451025208,-0.9659258262890683,3,0,0,600,450.0,0,0,99.0,36.2,0.0,198
2026-08-13T13:00:00+00:00,z3,13,-0.2588190451025208,-0.9659258262890683,3,0,0,900,1200.0,0,0,74.0,36.2,0.0,192
2026-08-13T13:00:00+00:00,z4,13,-0.2588190451025208,-0.9659258262890683,3,0,0,300,350.0,0,0,25.0,36.2,0.0,256
2026-08-13T14:00:00+00:00,z1,14,-0.4999999999999997,-0.8660254037844388,3,0,0,400,500.0,2684,2,29.0,37.2,0.0,583
2026-08-13T14:00:00+00:00,z2,14,-0.4999999999999997,-0.8660254037844388,3,0,0,600,450.0,0,0,99.0,37.2,0.0,197
2026-08-13T14:00:00+00:00,z3,14,-0.4999999999999997,-0.8660254037844388,3,0,0,900,1200.0,0,0,73.0,37.2,0.0,221
2026-08-13T14:00:00+00:00,z4,14,-0.4999999999999997,-0.8660254037844388,3,0,0,300,350.0,0,0,24.0,37.2,0.0,223
2026-08-13T15:00:00+00:00,z1,15,-0.7071067811865471,-0.7071067811865479,3,0,0,400,500.0,2684,2,28.0,37.6,0.0,596
2026-08-13T15:00:00+00:00,z2,15,-0.7071067811865471,-0.7071067811865479,3,0,0,600,450.0,0,0,99.0,37.6,0.0,171
2026-08-13T15:00:00+00:00,z3,15,-0.7071067811865471,-0.7071067811865479,3,0,0,900,1200.0,0,0,72.0,37.6,0.0,277
2026-08-13T15:00:00+00:00,z4,15,-0.7071067811865471,-0.7071067811865479,3,0,0,300,350.0,0,0,23.0,37.6,0.0,66
2026-08-13T16:00:00+00:00,z1,16,-0.8660254037844385,-0.5000000000000004,3,0,0,400,500.0,1448,1,27.0,36.8,0.0,552
2026-08-13T16:00:00+00:00,z2,16,-0.8660254037844385,-0.5000000000000004,3,0,0,600,450.0,0,0,99.0,36.8,0.0,229
2026-08-13T16:00:00+00:00,z3,16,-0.8660254037844385,-0.5000000000000004,3,0,0,900,1200.0,0,0,71.0,36.8,0.0,240
2026-08-13T16:00:00+00:00,z4,16,-0.8660254037844385,-0.5000000000000004,3,0,0,300,350.0,0,0,22.0,36.8,0.0,82
2026-08-13T17:00:00+00:00,z1,17,-0.9659258262890683,-0.25881904510252063,3,0,0,400,500.0,1448,1,26.0,36.4,0.0,565
2026-08-13T17:00:00+00:00,z2,17,-0.9659258262890683,-0.25881904510252063,3,0,0,600,450.0,0,0,98.0,36.4,0.0,487
2026-08-13T17:00:00+00:00,z3,17,-0.9659258262890683,-0.25881904510252063,3,0,0,900,1200.0,0,0,70.0,36.4,0.0,510
2026-08-13T17:00:00+00:00,z4,17,-0.9659258262890683,-0.25881904510252063,3,0,0,300,350.0,0,0,21.0,36.4,0.0,78
2026-08-13T18:00:00+00:00,z1,18,-1.0,-1.8369701987210297e-16,3,0,0,400,500.0,0,0,25.0,34.3,0.0,223
2026-08-13T18:00:00+00:00,z2,18,-1.0,-1.8369701987210297e-16,3,0,0,600,450.0,0,0,97.0,34.3,0.0,550
2026-08-13T18:00:00+00:00,z3,18,-1.0,-1.8369701987210297e-16,3,0,0,900,1200.0,0,0,69.0,34.3,0.0,538
2026-08-13T18:00:00+00:00,z4,18,-1.0,-1.8369701987210297e-16,3,0,0,300,350.0,0,0,20.0,34.3,0.0,60
2026-08-13T19:00:00+00:00,z1,19,-0.9659258262890684,0.2588190451025203,3,0,0,400,500.0,0,0,24.0,31.6,0.0,196
2026-08-13T19:00:00+00:00,z2,19,-0.9659258262890684,0.2588190451025203,3,0,0,600,450.0,0,0,96.0,31.6,0.0,490
2026-08-13T19:00:00+00:00,z3,19,-0.9659258262890684,0.2588190451025203,3,0,0,900,1200.0,0,0,68.0,31.6,0.0,589
2026-08-13T19:00:00+00:00,z4,19,-0.9659258262890684,0.2588190451025203,3,0,0,300,350.0,0,0,19.0,31.6,0.0,223
2026-08-13T20:00:00+00:00,z1,20,-0.8660254037844386,0.5000000000000001,3,0,0,400,500.0,0,0,23.0,31.9,0.0,101
2026-08-13T20:00:00+00:00,z2,20,-0.8660254037844386,0.5000000000000001,3,0,0,600,450.0,0,0,95.0,31.9,0.0,466
2026-08-13T20:00:00+00:00,z3,20,-0.8660254037844386,0.5000000000000001,3,0,0,900,1200.0,0,0,67.0,31.9,0.0,546
2026-08-13T20:00:00+00:00,z4,20,-0.8660254037844386,0.5000000000000001,3,0,0,300,350.0,0,0,18.0,31.9,0.0,285
2026-08-13T21:00:00+00:00,z1,21,-0.7071067811865477,0.7071067811865474,3,0,0,400,500.0,0,0,22.0,28.9,0.0,82
2026-08-13T21:00:00+00:00,z2,21,-0.7071067811865477,0.7071067811865474,3,0,0,600,450.0,0,0,94.0,28.9,0.0,111
2026-08-13T21:00:00+00:00,z3,21,-0.7071067811865477,0.7071067811865474,3,0,0,900,1200.0,0,0,66.0,28.9,0.0,513
2026-08-13T21:00:00+00:00,z4,21,-0.7071067811865477,0.7071067811865474,3,0,0,300,350.0,0,0,17.0,28.9,0.0,225
2026-08-13T22:00:00+00:00,z1,22,-0.5000000000000004,0.8660254037844384,3,0,0,400,500.0,0,0,21.0,27.4,0.0,133
2026-08-13T22:00:00+00:00,z2,22,-0.5000000000000004,0.8660254037844384,3,0,0,600,450.0,0,0,93.0,27.4,0.0,89
2026-08-13T22:00:00+00:00,z3,22,-0.5000000000000004,0.8660254037844384,3,0,0,900,1200.0,0,0,65.0,27.4,0.0,48
2026-08-13T22:00:00+00:00,z4,22,-0.5000000000000004,0.8660254037844384,3,0,0,300,350.0,0,0,16.0,27.4,0.0,2
2026-08-13T23:00:00+00:00,z1,23,-0.25881904510252157,0.9659258262890681,3,0,0,400,500.0,0,0,20.0,24.3,0.0,97
2026-08-13T23:00:00+00:00,z2,23,-0.25881904510252157,0.9659258262890681,3,0,0,600,450.0,0,0,92.0,24.3,0.0,88
2026-08-13T23:00:00+00:00,z3,23,-0.25881904510252157,0.9659258262890681,3,0,0,900,1200.0,0,0,64.0,24.3,0.0,75
2026-08-13T23:00:00+00:00,z4,23,-0.25881904510252157,0.9659258262890681,3,0,0,300,350.0,0,0,15.0,24.3,0.0,12
2026-08-14T00:00:00+00:00,z1,0,0.0,1.0,4,0,0,400,500.0,0,0,19.0,23.2,0.0,28
2026-08-14T00:00:00+00:00,z2,0,0.0,1.0,4,0,0,600,450.0,0,0,91.0,23.2,0.0,83
2026-08-14T00:00:00+00:00,z3,0,0.0,1.0,4,0,0,900,1200.0,0,0,63.0,23.2,0.0,20
2026-08-14T00:00:00+00:00,z4,0,0.0,1.0,4,0,0,300,350.0,0,0,14.0,23.2,0.0,14
2026-08-14T01:00:00+00:00,z1,1,0.25881904510252074,0.9659258262890683,4,0,0,400,500.0,0,0,18.0,19.6,0.0,0
2026-08-14T01:00:00+00:00,z2,1,0.25881904510252074,0.9659258262890683,4,0,0,600,450.0,0,0,90.0,19.6,0.0,30
2026-08-14T01:00:00+00:00,z3,1,0.25881904510252074,0.9659258262890683,4,0,0,900,1200.0,0,0,62.0,19.6,0.0,7
2026-08-14T01:00:00+00:00,z4,1,0.25881904510252074,0.9659258262890683,4,0,0,300,350.0,0,0,13.0,19.6,0.0,8
2026-08-14T02:00:00+00:00,z1,2,0.49999999999999994,0.8660254037844387,4,0,0,400,500.0,0,0,17.0,20.6,0.0,29
2026-08-14T02:00:00+00:00,z2,2,0.49999999999999994,0.8660254037844387,4,0,0,600,450.0,0,0,89.0,20.6,0.0,11
2026-08-14T02:00:00+00:00,z3,2,0.49999999999999994,0.8660254037844387,4,0,0,900,1200.0,0,0,61.0,20.6,0.0,50
2026-08-14T02:00:00+00:00,z4,2,0.49999999999999994,0.8660254037844387,4,0,0,300,350.0,0,0,12.0,20.6,0.0,11
2026-08-14T03:00:00+00:00,z1,3,0.7071067811865476,0.7071067811865476,4,0,0,400,500.0,0,0,16.0,18.7,20.1,27
2026-08-14T03:00:00+00:00,z2,3,0.7071067811865476,0.7071067811865476,4,0,0,600,450.0,0,0,88.0,18.7,20.1,12
2026-08-14T03:00:00+00:00,z3,3,0.7071067811865476,0.7071067811865476,4,0,0,900,1200.0,0,0,60.0,18.7,20.1,0
2026-08-14T03:00:00+00:00,z4,3,0.7071067811865476,0.7071067811865476,4,0,0,300,350.0,0,0,11.0,18.7,20.1,14
2026-08-14T04:00:00+00:00,z1,4,0.8660254037844386,0.5000000000000001,4,0,0,400,500.0,0,0,15.0,21.5,0.0,8
2026-08-14T04:00:00+00:00,z2,4,0.8660254037844386,0.5000000000000001,4,0,0,600,450.0,0,0,87.0,21.5,0.0,0
2026-08-14T04:00:00+00:00,z3,4,0.8660254037844386,0.5000000000000001,4,0,0,900,1200.0,0,0,59.0,21.5,0.0,28
2026-08-14T04:00:00+00:00,z4,4,0.8660254037844386,0.5000000000000001,4,0,0,300,350.0,0,0,10.0,21.5,0.0,6
2026-08-14T05:00:00+00:00,z1,5,0.9659258262890683,0.25881904510252074,4,0,0,400,500.0,0,0,14.0,20.8,0.0,34
2026-08-14T05:00:00+00:00,z2,5,0.9659258262890683,0.25881904510252074,4,0,0,600,450.0,0,0,86.0,20.8,0.0,0
2026-08-14T05:00:00+00:00,z3,5,0.9659258262890683,0.25881904510252074,4,0,0,900,1200.0,0,0,58.0,20.8,0.0,26
2026-08-14T05:00:00+00:00,z4,5,0.9659258262890683,0.25881904510252074,4,0,0,300,350.0,0,0,9.0,20.8,0.0,13
2026-08-14T06:00:00+00:00,z1,6,1.0,6.123233995736766e-17,4,0,0,400,500.0,0,0,13.0,20.7,0.0,22
2026-08-14T06:00:00+00:00,z2,6,1.0,6.123233995736766e-17,4,0,0,600,450.0,0,0,85.0,20.7,0.0,114
2026-08-14T06:00:00+00:00,z3,6,1.0,6.123233995736766e-17,4,0,0,900,1200.0,0,0,57.0,20.7,0.0,70
2026-08-14T06:00:00+00:00,z4,6,1.0,6.123233995736766e-17,4,0,0,300,350.0,0,0,8.0,20.7,0.0,13
2026-08-14T07:00:00+00:00,z1,7,0.9659258262890683,-0.25881904510252063,4,0,0,400,500.0,0,0,12.0,22.6,0.0,27
2026-08-14T07:00:00+00:00,z2,7,0.9659258262890683,-0.25881904510252063,4,0,0,600,450.0,0,0,84.0,22.6,0.0,92
2026-08-14T07:00:00+00:00,z3,7,0.9659258262890683,-0.25881904510252063,4,0,0,900,1200.0,0,0,56.0,22.6,0.0,61
2026-08-14T07:00:00+00:00,z4,7,0.9659258262890683,-0.25881904510252063,4,0,0,300,350.0,0,0,7.0,22.6,0.0,20
2026-08-14T08:00:00+00:00,z1,8,0.8660254037844387,-0.4999999999999998,4,0,0,400,500.0,0,0,11.0,24.3,0.0,12
2026-08-14T08:00:00+00:00,z2,8,0.8660254037844387,-0.4999999999999998,4,0,0,600,450.0,0,0,83.0,24.3,0.0,409
2026-08-14T08:00:00+00:00,z3,8,0.8660254037844387,-0.4999999999999998,4,0,0,900,1200.0,0,0,55.0,24.3,0.0,58
2026-08-14T08:00:00+00:00,z4,8,0.8660254037844387,-0.4999999999999998,4,0,0,300,350.0,0,0,6.0,24.3,0.0,27
2026-08-14T09:00:00+00:00,z1,9,0.7071067811865476,-0.7071067811865475,4,0,0,400,500.0,0,0,10.0,27.6,0.0,161
2026-08-14T09:00:00+00:00,z2,9,0.7071067811865476,-0.7071067811865475,4,0,0,600,450.0,0,0,82.0,27.6,0.0,517
2026-08-14T09:00:00+00:00,z3,9,0.7071067811865476,-0.7071067811865475,4,0,0,900,1200.0,0,0,54.0,27.6,0.0,73
2026-08-14T09:00:00+00:00,z4,9,0.7071067811865476,-0.7071067811865475,4,0,0,300,350.0,0,0,5.0,27.6,0.0,0
2026-08-14T10:00:00+00:00,z1,10,0.49999999999999994,-0.8660254037844387,4,0,0,400,500.0,0,0,9.0,30.5,0.0,222
2026-08-14T10:00:00+00:00,z2,10,0.49999999999999994,-0.8660254037844387,4,0,0,600,450.0,0,0,81.0,30.5,0.0,429
2026-08-14T10:00:00+00:00,z3,10,0.49999999999999994,-0.8660254037844387,4,0,0,900,1200.0,0,0,53.0,30.5,0.0,88
2026-08-14T10:00:00+00:00,z4,10,0.49999999999999994,-0.8660254037844387,4,0,0,300,350.0,0,0,4.0,30.5,0.0,0
2026-08-14T11:00:00+00:00,z1,11,0.258819045102521,-0.9659258262890682,4,0,0,400,500.0,0,0,8.0,30.1,11.0,146
2026-08-14T11:00:00+00:00,z2,11,0.258819045102521,-0.9659258262890682,4,0,0,600,450.0,0,0,80.0,30.1,11.0,136
2026-08-14T11:00:00+00:00,z3,11,0.258819045102521,-0.9659258262890682,4,0,0,900,1200.0,0,0,52.0,30.1,11.0,58
2026-08-14T11:00:00+00:00,z4,11,0.258819045102521,-0.9659258262890682,4,0,0,300,350.0,0,0,3.0,30.1,11.0,18
2026-08-14T12:00:00+00:00,z1,12,1.2246467991473532e-16,-1.0,4,0,0,400,500.0,0,0,7.0,33.3,0.0,238
2026-08-14T12:00:00+00:00,z2,12,1.2246467991473532e-16,-1.0,4,0,0,600,450.0,0,0,79.0,33.3,0.0,214
2026-08-14T12:00:00+00:00,z3,12,1.2246467991473532e-16,-1.0,4,0,0,900,1200.0,0,0,51.0,33.3,0.0,244
2026-08-14T12:00:00+00:00,z4,12,1.2246467991473532e-16,-1.0,4,0,0,300,350.0,0,0,2.0,33.3,0.0,206
2026-08-14T13:00:00+00:00,z1,13,-0.2588190451025208,-0.9659258262890683,4,0,0,400,500.0,0,0,6.0,33.4,0.0,271
2026-08-14T13:00:00+00:00,z2,13,-0.2588190451025208,-0.9659258262890683,4,0,0,600,450.0,0,0,78.0,33.4,0.0,211
2026-08-14T13:00:00+00:00,z3,13,-0.2588190451025208,-0.9659258262890683,4,0,0,900,1200.0,0,0,50.0,33.4,0.0,210
2026-08-14T13:00:00+00:00,z4,13,-0.2588190451025208,-0.9659258262890683,4,0,0,300,350.0,0,0,1.0,33.4,0.0,351
2026-08-14T14:00:00+00:00,z1,14,-0.4999999999999997,-0.8660254037844388,4,0,0,400,500.0,0,0,5.0,35.7,0.0,263
2026-08-14T14:00:00+00:00,z2,14,-0.4999999999999997,-0.8660254037844388,4,0,0,600,450.0,0,0,77.0,35.7,0.0,202
2026-08-14T14:00:00+00:00,z3,14,-0.4999999999999997,-0.8660254037844388,4,0,0,900,1200.0,0,0,49.0,35.7,0.0,205
2026-08-14T14:00:00+00:00,z4,14,-0.4999999999999997,-0.8660254037844388,4,0,0,300,350.0,206,1,7.0,35.7,0.0,285
2026-08-14T15:00:00+00:00,z1,15,-0.7071067811865471,-0.7071067811865479,4,0,0,400,500.0,0,0,4.0,34.2,0.0,248
2026-08-14T15:00:00+00:00,z2,15,-0.7071067811865471,-0.7071067811865479,4,0,0,600,450.0,0,0,76.0,34.2,0.0,202
2026-08-14T15:00:00+00:00,z3,15,-0.7071067811865471,-0.7071067811865479,4,0,0,900,1200.0,0,0,48.0,34.2,0.0,275
2026-08-14T15:00:00+00:00,z4,15,-0.7071067811865471,-0.7071067811865479,4,0,0,300,350.0,206,1,6.0,34.2,0.0,141
2026-08-14T16:00:00+00:00,z1,16,-0.8660254037844385,-0.5000000000000004,4,0,0,400,500.0,0,0,3.0,34.7,0.0,262
2026-08-14T16:00:00+00:00,z2,16,-0.8660254037844385,-0.5000000000000004,4,0,0,600,450.0,0,0,75.0,34.7,0.0,197
2026-08-14T16:00:00+00:00,z3,16,-0.8660254037844385,-0.5000000000000004,4,0,0,900,1200.0,0,0,47.0,34.7,0.0,254
2026-08-14T16:00:00+00:00,z4,16,-0.8660254037844385,-0.5000000000000004,4,0,0,300,350.0,206,1,5.0,34.7,0.0,146
2026-08-14T17:00:00+00:00,z1,17,-0.9659258262890683,-0.25881904510252063,4,0,0,400,500.0,0,0,2.0,33.9,0.0,233
2026-08-14T17:00:00+00:00,z2,17,-0.9659258262890683,-0.25881904510252063,4,0,0,600,450.0,0,0,74.0,33.9,0.0,461
2026-08-14T17:00:00+00:00,z3,17,-0.9659258262890683,-0.25881904510252063,4,0,0,900,1200.0,0,0,46.0,33.9,0.0,532
2026-08-14T17:00:00+00:00,z4,17,-0.9659258262890683,-0.25881904510252063,4,0,0,300,350.0,0,0,4.0,33.9,0.0,82
2026-08-14T18:00:00+00:00,z1,18,-1.0,-1.8369701987210297e-16,4,0,0,400,500.0,0,0,1.0,32.9,0.0,333
2026-08-14T18:00:00+00:00,z2,18,-1.0,-1.8369701987210297e-16,4,0,0,600,450.0,0,0,73.0,32.9,0.0,511
2026-08-14T18:00:00+00:00,z3,18,-1.0,-1.8369701987210297e-16,4,0,0,900,1200.0,0,0,45.0,32.9,0.0,547
2026-08-14T18:00:00+00:00,z4,18,-1.0,-1.8369701987210297e-16,4,0,0,300,350.0,0,0,3.0,32.9,0.0,55
2026-08-14T19:00:00+00:00,z1,19,-0.9659258262890684,0.2588190451025203,4,0,0,400,500.0,2158,2,9.0,32.5,0.0,524
2026-08-14T19:00:00+00:00,z2,19,-0.9659258262890684,0.2588190451025203,4,0,0,600,450.0,0,0,72.0,32.5,0.0,521
2026-08-14T19:00:00+00:00,z3,19,-0.9659258262890684,0.2588190451025203,4,0,0,900,1200.0,0,0,44.0,32.5,0.0,605
2026-08-14T19:00:00+00:00,z4,19,-0.9659258262890684,0.2588190451025203,4,0,0,300,350.0,0,0,2.0,32.5,0.0,232
2026-08-14T20:00:00+00:00,z1,20,-0.8660254037844386,0.5000000000000001,4,0,0,400,500.0,2158,2,8.0,31.9,0.0,421
2026-08-14T20:00:00+00:00,z2,20,-0.8660254037844386,0.5000000000000001,4,0,0,600,450.0,0,0,71.0,31.9,0.0,462
2026-08-14T20:00:00+00:00,z3,20,-0.8660254037844386,0.5000000000000001,4,0,0,900,1200.0,0,0,43.0,31.9,0.0,503
2026-08-14T20:00:00+00:00,z4,20,-0.8660254037844386,0.5000000000000001,4,0,0,300,350.0,0,0,1.0,31.9,0.0,389
2026-08-14T21:00:00+00:00,z1,21,-0.7071067811865477,0.7071067811865474,4,0,0,400,500.0,2158,2,7.0,29.9,0.0,417
2026-08-14T21:00:00+00:00,z2,21,-0.7071067811865477,0.7071067811865474,4,0,0,600,450.0,0,0,70.0,29.9,0.0,54
2026-08-14T21:00:00+00:00,z3,21,-0.7071067811865477,0.7071067811865474,4,0,0,900,1200.0,0,0,42.0,29.9,0.0,499
2026-08-14T21:00:00+00:00,z4,21,-0.7071067811865477,0.7071067811865474,4,0,0,300,350.0,1380,1,39.0,29.9,0.0,480
2026-08-14T22:00:00+00:00,z1,22,-0.5000000000000004,0.8660254037844384,4,0,0,400,500.0,2158,2,6.0,26.1,0.0,419
2026-08-14T22:00:00+00:00,z2,22,-0.5000000000000004,0.8660254037844384,4,0,0,600,450.0,0,0,69.0,26.1,0.0,108
2026-08-14T22:00:00+00:00,z3,22,-0.5000000000000004,0.8660254037844384,4,0,0,900,1200.0,0,0,41.0,26.1,0.0,92
2026-08-14T22:00:00+00:00,z4,22,-0.5000000000000004,0.8660254037844384,4,0,0,300,350.0,1380,1,38.0,26.1,0.0,258
2026-08-14T23:00:00+00:00,z1,23,-0.25881904510252157,0.9659258262890681,4,0,0,400,500.0,2158,2,5.0,25.6,0.0,425
2026-08-14T23:00:00+00:00,z2,23,-0.25881904510252157,0.9659258262890681,4,0,0,600,450.0,0,0,68.0,25.6,0.0,88
2026-08-14T23:00:00+00:00,z3,23,-0.25881904510252157,0.9659258262890681,4,0,0,900,1200.0,0,0,40.0,25.6,0.0,120
2026-08-14T23:00:00+00:00,z4,23,-0.25881904510252157,0.9659258262890681,4,0,0,300,350.0,0,0,37.0,25.6,0.0,2
2026-08-15T00:00:00+00:00,z1,0,0.0,1.0,5,1,1,400,500.0,0,0,4.0,20.3,0.0,27
2026-08-15T00:00:00+00:00,z2,0,0.0,1.0,5,1,1,600,450.0,0,0,67.0,20.3,0.0,114
2026-08-15T00:00:00+00:00,z3,0,0.0,1.0,5,1,1,900,1200.0,0,0,39.0,20.3,0.0,134
2026-08-15T00:00:00+00:00,z4,0,0.0,1.0,5,1,1,300,350.0,0,0,36.0,20.3,0.0,11
2026-08-15T01:00:00+00:00,z1,1,0.25881904510252074,0.9659258262890683,5,1,1,400,500.0,0,0,3.0,22.4,0.0,4
2026-08-15T01:00:00+00:00,z2,1,0.25881904510252074,0.9659258262890683,5,1,1,600,450.0,0,0,66.0,22.4,0.0,18
2026-08-15T01:00:00+00:00,z3,1,0.25881904510252074,0.9659258262890683,5,1,1,900,1200.0,0,0,38.0,22.4,0.0,62
2026-08-15T01:00:00+00:00,z4,1,0.25881904510252074,0.9659258262890683,5,1,1,300,350.0,0,0,35.0,22.4,0.0,26
2026-08-15T02:00:00+00:00,z1,2,0.49999999999999994,0.8660254037844387,5,1,1,400,500.0,0,0,2.0,20.7,0.0,0
2026-08-15T02:00:00+00:00,z2,2,0.49999999999999994,0.8660254037844387,5,1,1,600,450.0,0,0,65.0,20.7,0.0,44
2026-08-15T02:00:00+00:00,z3,2,0.49999999999999994,0.8660254037844387,5,1,1,900,1200.0,0,0,37.0,20.7,0.0,108
2026-08-15T02:00:00+00:00,z4,2,0.49999999999999994,0.8660254037844387,5,1,1,300,350.0,0,0,34.0,20.7,0.0,11
2026-08-15T03:00:00+00:00,z1,3,0.7071067811865476,0.7071067811865476,5,1,1,400,500.0,0,0,1.0,20.0,19.0,50
2026-08-15T03:00:00+00:00,z2,3,0.7071067811865476,0.7071067811865476,5,1,1,600,450.0,0,0,64.0,20.0,19.0,9
2026-08-15T03:00:00+00:00,z3,3,0.7071067811865476,0.7071067811865476,5,1,1,900,1200.0,0,0,36.0,20.0,19.0,20
2026-08-15T03:00:00+00:00,z4,3,0.7071067811865476,0.7071067811865476,5,1,1,300,350.0,0,0,33.0,20.0,19.0,12
2026-08-15T04:00:00+00:00,z1,4,0.8660254037844386,0.5000000000000001,5,1,1,400,500.0,707,1,45.0,18.8,0.0,255
2026-08-15T04:00:00+00:00,z2,4,0.8660254037844386,0.5000000000000001,5,1,1,600,450.0,0,0,63.0,18.8,0.0,53
2026-08-15T04:00:00+00:00,z3,4,0.8660254037844386,0.5000000000000001,5,1,1,900,1200.0,0,0,35.0,18.8,0.0,13
2026-08-15T04:00:00+00:00,z4,4,0.8660254037844386,0.5000000000000001,5,1,1,300,350.0,0,0,32.0,18.8,0.0,3
2026-08-15T05:00:00+00:00,z1,5,0.9659258262890683,0.25881904510252074,5,1,1,400,500.0,707,1,44.0,20.3,0.0,276
2026-08-15T05:00:00+00:00,z2,5,0.9659258262890683,0.25881904510252074,5,1,1,600,450.0,0,0,62.0,20.3,0.0,0
2026-08-15T05:00:00+00:00,z3,5,0.9659258262890683,0.25881904510252074,5,1,1,900,1200.0,0,0,34.0,20.3,0.0,42
2026-08-15T05:00:00+00:00,z4,5,0.9659258262890683,0.25881904510252074,5,1,1,300,350.0,0,0,31.0,20.3,0.0,41
2026-08-15T06:00:00+00:00,z1,6,1.0,6.123233995736766e-17,5,1,1,400,500.0,707,1,43.0,21.3,0.0,272
2026-08-15T06:00:00+00:00,z2,6,1.0,6.123233995736766e-17,5,1,1,600,450.0,0,0,61.0,21.3,0.0,92
2026-08-15T06:00:00+00:00,z3,6,1.0,6.123233995736766e-17,5,1,1,900,1200.0,0,0,33.0,21.3,0.0,111
2026-08-15T06:00:00+00:00,z4,6,1.0,6.123233995736766e-17,5,1,1,300,350.0,0,0,30.0,21.3,0.0,18
2026-08-15T07:00:00+00:00,z1,7,0.9659258262890683,-0.25881904510252063,5,1,1,400,500.0,707,1,42.0,23.4,0.0,274
2026-08-15T07:00:00+00:00,z2,7,0.9659258262890683,-0.25881904510252063,5,1,1,600,450.0,0,0,60.0,23.4,0.0,124
2026-08-15T07:00:00+00:00,z3,7,0.9659258262890683,-0.25881904510252063,5,1,1,900,1200.0,0,0,32.0,23.4,0.0,84
2026-08-15T07:00:00+00:00,z4,7,0.9659258262890683,-0.25881904510252063,5,1,1,300,350.0,0,0,29.0,23.4,0.0,34
2026-08-15T08:00:00+00:00,z1,8,0.8660254037844387,-0.4999999999999998,5,1,1,400,500.0,707,1,41.0,26.3,17.9,153
2026-08-15T08:00:00+00:00,z2,8,0.8660254037844387,-0.4999999999999998,5,1,1,600,450.0,0,0,59.0,26.3,17.9,97
2026-08-15T08:00:00+00:00,z3,8,0.8660254037844387,-0.4999999999999998,5,1,1,900,1200.0,0,0,31.0,26.3,17.9,45
2026-08-15T08:00:00+00:00,z4,8,0.8660254037844387,-0.4999999999999998,5,1,1,300,350.0,0,0,28.0,26.3,17.9,26
2026-08-15T09:00:00+00:00,z1,9,0.7071067811865476,-0.7071067811865475,5,1,1,400,500.0,0,0,40.0,28.6,13.0,176
2026-08-15T09:00:00+00:00,z2,9,0.7071067811865476,-0.7071067811865475,5,1,1,600,450.0,0,0,58.0,28.6,13.0,89
2026-08-15T09:00:00+00:00,z3,9,0.7071067811865476,-0.7071067811865475,5,1,1,900,1200.0,0,0,30.0,28.6,13.0,37
2026-08-15T09:00:00+00:00,z4,9,0.7071067811865476,-0.7071067811865475,5,1,1,300,350.0,0,0,27.0,28.6,13.0,5
2026-08-15T10:00:00+00:00,z1,10,0.49999999999999994,-0.8660254037844387,5,1,1,400,500.0,0,0,39.0,31.7,0.0,356
2026-08-15T10:00:00+00:00,z2,10,0.49999999999999994,-0.8660254037844387,5,1,1,600,450.0,0,0,57.0,31.7,0.0,105
2026-08-15T10:00:00+00:00,z3,10,0.49999999999999994,-0.8660254037844387,5,1,1,900,1200.0,0,0,29.0,31.7,0.0,89
2026-08-15T10:00:00+00:00,z4,10,0.49999999999999994,-0.8660254037844387,5,1,1,300,350.0,0,0,26.0,31.7,0.0,13
2026-08-15T11:00:00+00:00,z1,11,0.258819045102521,-0.9659258262890682,5,1,1,400,500.0,0,0,38.0,31.7,0.0,377
2026-08-15T11:00:00+00:00,z2,11,0.258819045102521,-0.9659258262890682,5,1,1,600,450.0,0,0,56.0,31.7,0.0,101
2026-08-15T11:00:00+00:00,z3,11,0.258819045102521,-0.9659258262890682,5,1,1,900,1200.0,0,0,28.0,31.7,0.0,526
2026-08-15T11:00:00+00:00,z4,11,0.258819045102521,-0.9659258262890682,5,1,1,300,350.0,0,0,25.0,31.7,0.0,19
2026-08-15T12:00:00+00:00,z1,12,1.2246467991473532e-16,-1.0,5,1,1,400,500.0,0,0,37.0,34.7,0.0,363
2026-08-15T12:00:00+00:00,z2,12,1.2246467991473532e-16,-1.0,5,1,1,600,450.0,0,0,55.0,34.7,0.0,274
2026-08-15T12:00:00+00:00,z3,12,1.2246467991473532e-16,-1.0,5,1,1,900,1200.0,0,0,27.0,34.7,0.0,548
2026-08-15T12:00:00+00:00,z4,12,1.2246467991473532e-16,-1.0,5,1,1,300,350.0,0,0,24.0,34.7,0.0,275
2026-08-15T13:00:00+00:00,z1,13,-0.2588190451025208,-0.9659258262890683,5,1,1,400,500.0,0,0,36.0,35.5,2.7,231
2026-08-15T13:00:00+00:00,z2,13,-0.2588190451025208,-0.9659258262890683,5,1,1,600,450.0,0,0,54.0,35.5,2.7,262
2026-08-15T13:00:00+00:00,z3,13,-0.2588190451025208,-0.9659258262890683,5,1,1,900,1200.0,0,0,26.0,35.5,2.7,318
2026-08-15T13:00:00+00:00,z4,13,-0.2588190451025208,-0.9659258262890683,5,1,1,300,350.0,0,0,23.0,35.5,2.7,255
2026-08-15T14:00:00+00:00,z1,14,-0.4999999999999997,-0.8660254037844388,5,1,1,400,500.0,0,0,35.0,36.4,0.0,399
2026-08-15T14:00:00+00:00,z2,14,-0.4999999999999997,-0.8660254037844388,5,1,1,600,450.0,0,0,53.0,36.4,0.0,360
2026-08-15T14:00:00+00:00,z3,14,-0.4999999999999997,-0.8660254037844388,5,1,1,900,1200.0,0,0,25.0,36.4,0.0,474
2026-08-15T14:00:00+00:00,z4,14,-0.4999999999999997,-0.8660254037844388,5,1,1,300,350.0,0,0,22.0,36.4,0.0,303
2026-08-15T15:00:00+00:00,z1,15,-0.7071067811865471,-0.7071067811865479,5,1,1,400,500.0,0,0,34.0,37.3,0.0,420
2026-08-15T15:00:00+00:00,z2,15,-0.7071067811865471,-0.7071067811865479,5,1,1,600,450.0,0,0,52.0,37.3,0.0,365
2026-08-15T15:00:00+00:00,z3,15,-0.7071067811865471,-0.7071067811865479,5,1,1,900,1200.0,0,0,24.0,37.3,0.0,501
2026-08-15T15:00:00+00:00,z4,15,-0.7071067811865471,-0.7071067811865479,5,1,1,300,350.0,0,0,21.0,37.3,0.0,93
2026-08-15T16:00:00+00:00,z1,16,-0.8660254037844385,-0.5000000000000004,5,1,1,400,500.0,0,0,33.0,36.8,0.0,384
2026-08-15T16:00:00+00:00,z2,16,-0.8660254037844385,-0.5000000000000004,5,1,1,600,450.0,0,0,51.0,36.8,0.0,362
2026-08-15T16:00:00+00:00,z3,16,-0.8660254037844385,-0.5000000000000004,5,1,1,900,1200.0,0,0,23.0,36.8,0.0,924
2026-08-15T16:00:00+00:00,z4,16,-0.8660254037844385,-0.5000000000000004,5,1,1,300,350.0,0,0,20.0,36.8,0.0,76
2026-08-15T17:00:00+00:00,z1,17,-0.9659258262890683,-0.25881904510252063,5,1,1,400,500.0,0,0,32.0,34.8,0.0,371
2026-08-15T17:00:00+00:00,z2,17,-0.9659258262890683,-0.25881904510252063,5,1,1,600,450.0,0,0,50.0,34.8,0.0,359
2026-08-15T17:00:00+00:00,z3,17,-0.9659258262890683,-0.25881904510252063,5,1,1,900,1200.0,0,0,22.0,34.8,0.0,921
2026-08-15T17:00:00+00:00,z4,17,-0.9659258262890683,-0.25881904510252063,5,1,1,300,350.0,0,0,19.0,34.8,0.0,90
2026-08-15T18:00:00+00:00,z1,18,-1.0,-1.8369701987210297e-16,5,1,1,400,500.0,0,0,31.0,32.5,8.5,202
2026-08-15T18:00:00+00:00,z2,18,-1.0,-1.8369701987210297e-16,5,1,1,600,450.0,0,0,49.0,32.5,8.5,270
2026-08-15T18:00:00+00:00,z3,18,-1.0,-1.8369701987210297e-16,5,1,1,900,1200.0,0,0,21.0,32.5,8.5,598
2026-08-15T18:00:00+00:00,z4,18,-1.0,-1.8369701987210297e-16,5,1,1,300,350.0,0,0,18.0,32.5,8.5,71
2026-08-15T19:00:00+00:00,z1,19,-0.9659258262890684,0.2588190451025203,5,1,1,400,500.0,0,0,30.0,31.4,16.1,166
2026-08-15T19:00:00+00:00,z2,19,-0.9659258262890684,0.2588190451025203,5,1,1,600,450.0,0,0,48.0,31.4,16.1,260
2026-08-15T19:00:00+00:00,z3,19,-0.9659258262890684,0.2588190451025203,5,1,1,900,1200.0,0,0,20.0,31.4,16.1,567
2026-08-15T19:00:00+00:00,z4,19,-0.9659258262890684,0.2588190451025203,5,1,1,300,350.0,0,0,17.0,31.4,16.1,232
2026-08-15T20:00:00+00:00,z1,20,-0.8660254037844386,0.5000000000000001,5,1,1,400,500.0,0,0,29.0,29.3,0.0,116
2026-08-15T20:00:00+00:00,z2,20,-0.8660254037844386,0.5000000000000001,5,1,1,600,450.0,0,0,47.0,29.3,0.0,350
2026-08-15T20:00:00+00:00,z3,20,-0.8660254037844386,0.5000000000000001,5,1,1,900,1200.0,0,0,19.0,29.3,0.0,1070
2026-08-15T20:00:00+00:00,z4,20,-0.8660254037844386,0.5000000000000001,5,1,1,300,350.0,0,0,16.0,29.3,0.0,337
2026-08-15T21:00:00+00:00,z1,21,-0.7071067811865477,0.7071067811865474,5,1,1,400,500.0,0,0,28.0,26.9,0.0,140
2026-08-15T21:00:00+00:00,z2,21,-0.7071067811865477,0.7071067811865474,5,1,1,600,450.0,0,0,46.0,26.9,0.0,281
2026-08-15T21:00:00+00:00,z3,21,-0.7071067811865477,0.7071067811865474,5,1,1,900,1200.0,0,0,18.0,26.9,0.0,997
2026-08-15T21:00:00+00:00,z4,21,-0.7071067811865477,0.7071067811865474,5,1,1,300,350.0,0,0,15.0,26.9,0.0,309
2026-08-15T22:00:00+00:00,z1,22,-0.5000000000000004,0.8660254037844384,5,1,1,400,500.0,0,0,27.0,25.4,0.0,135
2026-08-15T22:00:00+00:00,z2,22,-0.5000000000000004,0.8660254037844384,5,1,1,600,450.0,0,0,45.0,25.4,0.0,112
2026-08-15T22:00:00+00:00,z3,22,-0.5000000000000004,0.8660254037844384,5,1,1,900,1200.0,0,0,17.0,25.4,0.0,820
2026-08-15T22:00:00+00:00,z4,22,-0.5000000000000004,0.8660254037844384,5,1,1,300,350.0,0,0,14.0,25.4,0.0,13
2026-08-15T23:00:00+00:00,z1,23,-0.25881904510252157,0.9659258262890681,5,1,1,400,500.0,0,0,26.0,25.6,0.0,117
2026-08-15T23:00:00+00:00,z2,23,-0.25881904510252157,0.9659258262890681,5,1,1,600,450.0,0,0,44.0,25.6,0.0,95
2026-08-15T23:00:00+00:00,z3,23,-0.25881904510252157,0.9659258262890681,5,1,1,900,1200.0,0,0,16.0,25.6,0.0,116
2026-08-15T23:00:00+00:00,z4,23,-0.25881904510252157,0.9659258262890681,5,1,1,300,350.0,0,0,13.0,25.6,0.0,15
2026-08-16T00:00:00+00:00,z1,0,0.0,1.0,6,1,0,400,500.0,0,0,25.0,21.2,0.0,10
2026-08-16T00:00:00+00:00,z2,0,0.0,1.0,6,1,0,600,450.0,0,0,43.0,21.2,0.0,71
2026-08-16T00:00:00+00:00,z3,0,0.0,1.0,6,1,0,900,1200.0,0,0,15.0,21.2,0.0,71
2026-08-16T00:00:00+00:00,z4,0,0.0,1.0,6,1,0,300,350.0,0,0,12.0,21.2,0.0,25
2026-08-16T01:00:00+00:00,z1,1,0.25881904510252074,0.9659258262890683,6,1,0,400,500.0,0,0,24.0,22.4,0.0,11
2026-08-16T01:00:00+00:00,z2,1,0.25881904510252074,0.9659258262890683,6,1,0,600,450.0,0,0,42.0,22.4,0.0,13
2026-08-16T01:00:00+00:00,z3,1,0.25881904510252074,0.9659258262890683,6,1,0,900,1200.0,0,0,14.0,22.4,0.0,19
2026-08-16T01:00:00+00:00,z4,1,0.25881904510252074,0.9659258262890683,6,1,0,300,350.0,0,0,11.0,22.4,0.0,14
2026-08-16T02:00:00+00:00,z1,2,0.49999999999999994,0.8660254037844387,6,1,0,400,500.0,0,0,23.0,20.9,0.0,22
2026-08-16T02:00:00+00:00,z2,2,0.49999999999999994,0.8660254037844387,6,1,0,600,450.0,0,0,41.0,20.9,0.0,0
2026-08-16T02:00:00+00:00,z3,2,0.49999999999999994,0.8660254037844387,6,1,0,900,1200.0,0,0,13.0,20.9,0.0,47
2026-08-16T02:00:00+00:00,z4,2,0.49999999999999994,0.8660254037844387,6,1,0,300,350.0,0,0,10.0,20.9,0.0,20
2026-08-16T03:00:00+00:00,z1,3,0.7071067811865476,0.7071067811865476,6,1,0,400,500.0,0,0,22.0,18.3,0.0,2
2026-08-16T03:00:00+00:00,z2,3,0.7071067811865476,0.7071067811865476,6,1,0,600,450.0,0,0,40.0,18.3,0.0,0
2026-08-16T03:00:00+00:00,z3,3,0.7071067811865476,0.7071067811865476,6,1,0,900,1200.0,0,0,12.0,18.3,0.0,20
2026-08-16T03:00:00+00:00,z4,3,0.7071067811865476,0.7071067811865476,6,1,0,300,350.0,0,0,9.0,18.3,0.0,6
2026-08-16T04:00:00+00:00,z1,4,0.8660254037844386,0.5000000000000001,6,1,0,400,500.0,0,0,21.0,19.0,0.0,23
2026-08-16T04:00:00+00:00,z2,4,0.8660254037844386,0.5000000000000001,6,1,0,600,450.0,0,0,39.0,19.0,0.0,0
2026-08-16T04:00:00+00:00,z3,4,0.8660254037844386,0.5000000000000001,6,1,0,900,1200.0,0,0,11.0,19.0,0.0,2
2026-08-16T04:00:00+00:00,z4,4,0.8660254037844386,0.5000000000000001,6,1,0,300,350.0,0,0,8.0,19.0,0.0,22
2026-08-16T05:00:00+00:00,z1,5,0.9659258262890683,0.25881904510252074,6,1,0,400,500.0,0,0,20.0,21.3,0.0,8
2026-08-16T05:00:00+00:00,z2,5,0.9659258262890683,0.25881904510252074,6,1,0,600,450.0,0,0,38.0,21.3,0.0,46
2026-08-16T05:00:00+00:00,z3,5,0.9659258262890683,0.25881904510252074,6,1,0,900,1200.0,0,0,10.0,21.3,0.0,53
2026-08-16T05:00:00+00:00,z4,5,0.9659258262890683,0.25881904510252074,6,1,0,300,350.0,0,0,7.0,21.3,0.0,0
2026-08-16T06:00:00+00:00,z1,6,1.0,6.123233995736766e-17,6,1,0,400,500.0,0,0,19.0,24.1,0.0,28
2026-08-16T06:00:00+00:00,z2,6,1.0,6.123233995736766e-17,6,1,0,600,450.0,0,0,37.0,24.1,0.0,88
2026-08-16T06:00:00+00:00,z3,6,1.0,6.123233995736766e-17,6,1,0,900,1200.0,0,0,9.0,24.1,0.0,78
2026-08-16T06:00:00+00:00,z4,6,1.0,6.123233995736766e-17,6,1,0,300,350.0,0,0,6.0,24.1,0.0,17
2026-08-16T07:00:00+00:00,z1,7,0.9659258262890683,-0.25881904510252063,6,1,0,400,500.0,0,0,18.0,26.0,0.0,26
2026-08-16T07:00:00+00:00,z2,7,0.9659258262890683,-0.25881904510252063,6,1,0,600,450.0,0,0,36.0,26.0,0.0,103
2026-08-16T07:00:00+00:00,z3,7,0.9659258262890683,-0.25881904510252063,6,1,0,900,1200.0,0,0,8.0,26.0,0.0,122
2026-08-16T07:00:00+00:00,z4,7,0.9659258262890683,-0.25881904510252063,6,1,0,300,350.0,0,0,5.0,26.0,0.0,19
2026-08-16T08:00:00+00:00,z1,8,0.8660254037844387,-0.4999999999999998,6,1,0,400,500.0,0,0,17.0,26.7,0.0,3
2026-08-16T08:00:00+00:00,z2,8,0.8660254037844387,-0.4999999999999998,6,1,0,600,450.0,0,0,35.0,26.7,0.0,81
2026-08-16T08:00:00+00:00,z3,8,0.8660254037844387,-0.4999999999999998,6,1,0,900,1200.0,0,0,7.0,26.7,0.0,169
2026-08-16T08:00:00+00:00,z4,8,0.8660254037844387,-0.4999999999999998,6,1,0,300,350.0,0,0,4.0,26.7,0.0,22
2026-08-16T09:00:00+00:00,z1,9,0.7071067811865476,-0.7071067811865475,6,1,0,400,500.0,0,0,16.0,27.4,0.0,288
2026-08-16T09:00:00+00:00,z2,9,0.7071067811865476,-0.7071067811865475,6,1,0,600,450.0,0,0,34.0,27.4,0.0,115
2026-08-16T09:00:00+00:00,z3,9,0.7071067811865476,-0.7071067811865475,6,1,0,900,1200.0,0,0,6.0,27.4,0.0,97
2026-08-16T09:00:00+00:00,z4,9,0.7071067811865476,-0.7071067811865475,6,1,0,300,350.0,0,0,3.0,27.4,0.0,18
2026-08-16T10:00:00+00:00,z1,10,0.49999999999999994,-0.8660254037844387,6,1,0,400,500.0,0,0,15.0,31.6,0.0,278
2026-08-16T10:00:00+00:00,z2,10,0.49999999999999994,-0.8660254037844387,6,1,0,600,450.0,0,0,33.0,31.6,0.0,59
2026-08-16T10:00:00+00:00,z3,10,0.49999999999999994,-0.8660254037844387,6,1,0,900,1200.0,0,0,5.0,31.6,0.0,90
2026-08-16T10:00:00+00:00,z4,10,0.49999999999999994,-0.8660254037844387,6,1,0,300,350.0,0,0,2.0,31.6,0.0,26
2026-08-16T11:00:00+00:00,z1,11,0.258819045102521,-0.9659258262890682,6,1,0,400,500.0,0,0,14.0,31.1,0.0,288
2026-08-16T11:00:00+00:00,z2,11,0.258819045102521,-0.9659258262890682,6,1,0,600,450.0,0,0,32.0,31.1,0.0,97
2026-08-16T11:00:00+00:00,z3,11,0.258819045102521,-0.9659258262890682,6,1,0,900,1200.0,0,0,4.0,31.1,0.0,423
2026-08-16T11:00:00+00:00,z4,11,0.258819045102521,-0.9659258262890682,6,1,0,300,350.0,0,0,1.0,31.1,0.0,107
2026-08-16T12:00:00+00:00,z1,12,1.2246467991473532e-16,-1.0,6,1,0,400,500.0,0,0,13.0,31.7,0.0,303
2026-08-16T12:00:00+00:00,z2,12,1.2246467991473532e-16,-1.0,6,1,0,600,450.0,0,0,31.0,31.7,0.0,222
2026-08-16T12:00:00+00:00,z3,12,1.2246467991473532e-16,-1.0,6,1,0,900,1200.0,0,0,3.0,31.7,0.0,345
2026-08-16T12:00:00+00:00,z4,12,1.2246467991473532e-16,-1.0,6,1,0,300,350.0,1121,1,43.0,31.7,0.0,453
2026-08-16T13:00:00+00:00,z1,13,-0.2588190451025208,-0.9659258262890683,6,1,0,400,500.0,0,0,12.0,35.2,19.0,164
2026-08-16T13:00:00+00:00,z2,13,-0.2588190451025208,-0.9659258262890683,6,1,0,600,450.0,0,0,30.0,35.2,19.0,221
2026-08-16T13:00:00+00:00,z3,13,-0.2588190451025208,-0.9659258262890683,6,1,0,900,1200.0,0,0,2.0,35.2,19.0,222
2026-08-16T13:00:00+00:00,z4,13,-0.2588190451025208,-0.9659258262890683,6,1,0,300,350.0,1121,1,42.0,35.2,19.0,372
2026-08-16T14:00:00+00:00,z1,14,-0.4999999999999997,-0.8660254037844388,6,1,0,400,500.0,0,0,11.0,35.4,7.7,170
2026-08-16T14:00:00+00:00,z2,14,-0.4999999999999997,-0.8660254037844388,6,1,0,600,450.0,0,0,29.0,35.4,7.7,230
2026-08-16T14:00:00+00:00,z3,14,-0.4999999999999997,-0.8660254037844388,6,1,0,900,1200.0,0,0,1.0,35.4,7.7,297
2026-08-16T14:00:00+00:00,z4,14,-0.4999999999999997,-0.8660254037844388,6,1,0,300,350.0,1121,1,41.0,35.4,7.7,357
2026-08-16T15:00:00+00:00,z1,15,-0.7071067811865471,-0.7071067811865479,6,1,0,400,500.0,0,0,10.0,35.2,0.0,321
2026-08-16T15:00:00+00:00,z2,15,-0.7071067811865471,-0.7071067811865479,6,1,0,600,450.0,0,0,28.0,35.2,0.0,288
2026-08-16T15:00:00+00:00,z3,15,-0.7071067811865471,-0.7071067811865479,6,1,0,900,1200.0,880,1,16.0,35.2,0.0,645
2026-08-16T15:00:00+00:00,z4,15,-0.7071067811865471,-0.7071067811865479,6,1,0,300,350.0,0,0,40.0,35.2,0.0,89
2026-08-16T16:00:00+00:00,z1,16,-0.8660254037844385,-0.5000000000000004,6,1,0,400,500.0,0,0,9.0,37.0,0.0,299
2026-08-16T16:00:00+00:00,z2,16,-0.8660254037844385,-0.5000000000000004,6,1,0,600,450.0,0,0,27.0,37.0,0.0,311
2026-08-16T16:00:00+00:00,z3,16,-0.8660254037844385,-0.5000000000000004,6,1,0,900,1200.0,880,1,15.0,37.0,0.0,1057
2026-08-16T16:00:00+00:00,z4,16,-0.8660254037844385,-0.5000000000000004,6,1,0,300,350.0,0,0,39.0,37.0,0.0,70
2026-08-16T17:00:00+00:00,z1,17,-0.9659258262890683,-0.25881904510252063,6,1,0,400,500.0,0,0,8.0,34.3,0.0,308
2026-08-16T17:00:00+00:00,z2,17,-0.9659258262890683,-0.25881904510252063,6,1,0,600,450.0,0,0,26.0,34.3,0.0,313
2026-08-16T17:00:00+00:00,z3,17,-0.9659258262890683,-0.25881904510252063,6,1,0,900,1200.0,880,1,14.0,34.3,0.0,1129
2026-08-16T17:00:00+00:00,z4,17,-0.9659258262890683,-0.25881904510252063,6,1,0,300,350.0,0,0,38.0,34.3,0.0,58
2026-08-16T18:00:00+00:00,z1,18,-1.0,-1.8369701987210297e-16,6,1,0,400,500.0,0,0,7.0,32.6,0.0,263
2026-08-16T18:00:00+00:00,z2,18,-1.0,-1.8369701987210297e-16,6,1,0,600,450.0,0,0,25.0,32.6,0.0,283
2026-08-16T18:00:00+00:00,z3,18,-1.0,-1.8369701987210297e-16,6,1,0,900,1200.0,880,1,13.0,32.6,0.0,1127
2026-08-16T18:00:00+00:00,z4,18,-1.0,-1.8369701987210297e-16,6,1,0,300,350.0,0,0,37.0,32.6,0.0,62
2026-08-16T19:00:00+00:00,z1,19,-0.9659258262890684,0.2588190451025203,6,1,0,400,500.0,0,0,6.0,31.3,0.0,255
2026-08-16T19:00:00+00:00,z2,19,-0.9659258262890684,0.2588190451025203,6,1,0,600,450.0,0,0,24.0,31.3,0.0,244
2026-08-16T19:00:00+00:00,z3,19,-0.9659258262890684,0.2588190451025203,6,1,0,900,1200.0,880,1,12.0,31.3,0.0,1149
2026-08-16T19:00:00+00:00,z4,19,-0.9659258262890684,0.2588190451025203,6,1,0,300,350.0,0,0,36.0,31.3,0.0,258
2026-08-16T20:00:00+00:00,z1,20,-0.8660254037844386,0.5000000000000001,6,1,0,400,500.0,0,0,5.0,31.8,0.0,106
2026-08-16T20:00:00+00:00,z2,20,-0.8660254037844386,0.5000000000000001,6,1,0,600,450.0,0,0,23.0,31.8,0.0,271
2026-08-16T20:00:00+00:00,z3,20,-0.8660254037844386,0.5000000000000001,6,1,0,900,1200.0,0,0,11.0,31.8,0.0,829
2026-08-16T20:00:00+00:00,z4,20,-0.8660254037844386,0.5000000000000001,6,1,0,300,350.0,0,0,35.0,31.8,0.0,274
2026-08-16T21:00:00+00:00,z1,21,-0.7071067811865477,0.7071067811865474,6,1,0,400,500.0,0,0,4.0,28.5,0.0,111
2026-08-16T21:00:00+00:00,z2,21,-0.7071067811865477,0.7071067811865474,6,1,0,600,450.0,0,0,22.0,28.5,0.0,247
2026-08-16T21:00:00+00:00,z3,21,-0.7071067811865477,0.7071067811865474,6,1,0,900,1200.0,0,0,10.0,28.5,0.0,766
2026-08-16T21:00:00+00:00,z4,21,-0.7071067811865477,0.7071067811865474,6,1,0,300,350.0,0,0,34.0,28.5,0.0,233
2026-08-16T22:00:00+00:00,z1,22,-0.5000000000000004,0.8660254037844384,6,1,0,400,500.0,0,0,3.0,26.4,0.0,97
2026-08-16T22:00:00+00:00,z2,22,-0.5000000000000004,0.8660254037844384,6,1,0,600,450.0,0,0,21.0,26.4,0.0,96
2026-08-16T22:00:00+00:00,z3,22,-0.5000000000000004,0.8660254037844384,6,1,0,900,1200.0,0,0,9.0,26.4,0.0,711
2026-08-16T22:00:00+00:00,z4,22,-0.5000000000000004,0.8660254037844384,6,1,0,300,350.0,0,0,33.0,26.4,0.0,18
2026-08-16T23:00:00+00:00,z1,23,-0.25881904510252157,0.9659258262890681,6,1,0,400,500.0,0,0,2.0,22.3,2.8,60
2026-08-16T23:00:00+00:00,z2,23,-0.25881904510252157,0.9659258262890681,6,1,0,600,450.0,0,0,20.0,22.3,2.8,82
2026-08-16T23:00:00+00:00,z3,23,-0.25881904510252157,0.9659258262890681,6,1,0,900,1200.0,0,0,8.0,22.3,2.8,84
2026-08-16T23:00:00+00:00,z4,23,-0.25881904510252157,0.9659258262890681,6,1,0,300,350.0,0,0,32.0,22.3,2.8,12
2026-08-17T00:00:00+00:00,z1,0,0.0,1.0,0,0,0,400,500.0,0,0,1.0,21.6,0.0,104
2026-08-17T00:00:00+00:00,z2,0,0.0,1.0,0,0,0,600,450.0,0,0,19.0,21.6,0.0,84
2026-08-17T00:00:00+00:00,z3,0,0.0,1.0,0,0,0,900,1200.0,0,0,7.0,21.6,0.0,73
2026-08-17T00:00:00+00:00,z4,0,0.0,1.0,0,0,0,300,350.0,0,0,31.0,21.6,0.0,0
2026-08-17T01:00:00+00:00,z1,1,0.25881904510252074,0.9659258262890683,0,0,0,400,500.0,526,1,52.0,19.3,0.0,220
2026-08-17T01:00:00+00:00,z2,1,0.25881904510252074,0.9659258262890683,0,0,0,600,450.0,0,0,18.0,19.3,0.0,23
2026-08-17T01:00:00+00:00,z3,1,0.25881904510252074,0.9659258262890683,0,0,0,900,1200.0,0,0,6.0,19.3,0.0,36
2026-08-17T01:00:00+00:00,z4,1,0.25881904510252074,0.9659258262890683,0,0,0,300,350.0,0,0,30.0,19.3,0.0,24
2026-08-17T02:00:00+00:00,z1,2,0.49999999999999994,0.8660254037844387,0,0,0,400,500.0,526,1,51.0,18.5,0.0,191
2026-08-17T02:00:00+00:00,z2,2,0.49999999999999994,0.8660254037844387,0,0,0,600,450.0,0,0,17.0,18.5,0.0,28
2026-08-17T02:00:00+00:00,z3,2,0.49999999999999994,0.8660254037844387,0,0,0,900,1200.0,0,0,5.0,18.5,0.0,25
2026-08-17T02:00:00+00:00,z4,2,0.49999999999999994,0.8660254037844387,0,0,0,300,350.0,0,0,29.0,18.5,0.0,5
2026-08-17T03:00:00+00:00,z1,3,0.7071067811865476,0.7071067811865476,0,0,0,400,500.0,526,1,50.0,21.0,0.0,190
2026-08-17T03:00:00+00:00,z2,3,0.7071067811865476,0.7071067811865476,0,0,0,600,450.0,0,0,16.0,21.0,0.0,54
2026-08-17T03:00:00+00:00,z3,3,0.7071067811865476,0.7071067811865476,0,0,0,900,1200.0,0,0,4.0,21.0,0.0,8
2026-08-17T03:00:00+00:00,z4,3,0.7071067811865476,0.7071067811865476,0,0,0,300,350.0,0,0,28.0,21.0,0.0,16
2026-08-17T04:00:00+00:00,z1,4,0.8660254037844386,0.5000000000000001,0,0,0,400,500.0,526,1,49.0,21.5,0.0,177
2026-08-17T04:00:00+00:00,z2,4,0.8660254037844386,0.5000000000000001,0,0,0,600,450.0,0,0,15.0,21.5,0.0,39
2026-08-17T04:00:00+00:00,z3,4,0.8660254037844386,0.5000000000000001,0,0,0,900,1200.0,0,0,3.0,21.5,0.0,72
2026-08-17T04:00:00+00:00,z4,4,0.8660254037844386,0.5000000000000001,0,0,0,300,350.0,0,0,27.0,21.5,0.0,14
2026-08-17T05:00:00+00:00,z1,5,0.9659258262890683,0.25881904510252074,0,0,0,400,500.0,0,0,48.0,20.9,0.0,8
2026-08-17T05:00:00+00:00,z2,5,0.9659258262890683,0.25881904510252074,0,0,0,600,450.0,0,0,14.0,20.9,0.0,21
2026-08-17T05:00:00+00:00,z3,5,0.9659258262890683,0.25881904510252074,0,0,0,900,1200.0,0,0,2.0,20.9,0.0,96
2026-08-17T05:00:00+00:00,z4,5,0.9659258262890683,0.25881904510252074,0,0,0,300,350.0,0,0,26.0,20.9,0.0,0
2026-08-17T06:00:00+00:00,z1,6,1.0,6.123233995736766e-17,0,0,0,400,500.0,0,0,47.0,23.5,0.0,29
2026-08-17T06:00:00+00:00,z2,6,1.0,6.123233995736766e-17,0,0,0,600,450.0,0,0,13.0,23.5,0.0,74
2026-08-17T06:00:00+00:00,z3,6,1.0,6.123233995736766e-17,0,0,0,900,1200.0,0,0,1.0,23.5,0.0,171
2026-08-17T06:00:00+00:00,z4,6,1.0,6.123233995736766e-17,0,0,0,300,350.0,0,0,25.0,23.5,0.0,13
2026-08-17T07:00:00+00:00,z1,7,0.9659258262890683,-0.25881904510252063,0,0,0,400,500.0,0,0,46.0,24.3,0.0,15
2026-08-17T07:00:00+00:00,z2,7,0.9659258262890683,-0.25881904510252063,0,0,0,600,450.0,0,0,12.0,24.3,0.0,90
2026-08-17T07:00:00+00:00,z3,7,0.9659258262890683,-0.25881904510252063,0,0,0,900,1200.0,266,1,34.0,24.3,0.0,134
2026-08-17T07:00:00+00:00,z4,7,0.9659258262890683,-0.25881904510252063,0,0,0,300,350.0,0,0,24.0,24.3,0.0,24
2026-08-17T08:00:00+00:00,z1,8,0.8660254037844387,-0.4999999999999998,0,0,0,400,500.0,0,0,45.0,25.0,0.0,0
2026-08-17T08:00:00+00:00,z2,8,0.8660254037844387,-0.4999999999999998,0,0,0,600,450.0,0,0,11.0,25.0,0.0,430
2026-08-17T08:00:00+00:00,z3,8,0.8660254037844387,-0.4999999999999998,0,0,0,900,1200.0,266,1,33.0,25.0,0.0,156
2026-08-17T08:00:00+00:00,z4,8,0.8660254037844387,-0.4999999999999998,0,0,0,300,350.0,0,0,23.0,25.0,0.0,4
2026-08-17T09:00:00+00:00,z1,9,0.7071067811865476,-0.7071067811865475,0,0,0,400,500.0,0,0,44.0,28.9,0.0,202
2026-08-17T09:00:00+00:00,z2,9,0.7071067811865476,-0.7071067811865475,0,0,0,600,450.0,0,0,10.0,28.9,0.0,482
2026-08-17T09:00:00+00:00,z3,9,0.7071067811865476,-0.7071067811865475,0,0,0,900,1200.0,266,1,32.0,28.9,0.0,166
2026-08-17T09:00:00+00:00,z4,9,0.7071067811865476,-0.7071067811865475,0,0,0,300,350.0,0,0,22.0,28.9,0.0,2
2026-08-17T10:00:00+00:00,z1,10,0.49999999999999994,-0.8660254037844387,0,0,0,400,500.0,0,0,43.0,29.0,0.0,224
2026-08-17T10:00:00+00:00,z2,10,0.49999999999999994,-0.8660254037844387,0,0,0,600,450.0,0,0,9.0,29.0,0.0,403
2026-08-17T10:00:00+00:00,z3,10,0.49999999999999994,-0.8660254037844387,0,0,0,900,1200.0,266,1,31.0,29.0,0.0,153
2026-08-17T10:00:00+00:00,z4,10,0.49999999999999994,-0.8660254037844387,0,0,0,300,350.0,0,0,21.0,29.0,0.0,18
2026-08-17T11:00:00+00:00,z1,11,0.258819045102521,-0.9659258262890682,0,0,0,400,500.0,0,0,42.0,30.2,0.0,226
2026-08-17T11:00:00+00:00,z2,11,0.258819045102521,-0.9659258262890682,0,0,0,600,450.0,0,0,8.0,30.2,0.0,205
2026-08-17T11:00:00+00:00,z3,11,0.258819045102521,-0.9659258262890682,0,0,0,900,1200.0,266,1,30.0,30.2,0.0,124
2026-08-17T11:00:00+00:00,z4,11,0.258819045102521,-0.9659258262890682,0,0,0,300,350.0,0,0,20.0,30.2,0.0,21
2026-08-17T12:00:00+00:00,z1,12,1.2246467991473532e-16,-1.0,0,0,0,400,500.0,0,0,41.0,35.5,0.0,270
2026-08-17T12:00:00+00:00,z2,12,1.2246467991473532e-16,-1.0,0,0,0,600,450.0,0,0,7.0,35.5,0.0,249
2026-08-17T12:00:00+00:00,z3,12,1.2246467991473532e-16,-1.0,0,0,0,900,1200.0,0,0,29.0,35.5,0.0,262
2026-08-17T12:00:00+00:00,z4,12,1.2246467991473532e-16,-1.0,0,0,0,300,350.0,0,0,19.0,35.5,0.0,232
2026-08-17T13:00:00+00:00,z1,13,-0.2588190451025208,-0.9659258262890683,0,0,0,400,500.0,0,0,40.0,36.0,0.0,236
2026-08-17T13:00:00+00:00,z2,13,-0.2588190451025208,-0.9659258262890683,0,0,0,600,450.0,0,0,6.0,36.0,0.0,226
2026-08-17T13:00:00+00:00,z3,13,-0.2588190451025208,-0.9659258262890683,0,0,0,900,1200.0,0,0,28.0,36.0,0.0,232
2026-08-17T13:00:00+00:00,z4,13,-0.2588190451025208,-0.9659258262890683,0,0,0,300,350.0,0,0,18.0,36.0,0.0,251
2026-08-17T14:00:00+00:00,z1,14,-0.4999999999999997,-0.8660254037844388,0,0,0,400,500.0,0,0,39.0,35.2,15.5,158
2026-08-17T14:00:00+00:00,z2,14,-0.4999999999999997,-0.8660254037844388,0,0,0,600,450.0,0,0,5.0,35.2,15.5,161
2026-08-17T14:00:00+00:00,z3,14,-0.4999999999999997,-0.8660254037844388,0,0,0,900,1200.0,0,0,27.0,35.2,15.5,89
2026-08-17T14:00:00+00:00,z4,14,-0.4999999999999997,-0.8660254037844388,0,0,0,300,350.0,0,0,17.0,35.2,15.5,173
2026-08-17T15:00:00+00:00,z1,15,-0.7071067811865471,-0.7071067811865479,0,0,0,400,500.0,0,0,38.0,36.0,0.0,244
2026-08-17T15:00:00+00:00,z2,15,-0.7071067811865471,-0.7071067811865479,0,0,0,600,450.0,0,0,4.0,36.0,0.0,250
2026-08-17T15:00:00+00:00,z3,15,-0.7071067811865471,-0.7071067811865479,0,0,0,900,1200.0,0,0,26.0,36.0,0.0,189
2026-08-17T15:00:00+00:00,z4,15,-0.7071067811865471,-0.7071067811865479,0,0,0,300,350.0,0,0,16.0,36.0,0.0,55
2026-08-17T16:00:00+00:00,z1,16,-0.8660254037844385,-0.5000000000000004,0,0,0,400,500.0,0,0,37.0,34.5,0.0,238
2026-08-17T16:00:00+00:00,z2,16,-0.8660254037844385,-0.5000000000000004,0,0,0,600,450.0,0,0,3.0,34.5,0.0,241
2026-08-17T16:00:00+00:00,z3,16,-0.8660254037844385,-0.5000000000000004,0,0,0,900,1200.0,0,0,25.0,34.5,0.0,194
2026-08-17T16:00:00+00:00,z4,16,-0.8660254037844385,-0.5000000000000004,0,0,0,300,350.0,0,0,15.0,34.5,0.0,64
2026-08-17T17:00:00+00:00,z1,17,-0.9659258262890683,-0.25881904510252063,0,0,0,400,500.0,0,0,36.0,35.7,0.0,228
2026-08-17T17:00:00+00:00,z2,17,-0.9659258262890683,-0.25881904510252063,0,0,0,600,450.0,0,0,2.0,35.7,0.0,449
2026-08-17T17:00:00+00:00,z3,17,-0.9659258262890683,-0.25881904510252063,0,0,0,900,1200.0,0,0,24.0,35.7,0.0,463
2026-08-17T17:00:00+00:00,z4,17,-0.9659258262890683,-0.25881904510252063,0,0,0,300,350.0,0,0,14.0,35.7,0.0,64
2026-08-17T18:00:00+00:00,z1,18,-1.0,-1.8369701987210297e-16,0,0,0,400,500.0,0,0,35.0,33.0,0.0,244
2026-08-17T18:00:00+00:00,z2,18,-1.0,-1.8369701987210297e-16,0,0,0,600,450.0,0,0,1.0,33.0,0.0,612
2026-08-17T18:00:00+00:00,z3,18,-1.0,-1.8369701987210297e-16,0,0,0,900,1200.0,0,0,23.0,33.0,0.0,550
2026-08-17T18:00:00+00:00,z4,18,-1.0,-1.8369701987210297e-16,0,0,0,300,350.0,0,0,13.0,33.0,0.0,80
2026-08-17T19:00:00+00:00,z1,19,-0.9659258262890684,0.2588190451025203,0,0,0,400,500.0,0,0,34.0,32.5,0.0,195
2026-08-17T19:00:00+00:00,z2,19,-0.9659258262890684,0.2588190451025203,0,0,0,600,450.0,958,1,45.0,32.5,0.0,874
2026-08-17T19:00:00+00:00,z3,19,-0.9659258262890684,0.2588190451025203,0,0,0,900,1200.0,0,0,22.0,32.5,0.0,611
2026-08-17T19:00:00+00:00,z4,19,-0.9659258262890684,0.2588190451025203,0,0,0,300,350.0,0,0,12.0,32.5,0.0,237
2026-08-17T20:00:00+00:00,z1,20,-0.8660254037844386,0.5000000000000001,0,0,0,400,500.0,0,0,33.0,28.7,0.0,85
2026-08-17T20:00:00+00:00,z2,20,-0.8660254037844386,0.5000000000000001,0,0,0,600,450.0,958,1,44.0,28.7,0.0,808
2026-08-17T20:00:00+00:00,z3,20,-0.8660254037844386,0.5000000000000001,0,0,0,900,1200.0,0,0,21.0,28.7,0.0,556
2026-08-17T20:00:00+00:00,z4,20,-0.8660254037844386,0.5000000000000001,0,0,0,300,350.0,0,0,11.0,28.7,0.0,286
2026-08-17T21:00:00+00:00,z1,21,-0.7071067811865477,0.7071067811865474,0,0,0,400,500.0,0,0,32.0,29.2,7.0,28
2026-08-17T21:00:00+00:00,z2,21,-0.7071067811865477,0.7071067811865474,0,0,0,600,450.0,958,1,43.0,29.2,7.0,322
2026-08-17T21:00:00+00:00,z3,21,-0.7071067811865477,0.7071067811865474,0,0,0,900,1200.0,0,0,20.0,29.2,7.0,324
2026-08-17T21:00:00+00:00,z4,21,-0.7071067811865477,0.7071067811865474,0,0,0,300,350.0,0,0,10.0,29.2,7.0,177
2026-08-17T22:00:00+00:00,z1,22,-0.5000000000000004,0.8660254037844384,0,0,0,400,500.0,0,0,31.0,23.9,0.0,97
2026-08-17T22:00:00+00:00,z2,22,-0.5000000000000004,0.8660254037844384,0,0,0,600,450.0,958,1,42.0,23.9,0.0,431
2026-08-17T22:00:00+00:00,z3,22,-0.5000000000000004,0.8660254037844384,0,0,0,900,1200.0,0,0,19.0,23.9,0.0,57
2026-08-17T22:00:00+00:00,z4,22,-0.5000000000000004,0.8660254037844384,0,0,0,300,350.0,0,0,9.0,23.9,0.0,12
2026-08-17T23:00:00+00:00,z1,23,-0.25881904510252157,0.9659258262890681,0,0,0,400,500.0,0,0,30.0,22.9,0.0,96
2026-08-17T23:00:00+00:00,z2,23,-0.25881904510252157,0.9659258262890681,0,0,0,600,450.0,0,0,41.0,22.9,0.0,79
2026-08-17T23:00:00+00:00,z3,23,-0.25881904510252157,0.9659258262890681,0,0,0,900,1200.0,0,0,18.0,22.9,0.0,105
2026-08-17T23:00:00+00:00,z4,23,-0.25881904510252157,0.9659258262890681,0,0,0,300,350.0,0,0,8.0,22.9,0.0,19
2026-08-18T00:00:00+00:00,z1,0,0.0,1.0,1,0,0,400,500.0,0,0,29.0,21.3,0.0,23
2026-08-18T00:00:00+00:00,z2,0,0.0,1.0,1,0,0,600,450.0,0,0,40.0,21.3,0.0,105
2026-08-18T00:00:00+00:00,z3,0,0.0,1.0,1,0,0,900,1200.0,0,0,17.0,21.3,0.0,65
2026-08-18T00:00:00+00:00,z4,0,0.0,1.0,1,0,0,300,350.0,0,0,7.0,21.3,0.0,8
2026-08-18T01:00:00+00:00,z1,1,0.25881904510252074,0.9659258262890683,1,0,0,400,500.0,0,0,28.0,22.9,0.0,10
2026-08-18T01:00:00+00:00,z2,1,0.25881904510252074,0.9659258262890683,1,0,0,600,450.0,0,0,39.0,22.9,0.0,16
2026-08-18T01:00:00+00:00,z3,1,0.25881904510252074,0.9659258262890683,1,0,0,900,1200.0,0,0,16.0,22.9,0.0,0
2026-08-18T01:00:00+00:00,z4,1,0.25881904510252074,0.9659258262890683,1,0,0,300,350.0,0,0,6.0,22.9,0.0,10
2026-08-18T02:00:00+00:00,z1,2,0.49999999999999994,0.8660254037844387,1,0,0,400,500.0,0,0,27.0,19.7,2.7,0
2026-08-18T02:00:00+00:00,z2,2,0.49999999999999994,0.8660254037844387,1,0,0,600,450.0,0,0,38.0,19.7,2.7,51
2026-08-18T02:00:00+00:00,z3,2,0.49999999999999994,0.8660254037844387,1,0,0,900,1200.0,0,0,15.0,19.7,2.7,0
2026-08-18T02:00:00+00:00,z4,2,0.49999999999999994,0.8660254037844387,1,0,0,300,350.0,0,0,5.0,19.7,2.7,7
2026-08-18T03:00:00+00:00,z1,3,0.7071067811865476,0.7071067811865476,1,0,0,400,500.0,0,0,26.0,21.1,2.7,26
2026-08-18T03:00:00+00:00,z2,3,0.7071067811865476,0.7071067811865476,1,0,0,600,450.0,0,0,37.0,21.1,2.7,14
2026-08-18T03:00:00+00:00,z3,3,0.7071067811865476,0.7071067811865476,1,0,0,900,1200.0,0,0,14.0,21.1,2.7,43
2026-08-18T03:00:00+00:00,z4,3,0.7071067811865476,0.7071067811865476,1,0,0,300,350.0,0,0,4.0,21.1,2.7,10
2026-08-18T04:00:00+00:00,z1,4,0.8660254037844386,0.5000000000000001,1,0,0,400,500.0,0,0,25.0,19.6,0.0,2
2026-08-18T04:00:00+00:00,z2,4,0.8660254037844386,0.5000000000000001,1,0,0,600,450.0,0,0,36.0,19.6,0.0,0
2026-08-18T04:00:00+00:00,z3,4,0.8660254037844386,0.5000000000000001,1,0,0,900,1200.0,0,0,13.0,19.6,0.0,46
2026-08-18T04:00:00+00:00,z4,4,0.8660254037844386,0.5000000000000001,1,0,0,300,350.0,0,0,3.0,19.6,0.0,7
2026-08-18T05:00:00+00:00,z1,5,0.9659258262890683,0.25881904510252074,1,0,0,400,500.0,0,0,24.0,19.2,0.0,3
2026-08-18T05:00:00+00:00,z2,5,0.9659258262890683,0.25881904510252074,1,0,0,600,450.0,0,0,35.0,19.2,0.0,17
2026-08-18T05:00:00+00:00,z3,5,0.9659258262890683,0.25881904510252074,1,0,0,900,1200.0,0,0,12.0,19.2,0.0,68
2026-08-18T05:00:00+00:00,z4,5,0.9659258262890683,0.25881904510252074,1,0,0,300,350.0,0,0,2.0,19.2,0.0,36
2026-08-18T06:00:00+00:00,z1,6,1.0,6.123233995736766e-17,1,0,0,400,500.0,0,0,23.0,21.6,0.0,23
2026-08-18T06:00:00+00:00,z2,6,1.0,6.123233995736766e-17,1,0,0,600,450.0,0,0,34.0,21.6,0.0,82
2026-08-18T06:00:00+00:00,z3,6,1.0,6.123233995736766e-17,1,0,0,900,1200.0,0,0,11.0,21.6,0.0,40
2026-08-18T06:00:00+00:00,z4,6,1.0,6.123233995736766e-17,1,0,0,300,350.0,0,0,1.0,21.6,0.0,119
2026-08-18T07:00:00+00:00,z1,7,0.9659258262890683,-0.25881904510252063,1,0,0,400,500.0,0,0,22.0,25.2,0.0,41
2026-08-18T07:00:00+00:00,z2,7,0.9659258262890683,-0.25881904510252063,1,0,0,600,450.0,0,0,33.0,25.2,0.0,86
2026-08-18T07:00:00+00:00,z3,7,0.9659258262890683,-0.25881904510252063,1,0,0,900,1200.0,0,0,10.0,25.2,0.0,8
2026-08-18T07:00:00+00:00,z4,7,0.9659258262890683,-0.25881904510252063,1,0,0,300,350.0,1287,1,67.0,25.2,0.0,261
2026-08-18T08:00:00+00:00,z1,8,0.8660254037844387,-0.4999999999999998,1,0,0,400,500.0,0,0,21.0,27.7,0.0,32
2026-08-18T08:00:00+00:00,z2,8,0.8660254037844387,-0.4999999999999998,1,0,0,600,450.0,0,0,32.0,27.7,0.0,391
2026-08-18T08:00:00+00:00,z3,8,0.8660254037844387,-0.4999999999999998,1,0,0,900,1200.0,0,0,9.0,27.7,0.0,77
2026-08-18T08:00:00+00:00,z4,8,0.8660254037844387,-0.4999999999999998,1,0,0,300,350.0,1287,1,66.0,27.7,0.0,259
2026-08-18T09:00:00+00:00,z1,9,0.7071067811865476,-0.7071067811865475,1,0,0,400,500.0,0,0,20.0,30.0,0.0,199
2026-08-18T09:00:00+00:00,z2,9,0.7071067811865476,-0.7071067811865475,1,0,0,600,450.0,0,0,31.0,30.0,0.0,496
2026-08-18T09:00:00+00:00,z3,9,0.7071067811865476,-0.7071067811865475,1,0,0,900,1200.0,0,0,8.0,30.0,0.0,99
2026-08-18T09:00:00+00:00,z4,9,0.7071067811865476,-0.7071067811865475,1,0,0,300,350.0,1287,1,65.0,30.0,0.0,251
2026-08-18T10:00:00+00:00,z1,10,0.49999999999999994,-0.8660254037844387,1,0,0,400,500.0,0,0,19.0,31.6,5.3,102
2026-08-18T10:00:00+00:00,z2,10,0.49999999999999994,-0.8660254037844387,1,0,0,600,450.0,0,0,30.0,31.6,5.3,278
2026-08-18T10:00:00+00:00,z3,10,0.49999999999999994,-0.8660254037844387,1,0,0,900,1200.0,0,0,7.0,31.6,5.3,74
2026-08-18T10:00:00+00:00,z4,10,0.49999999999999994,-0.8660254037844387,1,0,0,300,350.0,0,0,64.0,31.6,5.3,17
2026-08-18T11:00:00+00:00,z1,11,0.258819045102521,-0.9659258262890682,1,0,0,400,500.0,0,0,18.0,33.7,0.0,236
2026-08-18T11:00:00+00:00,z2,11,0.258819045102521,-0.9659258262890682,1,0,0,600,450.0,0,0,29.0,33.7,0.0,184
2026-08-18T11:00:00+00:00,z3,11,0.258819045102521,-0.9659258262890682,1,0,0,900,1200.0,0,0,6.0,33.7,0.0,58
2026-08-18T11:00:00+00:00,z4,11,0.258819045102521,-0.9659258262890682,1,0,0,300,350.0,0,0,63.0,33.7,0.0,5
2026-08-18T12:00:00+00:00,z1,12,1.2246467991473532e-16,-1.0,1,0,0,400,500.0,0,0,17.0,33.2,0.0,243
2026-08-18T12:00:00+00:00,z2,12,1.2246467991473532e-16,-1.0,1,0,0,600,450.0,0,0,28.0,33.2,0.0,178
2026-08-18T12:00:00+00:00,z3,12,1.2246467991473532e-16,-1.0,1,0,0,900,1200.0,0,0,5.0,33.2,0.0,248
2026-08-18T12:00:00+00:00,z4,12,1.2246467991473532e-16,-1.0,1,0,0,300,350.0,0,0,62.0,33.2,0.0,222
2026-08-18T13:00:00+00:00,z1,13,-0.2588190451025208,-0.9659258262890683,1,0,0,400,500.0,0,0,16.0,33.9,16.2,149
2026-08-18T13:00:00+00:00,z2,13,-0.2588190451025208,-0.9659258262890683,1,0,0,600,450.0,0,0,27.0,33.9,16.2,143
2026-08-18T13:00:00+00:00,z3,13,-0.2588190451025208,-0.9659258262890683,1,0,0,900,1200.0,0,0,4.0,33.9,16.2,147
2026-08-18T13:00:00+00:00,z4,13,-0.2588190451025208,-0.9659258262890683,1,0,0,300,350.0,0,0,61.0,33.9,16.2,203
2026-08-18T14:00:00+00:00,z1,14,-0.4999999999999997,-0.8660254037844388,1,0,0,400,500.0,0,0,15.0,36.9,0.0,273
2026-08-18T14:00:00+00:00,z2,14,-0.4999999999999997,-0.8660254037844388,1,0,0,600,450.0,0,0,26.0,36.9,0.0,192
2026-08-18T14:00:00+00:00,z3,14,-0.4999999999999997,-0.8660254037844388,1,0,0,900,1200.0,0,0,3.0,36.9,0.0,252
2026-08-18T14:00:00+00:00,z4,14,-0.4999999999999997,-0.8660254037844388,1,0,0,300,350.0,0,0,60.0,36.9,0.0,216
2026-08-18T15:00:00+00:00,z1,15,-0.7071067811865471,-0.7071067811865479,1,0,0,400,500.0,0,0,14.0,37.5,0.0,266
2026-08-18T15:00:00+00:00,z2,15,-0.7071067811865471,-0.7071067811865479,1,0,0,600,450.0,0,0,25.0,37.5,0.0,268
2026-08-18T15:00:00+00:00,z3,15,-0.7071067811865471,-0.7071067811865479,1,0,0,900,1200.0,0,0,2.0,37.5,0.0,269
2026-08-18T15:00:00+00:00,z4,15,-0.7071067811865471,-0.7071067811865479,1,0,0,300,350.0,0,0,59.0,37.5,0.0,82
2026-08-18T16:00:00+00:00,z1,16,-0.8660254037844385,-0.5000000000000004,1,0,0,400,500.0,0,0,13.0,34.1,0.0,230
2026-08-18T16:00:00+00:00,z2,16,-0.8660254037844385,-0.5000000000000004,1,0,0,600,450.0,0,0,24.0,34.1,0.0,199
2026-08-18T16:00:00+00:00,z3,16,-0.8660254037844385,-0.5000000000000004,1,0,0,900,1200.0,0,0,1.0,34.1,0.0,309
2026-08-18T16:00:00+00:00,z4,16,-0.8660254037844385,-0.5000000000000004,1,0,0,300,350.0,0,0,58.0,34.1,0.0,75
2026-08-18T17:00:00+00:00,z1,17,-0.9659258262890683,-0.25881904510252063,1,0,0,400,500.0,0,0,12.0,35.9,0.0,251
2026-08-18T17:00:00+00:00,z2,17,-0.9659258262890683,-0.25881904510252063,1,0,0,600,450.0,0,0,23.0,35.9,0.0,450
2026-08-18T17:00:00+00:00,z3,17,-0.9659258262890683,-0.25881904510252063,1,0,0,900,1200.0,485,1,48.0,35.9,0.0,641
2026-08-18T17:00:00+00:00,z4,17,-0.9659258262890683,-0.25881904510252063,1,0,0,300,350.0,0,0,57.0,35.9,0.0,70
2026-08-18T18:00:00+00:00,z1,18,-1.0,-1.8369701987210297e-16,1,0,0,400,500.0,0,0,11.0,33.7,0.0,200
2026-08-18T18:00:00+00:00,z2,18,-1.0,-1.8369701987210297e-16,1,0,0,600,450.0,0,0,22.0,33.7,0.0,508
2026-08-18T18:00:00+00:00,z3,18,-1.0,-1.8369701987210297e-16,1,0,0,900,1200.0,485,1,47.0,33.7,0.0,755
2026-08-18T18:00:00+00:00,z4,18,-1.0,-1.8369701987210297e-16,1,0,0,300,350.0,0,0,56.0,33.7,0.0,76
2026-08-18T19:00:00+00:00,z1,19,-0.9659258262890684,0.2588190451025203,1,0,0,400,500.0,0,0,10.0,31.5,0.0,204
2026-08-18T19:00:00+00:00,z2,19,-0.9659258262890684,0.2588190451025203,1,0,0,600,450.0,0,0,21.0,31.5,0.0,497
2026-08-18T19:00:00+00:00,z3,19,-0.9659258262890684,0.2588190451025203,1,0,0,900,1200.0,485,1,46.0,31.5,0.0,745
2026-08-18T19:00:00+00:00,z4,19,-0.9659258262890684,0.2588190451025203,1,0,0,300,350.0,0,0,55.0,31.5,0.0,229
2026-08-18T20:00:00+00:00,z1,20,-0.8660254037844386,0.5000000000000001,1,0,0,400,500.0,0,0,9.0,30.9,0.0,114
2026-08-18T20:00:00+00:00,z2,20,-0.8660254037844386,0.5000000000000001,1,0,0,600,450.0,0,0,20.0,30.9,0.0,439
2026-08-18T20:00:00+00:00,z3,20,-0.8660254037844386,0.5000000000000001,1,0,0,900,1200.0,0,0,45.0,30.9,0.0,529
2026-08-18T20:00:00+00:00,z4,20,-0.8660254037844386,0.5000000000000001,1,0,0,300,350.0,0,0,54.0,30.9,0.0,270
2026-08-18T21:00:00+00:00,z1,21,-0.7071067811865477,0.7071067811865474,1,0,0,400,500.0,0,0,8.0,27.1,0.0,92
2026-08-18T21:00:00+00:00,z2,21,-0.7071067811865477,0.7071067811865474,1,0,0,600,450.0,0,0,19.0,27.1,0.0,117
2026-08-18T21:00:00+00:00,z3,21,-0.7071067811865477,0.7071067811865474,1,0,0,900,1200.0,0,0,44.0,27.1,0.0,475
2026-08-18T21:00:00+00:00,z4,21,-0.7071067811865477,0.7071067811865474,1,0,0,300,350.0,0,0,53.0,27.1,0.0,227
2026-08-18T22:00:00+00:00,z1,22,-0.5000000000000004,0.8660254037844384,1,0,0,400,500.0,0,0,7.0,27.6,0.0,74
2026-08-18T22:00:00+00:00,z2,22,-0.5000000000000004,0.8660254037844384,1,0,0,600,450.0,0,0,18.0,27.6,0.0,89
2026-08-18T22:00:00+00:00,z3,22,-0.5000000000000004,0.8660254037844384,1,0,0,900,1200.0,0,0,43.0,27.6,0.0,57
2026-08-18T22:00:00+00:00,z4,22,-0.5000000000000004,0.8660254037844384,1,0,0,300,350.0,0,0,52.0,27.6,0.0,2
2026-08-18T23:00:00+00:00,z1,23,-0.25881904510252157,0.9659258262890681,1,0,0,400,500.0,0,0,6.0,22.1,0.0,114
2026-08-18T23:00:00+00:00,z2,23,-0.25881904510252157,0.9659258262890681,1,0,0,600,450.0,0,0,17.0,22.1,0.0,102
2026-08-18T23:00:00+00:00,z3,23,-0.25881904510252157,0.9659258262890681,1,0,0,900,1200.0,0,0,42.0,22.1,0.0,71
2026-08-18T23:00:00+00:00,z4,23,-0.25881904510252157,0.9659258262890681,1,0,0,300,350.0,0,0,51.0,22.1,0.0,27
2026-08-19T00:00:00+00:00,z1,0,0.0,1.0,2,0,0,400,500.0,0,0,5.0,21.2,0.0,28
2026-08-19T00:00:00+00:00,z2,0,0.0,1.0,2,0,0,600,450.0,0,0,16.0,21.2,0.0,75
2026-08-19T00:00:00+00:00,z3,0,0.0,1.0,2,0,0,900,1200.0,0,0,41.0,21.2,0.0,44
2026-08-19T00:00:00+00:00,z4,0,0.0,1.0,2,0,0,300,350.0,0,0,50.0,21.2,0.0,22
2026-08-19T01:00:00+00:00,z1,1,0.25881904510252074,0.9659258262890683,2,0,0,400,500.0,0,0,4.0,20.7,0.0,23
2026-08-19T01:00:00+00:00,z2,1,0.25881904510252074,0.9659258262890683,2,0,0,600,450.0,0,0,15.0,20.7,0.0,25
2026-08-19T01:00:00+00:00,z3,1,0.25881904510252074,0.9659258262890683,2,0,0,900,1200.0,0,0,40.0,20.7,0.0,20
2026-08-19T01:00:00+00:00,z4,1,0.25881904510252074,0.9659258262890683,2,0,0,300,350.0,0,0,49.0,20.7,0.0,15
2026-08-19T02:00:00+00:00,z1,2,0.49999999999999994,0.8660254037844387,2,0,0,400,500.0,0,0,3.0,20.5,0.0,0
2026-08-19T02:00:00+00:00,z2,2,0.49999999999999994,0.8660254037844387,2,0,0,600,450.0,0,0,14.0,20.5,0.0,18
2026-08-19T02:00:00+00:00,z3,2,0.49999999999999994,0.8660254037844387,2,0,0,900,1200.0,0,0,39.0,20.5,0.0,67
2026-08-19T02:00:00+00:00,z4,2,0.49999999999999994,0.8660254037844387,2,0,0,300,350.0,0,0,48.0,20.5,0.0,5
2026-08-19T03:00:00+00:00,z1,3,0.7071067811865476,0.7071067811865476,2,0,0,400,500.0,0,0,2.0,19.9,0.0,0
2026-08-19T03:00:00+00:00,z2,3,0.7071067811865476,0.7071067811865476,2,0,0,600,450.0,0,0,13.0,19.9,0.0,1
2026-08-19T03:00:00+00:00,z3,3,0.7071067811865476,0.7071067811865476,2,0,0,900,1200.0,0,0,38.0,19.9,0.0,56
2026-08-19T03:00:00+00:00,z4,3,0.7071067811865476,0.7071067811865476,2,0,0,300,350.0,0,0,47.0,19.9,0.0,16
2026-08-19T04:00:00+00:00,z1,4,0.8660254037844386,0.5000000000000001,2,0,0,400,500.0,0,0,1.0,19.5,0.0,109
2026-08-19T04:00:00+00:00,z2,4,0.8660254037844386,0.5000000000000001,2,0,0,600,450.0,0,0,12.0,19.5,0.0,7
2026-08-19T04:00:00+00:00,z3,4,0.8660254037844386,0.5000000000000001,2,0,0,900,1200.0,0,0,37.0,19.5,0.0,49
2026-08-19T04:00:00+00:00,z4,4,0.8660254037844386,0.5000000000000001,2,0,0,300,350.0,0,0,46.0,19.5,0.0,2
2026-08-19T05:00:00+00:00,z1,5,0.9659258262890683,0.25881904510252074,2,0,0,400,500.0,732,1,26.0,19.4,0.0,274
2026-08-19T05:00:00+00:00,z2,5,0.9659258262890683,0.25881904510252074,2,0,0,600,450.0,0,0,11.0,19.4,0.0,10
2026-08-19T05:00:00+00:00,z3,5,0.9659258262890683,0.25881904510252074,2,0,0,900,1200.0,0,0,36.0,19.4,0.0,15
2026-08-19T05:00:00+00:00,z4,5,0.9659258262890683,0.25881904510252074,2,0,0,300,350.0,0,0,45.0,19.4,0.0,9
2026-08-19T06:00:00+00:00,z1,6,1.0,6.123233995736766e-17,2,0,0,400,500.0,732,1,25.0,20.7,2.9,147
2026-08-19T06:00:00+00:00,z2,6,1.0,6.123233995736766e-17,2,0,0,600,450.0,0,0,10.0,20.7,2.9,67
2026-08-19T06:00:00+00:00,z3,6,1.0,6.123233995736766e-17,2,0,0,900,1200.0,0,0,35.0,20.7,2.9,46
2026-08-19T06:00:00+00:00,z4,6,1.0,6.123233995736766e-17,2,0,0,300,350.0,0,0,44.0,20.7,2.9,0
2026-08-19T07:00:00+00:00,z1,7,0.9659258262890683,-0.25881904510252063,2,0,0,400,500.0,732,1,24.0,22.8,0.0,267
2026-08-19T07:00:00+00:00,z2,7,0.9659258262890683,-0.25881904510252063,2,0,0,600,450.0,0,0,9.0,22.8,0.0,83
2026-08-19T07:00:00+00:00,z3,7,0.9659258262890683,-0.25881904510252063,2,0,0,900,1200.0,0,0,34.0,22.8,0.0,113
2026-08-19T07:00:00+00:00,z4,7,0.9659258262890683,-0.25881904510252063,2,0,0,300,350.0,0,0,43.0,22.8,0.0,5
2026-08-19T08:00:00+00:00,z1,8,0.8660254037844387,-0.4999999999999998,2,0,0,400,500.0,0,0,23.0,25.2,0.0,22
2026-08-19T08:00:00+00:00,z2,8,0.8660254037844387,-0.4999999999999998,2,0,0,600,450.0,0,0,8.0,25.2,0.0,447
2026-08-19T08:00:00+00:00,z3,8,0.8660254037844387,-0.4999999999999998,2,0,0,900,1200.0,0,0,33.0,25.2,0.0,37
2026-08-19T08:00:00+00:00,z4,8,0.8660254037844387,-0.4999999999999998,2,0,0,300,350.0,0,0,42.0,25.2,0.0,19
2026-08-19T09:00:00+00:00,z1,9,0.7071067811865476,-0.7071067811865475,2,0,0,400,500.0,0,0,22.0,29.3,0.0,190
2026-08-19T09:00:00+00:00,z2,9,0.7071067811865476,-0.7071067811865475,2,0,0,600,450.0,0,0,7.0,29.3,0.0,501
2026-08-19T09:00:00+00:00,z3,9,0.7071067811865476,-0.7071067811865475,2,0,0,900,1200.0,0,0,32.0,29.3,0.0,50
2026-08-19T09:00:00+00:00,z4,9,0.7071067811865476,-0.7071067811865475,2,0,0,300,350.0,0,0,41.0,29.3,0.0,8
2026-08-19T10:00:00+00:00,z1,10,0.49999999999999994,-0.8660254037844387,2,0,0,400,500.0,0,0,21.0,29.2,0.0,251
2026-08-19T10:00:00+00:00,z2,10,0.49999999999999994,-0.8660254037844387,2,0,0,600,450.0,0,0,6.0,29.2,0.0,435
2026-08-19T10:00:00+00:00,z3,10,0.49999999999999994,-0.8660254037844387,2,0,0,900,1200.0,0,0,31.0,29.2,0.0,102
2026-08-19T10:00:00+00:00,z4,10,0.49999999999999994,-0.8660254037844387,2,0,0,300,350.0,0,0,40.0,29.2,0.0,19
2026-08-19T11:00:00+00:00,z1,11,0.258819045102521,-0.9659258262890682,2,0,0,400,500.0,0,0,20.0,34.0,0.0,216
2026-08-19T11:00:00+00:00,z2,11,0.258819045102521,-0.9659258262890682,2,0,0,600,450.0,0,0,5.0,34.0,0.0,232
2026-08-19T11:00:00+00:00,z3,11,0.258819045102521,-0.9659258262890682,2,0,0,900,1200.0,0,0,30.0,34.0,0.0,101
2026-08-19T11:00:00+00:00,z4,11,0.258819045102521,-0.9659258262890682,2,0,0,300,350.0,0,0,39.0,34.0,0.0,7
2026-08-19T12:00:00+00:00,z1,12,1.2246467991473532e-16,-1.0,2,0,0,400,500.0,0,0,19.0,34.6,0.0,260
2026-08-19T12:00:00+00:00,z2,12,1.2246467991473532e-16,-1.0,2,0,0,600,450.0,0,0,4.0,34.6,0.0,193
2026-08-19T12:00:00+00:00,z3,12,1.2246467991473532e-16,-1.0,2,0,0,900,1200.0,0,0,29.0,34.6,0.0,257
2026-08-19T12:00:00+00:00,z4,12,1.2246467991473532e-16,-1.0,2,0,0,300,350.0,0,0,38.0,34.6,0.0,221
2026-08-19T13:00:00+00:00,z1,13,-0.2588190451025208,-0.9659258262890683,2,0,0,400,500.0,0,0,18.0,36.2,0.0,244
2026-08-19T13:00:00+00:00,z2,13,-0.2588190451025208,-0.9659258262890683,2,0,0,600,450.0,0,0,3.0,36.2,0.0,198
2026-08-19T13:00:00+00:00,z3,13,-0.2588190451025208,-0.9659258262890683,2,0,0,900,1200.0,0,0,28.0,36.2,0.0,255
2026-08-19T13:00:00+00:00,z4,13,-0.2588190451025208,-0.9659258262890683,2,0,0,300,350.0,0,0,37.0,36.2,0.0,239
2026-08-19T14:00:00+00:00,z1,14,-0.4999999999999997,-0.8660254037844388,2,0,0,400,500.0,0,0,17.0,36.0,0.0,235
2026-08-19T14:00:00+00:00,z2,14,-0.4999999999999997,-0.8660254037844388,2,0,0,600,450.0,0,0,2.0,36.0,0.0,210
2026-08-19T14:00:00+00:00,z3,14,-0.4999999999999997,-0.8660254037844388,2,0,0,900,1200.0,0,0,27.0,36.0,0.0,214
2026-08-19T14:00:00+00:00,z4,14,-0.4999999999999997,-0.8660254037844388,2,0,0,300,350.0,0,0,36.0,36.0,0.0,225
2026-08-19T15:00:00+00:00,z1,15,-0.7071067811865471,-0.7071067811865479,2,0,0,400,500.0,0,0,16.0,37.0,0.0,268
2026-08-19T15:00:00+00:00,z2,15,-0.7071067811865471,-0.7071067811865479,2,0,0,600,450.0,0,0,1.0,37.0,0.0,294
2026-08-19T15:00:00+00:00,z3,15,-0.7071067811865471,-0.7071067811865479,2,0,0,900,1200.0,0,0,26.0,37.0,0.0,150
2026-08-19T15:00:00+00:00,z4,15,-0.7071067811865471,-0.7071067811865479,2,0,0,300,350.0,0,0,35.0,37.0,0.0,96
2026-08-19T16:00:00+00:00,z1,16,-0.8660254037844385,-0.5000000000000004,2,0,0,400,500.0,0,0,15.0,35.6,0.0,237
2026-08-19T16:00:00+00:00,z2,16,-0.8660254037844385,-0.5000000000000004,2,0,0,600,450.0,448,1,74.0,35.6,0.0,365
2026-08-19T16:00:00+00:00,z3,16,-0.8660254037844385,-0.5000000000000004,2,0,0,900,1200.0,0,0,25.0,35.6,0.0,278
2026-08-19T16:00:00+00:00,z4,16,-0.8660254037844385,-0.5000000000000004,2,0,0,300,350.0,0,0,34.0,35.6,0.0,74
2026-08-19T17:00:00+00:00,z1,17,-0.9659258262890683,-0.25881904510252063,2,0,0,400,500.0,0,0,14.0,34.8,0.0,235
2026-08-19T17:00:00+00:00,z2,17,-0.9659258262890683,-0.25881904510252063,2,0,0,600,450.0,448,1,73.0,34.8,0.0,615
2026-08-19T17:00:00+00:00,z3,17,-0.9659258262890683,-0.25881904510252063,2,0,0,900,1200.0,0,0,24.0,34.8,0.0,524
2026-08-19T17:00:00+00:00,z4,17,-0.9659258262890683,-0.25881904510252063,2,0,0,300,350.0,0,0,33.0,34.8,0.0,65
2026-08-19T18:00:00+00:00,z1,18,-1.0,-1.8369701987210297e-16,2,0,0,400,500.0,0,0,13.0,32.4,0.0,237
2026-08-19T18:00:00+00:00,z2,18,-1.0,-1.8369701987210297e-16,2,0,0,600,450.0,0,0,72.0,32.4,0.0,489
2026-08-19T18:00:00+00:00,z3,18,-1.0,-1.8369701987210297e-16,2,0,0,900,1200.0,0,0,23.0,32.4,0.0,579
2026-08-19T18:00:00+00:00,z4,18,-1.0,-1.8369701987210297e-16,2,0,0,300,350.0,0,0,32.0,32.4,0.0,69
2026-08-19T19:00:00+00:00,z1,19,-0.9659258262890684,0.2588190451025203,2,0,0,400,500.0,0,0,12.0,30.8,0.0,216
2026-08-19T19:00:00+00:00,z2,19,-0.9659258262890684,0.2588190451025203,2,0,0,600,450.0,0,0,71.0,30.8,0.0,530
2026-08-19T19:00:00+00:00,z3,19,-0.9659258262890684,0.2588190451025203,2,0,0,900,1200.0,0,0,22.0,30.8,0.0,567
2026-08-19T19:00:00+00:00,z4,19,-0.9659258262890684,0.2588190451025203,2,0,0,300,350.0,0,0,31.0,30.8,0.0,246
2026-08-19T20:00:00+00:00,z1,20,-0.8660254037844386,0.5000000000000001,2,0,0,400,500.0,0,0,11.0,30.3,0.0,111
2026-08-19T20:00:00+00:00,z2,20,-0.8660254037844386,0.5000000000000001,2,0,0,600,450.0,0,0,70.0,30.3,0.0,462
2026-08-19T20:00:00+00:00,z3,20,-0.8660254037844386,0.5000000000000001,2,0,0,900,1200.0,0,0,21.0,30.3,0.0,531
2026-08-19T20:00:00+00:00,z4,20,-0.8660254037844386,0.5000000000000001,2,0,0,300,350.0,0,0,30.0,30.3,0.0,266
2026-08-19T21:00:00+00:00,z1,21,-0.7071067811865477,0.7071067811865474,2,0,0,400,500.0,0,0,10.0,28.3,0.0,100
2026-08-19T21:00:00+00:00,z2,21,-0.7071067811865477,0.7071067811865474,2,0,0,600,450.0,0,0,69.0,28.3,0.0,89
2026-08-19T21:00:00+00:00,z3,21,-0.7071067811865477,0.7071067811865474,2,0,0,900,1200.0,0,0,20.0,28.3,0.0,515
2026-08-19T21:00:00+00:00,z4,21,-0.7071067811865477,0.7071067811865474,2,0,0,300,350.0,0,0,29.0,28.3,0.0,222
2026-08-19T22:00:00+00:00,z1,22,-0.5000000000000004,0.8660254037844384,2,0,0,400,500.0,0,0,9.0,27.7,20.6,59
2026-08-19T22:00:00+00:00,z2,22,-0.5000000000000004,0.8660254037844384,2,0,0,600,450.0,0,0,68.0,27.7,20.6,62
2026-08-19T22:00:00+00:00,z3,22,-0.5000000000000004,0.8660254037844384,2,0,0,900,1200.0,0,0,19.0,27.7,20.6,17
2026-08-19T22:00:00+00:00,z4,22,-0.5000000000000004,0.8660254037844384,2,0,0,300,350.0,0,0,28.0,27.7,20.6,5
2026-08-19T23:00:00+00:00,z1,23,-0.25881904510252157,0.9659258262890681,2,0,0,400,500.0,0,0,8.0,25.3,0.0,97
2026-08-19T23:00:00+00:00,z2,23,-0.25881904510252157,0.9659258262890681,2,0,0,600,450.0,0,0,67.0,25.3,0.0,25
2026-08-19T23:00:00+00:00,z3,23,-0.25881904510252157,0.9659258262890681,2,0,0,900,1200.0,0,0,18.0,25.3,0.0,53
2026-08-19T23:00:00+00:00,z4,23,-0.25881904510252157,0.9659258262890681,2,0,0,300,350.0,0,0,27.0,25.3,0.0,7
2026-08-20T00:00:00+00:00,z1,0,0.0,1.0,3,0,0,400,500.0,0,0,7.0,22.0,0.0,26
2026-08-20T00:00:00+00:00,z2,0,0.0,1.0,3,0,0,600,450.0,0,0,66.0,22.0,0.0,76
2026-08-20T00:00:00+00:00,z3,0,0.0,1.0,3,0,0,900,1200.0,0,0,17.0,22.0,0.0,66
2026-08-20T00:00:00+00:00,z4,0,0.0,1.0,3,0,0,300,350.0,0,0,26.0,22.0,0.0,29
2026-08-20T01:00:00+00:00,z1,1,0.25881904510252074,0.9659258262890683,3,0,0,400,500.0,0,0,6.0,20.7,0.0,26
2026-08-20T01:00:00+00:00,z2,1,0.25881904510252074,0.9659258262890683,3,0,0,600,450.0,0,0,65.0,20.7,0.0,34
2026-08-20T01:00:00+00:00,z3,1,0.25881904510252074,0.9659258262890683,3,0,0,900,1200.0,0,0,16.0,20.7,0.0,5
2026-08-20T01:00:00+00:00,z4,1,0.25881904510252074,0.9659258262890683,3,0,0,300,350.0,0,0,25.0,20.7,0.0,18
2026-08-20T02:00:00+00:00,z1,2,0.49999999999999994,0.8660254037844387,3,0,0,400,500.0,0,0,5.0,22.0,0.0,17
2026-08-20T02:00:00+00:00,z2,2,0.49999999999999994,0.8660254037844387,3,0,0,600,450.0,0,0,64.0,22.0,0.0,14
2026-08-20T02:00:00+00:00,z3,2,0.49999999999999994,0.8660254037844387,3,0,0,900,1200.0,0,0,15.0,22.0,0.0,46
2026-08-20T02:00:00+00:00,z4,2,0.49999999999999994,0.8660254037844387,3,0,0,300,350.0,0,0,24.0,22.0,0.0,6
2026-08-20T03:00:00+00:00,z1,3,0.7071067811865476,0.7071067811865476,3,0,0,400,500.0,0,0,4.0,20.4,0.0,38
2026-08-20T03:00:00+00:00,z2,3,0.7071067811865476,0.7071067811865476,3,0,0,600,450.0,0,0,63.0,20.4,0.0,13
2026-08-20T03:00:00+00:00,z3,3,0.7071067811865476,0.7071067811865476,3,0,0,900,1200.0,0,0,14.0,20.4,0.0,45
2026-08-20T03:00:00+00:00,z4,3,0.7071067811865476,0.7071067811865476,3,0,0,300,350.0,0,0,23.0,20.4,0.0,24
2026-08-20T04:00:00+00:00,z1,4,0.8660254037844386,0.5000000000000001,3,0,0,400,500.0,0,0,3.0,19.0,15.1,20
2026-08-20T04:00:00+00:00,z2,4,0.8660254037844386,0.5000000000000001,3,0,0,600,450.0,0,0,62.0,19.0,15.1,0
2026-08-20T04:00:00+00:00,z3,4,0.8660254037844386,0.5000000000000001,3,0,0,900,1200.0,0,0,13.0,19.0,15.1,23
2026-08-20T04:00:00+00:00,z4,4,0.8660254037844386,0.5000000000000001,3,0,0,300,350.0,0,0,22.0,19.0,15.1,13
2026-08-20T05:00:00+00:00,z1,5,0.9659258262890683,0.25881904510252074,3,0,0,400,500.0,0,0,2.0,21.3,17.8,18
2026-08-20T05:00:00+00:00,z2,5,0.9659258262890683,0.25881904510252074,3,0,0,600,450.0,0,0,61.0,21.3,17.8,0
2026-08-20T05:00:00+00:00,z3,5,0.9659258262890683,0.25881904510252074,3,0,0,900,1200.0,0,0,12.0,21.3,17.8,0
2026-08-20T05:00:00+00:00,z4,5,0.9659258262890683,0.25881904510252074,3,0,0,300,350.0,0,0,21.0,21.3,17.8,20
2026-08-20T06:00:00+00:00,z1,6,1.0,6.123233995736766e-17,3,0,0,400,500.0,0,0,1.0,21.5,0.0,111
2026-08-20T06:00:00+00:00,z2,6,1.0,6.123233995736766e-17,3,0,0,600,450.0,0,0,60.0,21.5,0.0,85
2026-08-20T06:00:00+00:00,z3,6,1.0,6.123233995736766e-17,3,0,0,900,1200.0,0,0,11.0,21.5,0.0,115
2026-08-20T06:00:00+00:00,z4,6,1.0,6.123233995736766e-17,3,0,0,300,350.0,0,0,20.0,21.5,0.0,15
2026-08-20T07:00:00+00:00,z1,7,0.9659258262890683,-0.25881904510252063,3,0,0,400,500.0,434,1,35.0,24.6,3.3,86
2026-08-20T07:00:00+00:00,z2,7,0.9659258262890683,-0.25881904510252063,3,0,0,600,450.0,0,0,59.0,24.6,3.3,52
2026-08-20T07:00:00+00:00,z3,7,0.9659258262890683,-0.25881904510252063,3,0,0,900,1200.0,0,0,10.0,24.6,3.3,49
2026-08-20T07:00:00+00:00,z4,7,0.9659258262890683,-0.25881904510252063,3,0,0,300,350.0,0,0,19.0,24.6,3.3,0
2026-08-20T08:00:00+00:00,z1,8,0.8660254037844387,-0.4999999999999998,3,0,0,400,500.0,434,1,34.0,26.0,0.0,169
2026-08-20T08:00:00+00:00,z2,8,0.8660254037844387,-0.4999999999999998,3,0,0,600,450.0,0,0,58.0,26.0,0.0,426
2026-08-20T08:00:00+00:00,z3,8,0.8660254037844387,-0.4999999999999998,3,0,0,900,1200.0,0,0,9.0,26.0,0.0,107
2026-08-20T08:00:00+00:00,z4,8,0.8660254037844387,-0.4999999999999998,3,0,0,300,350.0,0,0,18.0,26.0,0.0,21
2026-08-20T09:00:00+00:00,z1,9,0.7071067811865476,-0.7071067811865475,3,0,0,400,500.0,434,1,33.0,29.4,0.0,343
2026-08-20T09:00:00+00:00,z2,9,0.7071067811865476,-0.7071067811865475,3,0,0,600,450.0,0,0,57.0,29.4,0.0,531
2026-08-20T09:00:00+00:00,z3,9,0.7071067811865476,-0.7071067811865475,3,0,0,900,1200.0,0,0,8.0,29.4,0.0,64
2026-08-20T09:00:00+00:00,z4,9,0.7071067811865476,-0.7071067811865475,3,0,0,300,350.0,0,0,17.0,29.4,0.0,4
2026-08-20T10:00:00+00:00,z1,10,0.49999999999999994,-0.8660254037844387,3,0,0,400,500.0,434,1,32.0,28.7,14.3,202
2026-08-20T10:00:00+00:00,z2,10,0.49999999999999994,-0.8660254037844387,3,0,0,600,450.0,0,0,56.0,28.7,14.3,341
2026-08-20T10:00:00+00:00,z3,10,0.49999999999999994,-0.8660254037844387,3,0,0,900,1200.0,0,0,7.0,28.7,14.3,44
2026-08-20T10:00:00+00:00,z4,10,0.49999999999999994,-0.8660254037844387,3,0,0,300,350.0,0,0,16.0,28.7,14.3,11
2026-08-20T11:00:00+00:00,z1,11,0.258819045102521,-0.9659258262890682,3,0,0,400,500.0,0,0,31.0,31.9,24.0,149
2026-08-20T11:00:00+00:00,z2,11,0.258819045102521,-0.9659258262890682,3,0,0,600,450.0,0,0,55.0,31.9,24.0,148
2026-08-20T11:00:00+00:00,z3,11,0.258819045102521,-0.9659258262890682,3,0,0,900,1200.0,0,0,6.0,31.9,24.0,5
2026-08-20T11:00:00+00:00,z4,11,0.258819045102521,-0.9659258262890682,3,0,0,300,350.0,0,0,15.0,31.9,24.0,0
2026-08-20T12:00:00+00:00,z1,12,1.2246467991473532e-16,-1.0,3,0,0,400,500.0,0,0,30.0,32.2,0.0,253
2026-08-20T12:00:00+00:00,z2,12,1.2246467991473532e-16,-1.0,3,0,0,600,450.0,0,0,54.0,32.2,0.0,209
2026-08-20T12:00:00+00:00,z3,12,1.2246467991473532e-16,-1.0,3,0,0,900,1200.0,0,0,5.0,32.2,0.0,286
2026-08-20T12:00:00+00:00,z4,12,1.2246467991473532e-16,-1.0,3,0,0,300,350.0,0,0,14.0,32.2,0.0,227
2026-08-20T13:00:00+00:00,z1,13,-0.2588190451025208,-0.9659258262890683,3,0,0,400,500.0,0,0,29.0,34.8,0.0,252
2026-08-20T13:00:00+00:00,z2,13,-0.2588190451025208,-0.9659258262890683,3,0,0,600,450.0,0,0,53.0,34.8,0.0,236
2026-08-20T13:00:00+00:00,z3,13,-0.2588190451025208,-0.9659258262890683,3,0,0,900,1200.0,0,0,4.0,34.8,0.0,236
2026-08-20T13:00:00+00:00,z4,13,-0.2588190451025208,-0.9659258262890683,3,0,0,300,350.0,0,0,13.0,34.8,0.0,240
2026-08-20T14:00:00+00:00,z1,14,-0.4999999999999997,-0.8660254037844388,3,0,0,400,500.0,0,0,28.0,35.7,0.0,293
2026-08-20T14:00:00+00:00,z2,14,-0.4999999999999997,-0.8660254037844388,3,0,0,600,450.0,0,0,52.0,35.7,0.0,206
2026-08-20T14:00:00+00:00,z3,14,-0.4999999999999997,-0.8660254037844388,3,0,0,900,1200.0,0,0,3.0,35.7,0.0,186
2026-08-20T14:00:00+00:00,z4,14,-0.4999999999999997,-0.8660254037844388,3,0,0,300,350.0,0,0,12.0,35.7,0.0,231
2026-08-20T15:00:00+00:00,z1,15,-0.7071067811865471,-0.7071067811865479,3,0,0,400,500.0,0,0,27.0,34.6,11.2,150
2026-08-20T15:00:00+00:00,z2,15,-0.7071067811865471,-0.7071067811865479,3,0,0,600,450.0,0,0,51.0,34.6,11.2,169
2026-08-20T15:00:00+00:00,z3,15,-0.7071067811865471,-0.7071067811865479,3,0,0,900,1200.0,0,0,2.0,34.6,11.2,108
2026-08-20T15:00:00+00:00,z4,15,-0.7071067811865471,-0.7071067811865479,3,0,0,300,350.0,0,0,11.0,34.6,11.2,67
2026-08-20T16:00:00+00:00,z1,16,-0.8660254037844385,-0.5000000000000004,3,0,0,400,500.0,0,0,26.0,37.2,0.0,253
2026-08-20T16:00:00+00:00,z2,16,-0.8660254037844385,-0.5000000000000004,3,0,0,600,450.0,0,0,50.0,37.2,0.0,200
2026-08-20T16:00:00+00:00,z3,16,-0.8660254037844385,-0.5000000000000004,3,0,0,900,1200.0,0,0,1.0,37.2,0.0,385
2026-08-20T16:00:00+00:00,z4,16,-0.8660254037844385,-0.5000000000000004,3,0,0,300,350.0,0,0,10.0,37.2,0.0,70
2026-08-20T17:00:00+00:00,z1,17,-0.9659258262890683,-0.25881904510252063,3,0,0,400,500.0,0,0,25.0,36.5,0.0,244
2026-08-20T17:00:00+00:00,z2,17,-0.9659258262890683,-0.25881904510252063,3,0,0,600,450.0,0,0,49.0,36.5,0.0,475
2026-08-20T17:00:00+00:00,z3,17,-0.9659258262890683,-0.25881904510252063,3,0,0,900,1200.0,571,1,57.0,36.5,0.0,695
2026-08-20T17:00:00+00:00,z4,17,-0.9659258262890683,-0.25881904510252063,3,0,0,300,350.0,0,0,9.0,36.5,0.0,80
2026-08-20T18:00:00+00:00,z1,18,-1.0,-1.8369701987210297e-16,3,0,0,400,500.0,0,0,24.0,34.5,0.0,228
2026-08-20T18:00:00+00:00,z2,18,-1.0,-1.8369701987210297e-16,3,0,0,600,450.0,0,0,48.0,34.5,0.0,515
2026-08-20T18:00:00+00:00,z3,18,-1.0,-1.8369701987210297e-16,3,0,0,900,1200.0,571,1,56.0,34.5,0.0,760
2026-08-20T18:00:00+00:00,z4,18,-1.0,-1.8369701987210297e-16,3,0,0,300,350.0,0,0,8.0,34.5,0.0,76
2026-08-20T19:00:00+00:00,z1,19,-0.9659258262890684,0.2588190451025203,3,0,0,400,500.0,0,0,23.0,33.2,0.0,189
2026-08-20T19:00:00+00:00,z2,19,-0.9659258262890684,0.2588190451025203,3,0,0,600,450.0,0,0,47.0,33.2,0.0,570
2026-08-20T19:00:00+00:00,z3,19,-0.9659258262890684,0.2588190451025203,3,0,0,900,1200.0,571,1,55.0,33.2,0.0,747
2026-08-20T19:00:00+00:00,z4,19,-0.9659258262890684,0.2588190451025203,3,0,0,300,350.0,0,0,7.0,33.2,0.0,228
2026-08-20T20:00:00+00:00,z1,20,-0.8660254037844386,0.5000000000000001,3,0,0,400,500.0,0,0,22.0,29.1,0.0,116
2026-08-20T20:00:00+00:00,z2,20,-0.8660254037844386,0.5000000000000001,3,0,0,600,450.0,0,0,46.0,29.1,0.0,463
2026-08-20T20:00:00+00:00,z3,20,-0.8660254037844386,0.5000000000000001,3,0,0,900,1200.0,571,1,54.0,29.1,0.0,731
2026-08-20T20:00:00+00:00,z4,20,-0.8660254037844386,0.5000000000000001,3,0,0,300,350.0,0,0,6.0,29.1,0.0,275
2026-08-20T21:00:00+00:00,z1,21,-0.7071067811865477,0.7071067811865474,3,0,0,400,500.0,0,0,21.0,28.9,0.0,118
2026-08-20T21:00:00+00:00,z2,21,-0.7071067811865477,0.7071067811865474,3,0,0,600,450.0,0,0,45.0,28.9,0.0,89
2026-08-20T21:00:00+00:00,z3,21,-0.7071067811865477,0.7071067811865474,3,0,0,900,1200.0,571,1,53.0,28.9,0.0,765
2026-08-20T21:00:00+00:00,z4,21,-0.7071067811865477,0.7071067811865474,3,0,0,300,350.0,0,0,5.0,28.9,0.0,224
2026-08-20T22:00:00+00:00,z1,22,-0.5000000000000004,0.8660254037844384,3,0,0,400,500.0,0,0,20.0,27.6,0.0,108
2026-08-20T22:00:00+00:00,z2,22,-0.5000000000000004,0.8660254037844384,3,0,0,600,450.0,0,0,44.0,27.6,0.0,111
2026-08-20T22:00:00+00:00,z3,22,-0.5000000000000004,0.8660254037844384,3,0,0,900,1200.0,0,0,52.0,27.6,0.0,96
2026-08-20T22:00:00+00:00,z4,22,-0.5000000000000004,0.8660254037844384,3,0,0,300,350.0,0,0,4.0,27.6,0.0,13
2026-08-20T23:00:00+00:00,z1,23,-0.25881904510252157,0.9659258262890681,3,0,0,400,500.0,0,0,19.0,24.3,0.0,97
2026-08-20T23:00:00+00:00,z2,23,-0.25881904510252157,0.9659258262890681,3,0,0,600,450.0,0,0,43.0,24.3,0.0,98
2026-08-20T23:00:00+00:00,z3,23,-0.25881904510252157,0.9659258262890681,3,0,0,900,1200.0,0,0,51.0,24.3,0.0,94
2026-08-20T23:00:00+00:00,z4,23,-0.25881904510252157,0.9659258262890681,3,0,0,300,350.0,0,0,3.0,24.3,0.0,20
2026-08-21T00:00:00+00:00,z1,0,0.0,1.0,4,0,0,400,500.0,0,0,18.0,24.1,0.0,32
2026-08-21T00:00:00+00:00,z2,0,0.0,1.0,4,0,0,600,450.0,0,0,42.0,24.1,0.0,72
2026-08-21T00:00:00+00:00,z3,0,0.0,1.0,4,0,0,900,1200.0,0,0,50.0,24.1,0.0,66
2026-08-21T00:00:00+00:00,z4,0,0.0,1.0,4,0,0,300,350.0,0,0,2.0,24.1,0.0,7
2026-08-21T01:00:00+00:00,z1,1,0.25881904510252074,0.9659258262890683,4,0,0,400,500.0,0,0,17.0,22.6,0.0,11
2026-08-21T01:00:00+00:00,z2,1,0.25881904510252074,0.9659258262890683,4,0,0,600,450.0,0,0,41.0,22.6,0.0,36
2026-08-21T01:00:00+00:00,z3,1,0.25881904510252074,0.9659258262890683,4,0,0,900,1200.0,0,0,49.0,22.6,0.0,46
2026-08-21T01:00:00+00:00,z4,1,0.25881904510252074,0.9659258262890683,4,0,0,300,350.0,0,0,1.0,22.6,0.0,136
2026-08-21T02:00:00+00:00,z1,2,0.49999999999999994,0.8660254037844387,4,0,0,400,500.0,0,0,16.0,21.2,0.0,16
2026-08-21T02:00:00+00:00,z2,2,0.49999999999999994,0.8660254037844387,4,0,0,600,450.0,0,0,40.0,21.2,0.0,31
2026-08-21T02:00:00+00:00,z3,2,0.49999999999999994,0.8660254037844387,4,0,0,900,1200.0,0,0,48.0,21.2,0.0,36
2026-08-21T02:00:00+00:00,z4,2,0.49999999999999994,0.8660254037844387,4,0,0,300,350.0,1033,1,93.0,21.2,0.0,249
2026-08-21T03:00:00+00:00,z1,3,0.7071067811865476,0.7071067811865476,4,0,0,400,500.0,0,0,15.0,18.3,19.6,6
2026-08-21T03:00:00+00:00,z2,3,0.7071067811865476,0.7071067811865476,4,0,0,600,450.0,0,0,39.0,18.3,19.6,35
2026-08-21T03:00:00+00:00,z3,3,0.7071067811865476,0.7071067811865476,4,0,0,900,1200.0,0,0,47.0,18.3,19.6,17
2026-08-21T03:00:00+00:00,z4,3,0.7071067811865476,0.7071067811865476,4,0,0,300,350.0,1033,1,92.0,18.3,19.6,181
2026-08-21T04:00:00+00:00,z1,4,0.8660254037844386,0.5000000000000001,4,0,0,400,500.0,0,0,14.0,20.1,18.0,0
2026-08-21T04:00:00+00:00,z2,4,0.8660254037844386,0.5000000000000001,4,0,0,600,450.0,0,0,38.0,20.1,18.0,6
2026-08-21T04:00:00+00:00,z3,4,0.8660254037844386,0.5000000000000001,4,0,0,900,1200.0,0,0,46.0,20.1,18.0,23
2026-08-21T04:00:00+00:00,z4,4,0.8660254037844386,0.5000000000000001,4,0,0,300,350.0,1033,1,91.0,20.1,18.0,201
2026-08-21T05:00:00+00:00,z1,5,0.9659258262890683,0.25881904510252074,4,0,0,400,500.0,0,0,13.0,20.7,4.6,0
2026-08-21T05:00:00+00:00,z2,5,0.9659258262890683,0.25881904510252074,4,0,0,600,450.0,0,0,37.0,20.7,4.6,8
2026-08-21T05:00:00+00:00,z3,5,0.9659258262890683,0.25881904510252074,4,0,0,900,1200.0,0,0,45.0,20.7,4.6,25
2026-08-21T05:00:00+00:00,z4,5,0.9659258262890683,0.25881904510252074,4,0,0,300,350.0,0,0,90.0,20.7,4.6,0
2026-08-21T06:00:00+00:00,z1,6,1.0,6.123233995736766e-17,4,0,0,400,500.0,0,0,12.0,20.6,0.0,10
2026-08-21T06:00:00+00:00,z2,6,1.0,6.123233995736766e-17,4,0,0,600,450.0,0,0,36.0,20.6,0.0,78
2026-08-21T06:00:00+00:00,z3,6,1.0,6.123233995736766e-17,4,0,0,900,1200.0,0,0,44.0,20.6,0.0,51
2026-08-21T06:00:00+00:00,z4,6,1.0,6.123233995736766e-17,4,0,0,300,350.0,0,0,89.0,20.6,0.0,17
2026-08-21T07:00:00+00:00,z1,7,0.9659258262890683,-0.25881904510252063,4,0,0,400,500.0,0,0,11.0,23.0,0.0,18
2026-08-21T07:00:00+00:00,z2,7,0.9659258262890683,-0.25881904510252063,4,0,0,600,450.0,0,0,35.0,23.0,0.0,80
2026-08-21T07:00:00+00:00,z3,7,0.9659258262890683,-0.25881904510252063,4,0,0,900,1200.0,0,0,43.0,23.0,0.0,84
2026-08-21T07:00:00+00:00,z4,7,0.9659258262890683,-0.25881904510252063,4,0,0,300,350.0,0,0,88.0,23.0,0.0,31
2026-08-21T08:00:00+00:00,z1,8,0.8660254037844387,-0.4999999999999998,4,0,0,400,500.0,0,0,10.0,24.5,0.0,40
2026-08-21T08:00:00+00:00,z2,8,0.8660254037844387,-0.4999999999999998,4,0,0,600,450.0,0,0,34.0,24.5,0.0,385
2026-08-21T08:00:00+00:00,z3,8,0.8660254037844387,-0.4999999999999998,4,0,0,900,1200.0,0,0,42.0,24.5,0.0,88
2026-08-21T08:00:00+00:00,z4,8,0.8660254037844387,-0.4999999999999998,4,0,0,300,350.0,0,0,87.0,24.5,0.0,13
2026-08-21T09:00:00+00:00,z1,9,0.7071067811865476,-0.7071067811865475,4,0,0,400,500.0,0,0,9.0,29.4,0.0,202
2026-08-21T09:00:00+00:00,z2,9,0.7071067811865476,-0.7071067811865475,4,0,0,600,450.0,0,0,33.0,29.4,0.0,503
2026-08-21T09:00:00+00:00,z3,9,0.7071067811865476,-0.7071067811865475,4,0,0,900,1200.0,0,0,41.0,29.4,0.0,75
2026-08-21T09:00:00+00:00,z4,9,0.7071067811865476,-0.7071067811865475,4,0,0,300,350.0,0,0,86.0,29.4,0.0,16
2026-08-21T10:00:00+00:00,z1,10,0.49999999999999994,-0.8660254037844387,4,0,0,400,500.0,0,0,8.0,28.1,8.8,113
2026-08-21T10:00:00+00:00,z2,10,0.49999999999999994,-0.8660254037844387,4,0,0,600,450.0,0,0,32.0,28.1,8.8,299
2026-08-21T10:00:00+00:00,z3,10,0.49999999999999994,-0.8660254037844387,4,0,0,900,1200.0,0,0,40.0,28.1,8.8,27
2026-08-21T10:00:00+00:00,z4,10,0.49999999999999994,-0.8660254037844387,4,0,0,300,350.0,0,0,85.0,28.1,8.8,13
2026-08-21T11:00:00+00:00,z1,11,0.258819045102521,-0.9659258262890682,4,0,0,400,500.0,0,0,7.0,32.1,0.0,242
2026-08-21T11:00:00+00:00,z2,11,0.258819045102521,-0.9659258262890682,4,0,0,600,450.0,0,0,31.0,32.1,0.0,200
2026-08-21T11:00:00+00:00,z3,11,0.258819045102521,-0.9659258262890682,4,0,0,900,1200.0,0,0,39.0,32.1,0.0,59
2026-08-21T11:00:00+00:00,z4,11,0.258819045102521,-0.9659258262890682,4,0,0,300,350.0,0,0,84.0,32.1,0.0,18
2026-08-21T12:00:00+00:00,z1,12,1.2246467991473532e-16,-1.0,4,0,0,400,500.0,0,0,6.0,34.7,0.0,260
2026-08-21T12:00:00+00:00,z2,12,1.2246467991473532e-16,-1.0,4,0,0,600,450.0,0,0,30.0,34.7,0.0,210
2026-08-21T12:00:00+00:00,z3,12,1.2246467991473532e-16,-1.0,4,0,0,900,1200.0,0,0,38.0,34.7,0.0,211
2026-08-21T12:00:00+00:00,z4,12,1.2246467991473532e-16,-1.0,4,0,0,300,350.0,0,0,83.0,34.7,0.0,223
2026-08-21T13:00:00+00:00,z1,13,-0.2588190451025208,-0.9659258262890683,4,0,0,400,500.0,0,0,5.0,33.8,17.5,144
2026-08-21T13:00:00+00:00,z2,13,-0.2588190451025208,-0.9659258262890683,4,0,0,600,450.0,0,0,29.0,33.8,17.5,124
2026-08-21T13:00:00+00:00,z3,13,-0.2588190451025208,-0.9659258262890683,4,0,0,900,1200.0,0,0,37.0,33.8,17.5,128
2026-08-21T13:00:00+00:00,z4,13,-0.2588190451025208,-0.9659258262890683,4,0,0,300,350.0,0,0,82.0,33.8,17.5,198
2026-08-21T14:00:00+00:00,z1,14,-0.4999999999999997,-0.8660254037844388,4,0,0,400,500.0,0,0,4.0,37.1,0.0,268
2026-08-21T14:00:00+00:00,z2,14,-0.4999999999999997,-0.8660254037844388,4,0,0,600,450.0,0,0,28.0,37.1,0.0,214
2026-08-21T14:00:00+00:00,z3,14,-0.4999999999999997,-0.8660254037844388,4,0,0,900,1200.0,0,0,36.0,37.1,0.0,250
2026-08-21T14:00:00+00:00,z4,14,-0.4999999999999997,-0.8660254037844388,4,0,0,300,350.0,0,0,81.0,37.1,0.0,218
2026-08-21T15:00:00+00:00,z1,15,-0.7071067811865471,-0.7071067811865479,4,0,0,400,500.0,0,0,3.0,37.6,0.0,266
2026-08-21T15:00:00+00:00,z2,15,-0.7071067811865471,-0.7071067811865479,4,0,0,600,450.0,0,0,27.0,37.6,0.0,197
2026-08-21T15:00:00+00:00,z3,15,-0.7071067811865471,-0.7071067811865479,4,0,0,900,1200.0,0,0,35.0,37.6,0.0,177
2026-08-21T15:00:00+00:00,z4,15,-0.7071067811865471,-0.7071067811865479,4,0,0,300,350.0,0,0,80.0,37.6,0.0,57
2026-08-21T16:00:00+00:00,z1,16,-0.8660254037844385,-0.5000000000000004,4,0,0,400,500.0,0,0,2.0,36.8,0.0,248
2026-08-21T16:00:00+00:00,z2,16,-0.8660254037844385,-0.5000000000000004,4,0,0,600,450.0,0,0,26.0,36.8,0.0,228
2026-08-21T16:00:00+00:00,z3,16,-0.8660254037844385,-0.5000000000000004,4,0,0,900,1200.0,0,0,34.0,36.8,0.0,231
2026-08-21T16:00:00+00:00,z4,16,-0.8660254037844385,-0.5000000000000004,4,0,0,300,350.0,0,0,79.0,36.8,0.0,62
2026-08-21T17:00:00+00:00,z1,17,-0.9659258262890683,-0.25881904510252063,4,0,0,400,500.0,0,0,1.0,33.3,0.0,354
2026-08-21T17:00:00+00:00,z2,17,-0.9659258262890683,-0.25881904510252063,4,0,0,600,450.0,0,0,25.0,33.3,0.0,476
2026-08-21T17:00:00+00:00,z3,17,-0.9659258262890683,-0.25881904510252063,4,0,0,900,1200.0,0,0,33.0,33.3,0.0,471
2026-08-21T17:00:00+00:00,z4,17,-0.9659258262890683,-0.25881904510252063,4,0,0,300,350.0,0,0,78.0,33.3,0.0,84
2026-08-21T18:00:00+00:00,z1,18,-1.0,-1.8369701987210297e-16,4,0,0,400,500.0,1240,1,4.0,33.0,0.0,531
2026-08-21T18:00:00+00:00,z2,18,-1.0,-1.8369701987210297e-16,4,0,0,600,450.0,0,0,24.0,33.0,0.0,522
2026-08-21T18:00:00+00:00,z3,18,-1.0,-1.8369701987210297e-16,4,0,0,900,1200.0,0,0,32.0,33.0,0.0,613
2026-08-21T18:00:00+00:00,z4,18,-1.0,-1.8369701987210297e-16,4,0,0,300,350.0,0,0,77.0,33.0,0.0,73
2026-08-21T19:00:00+00:00,z1,19,-0.9659258262890684,0.2588190451025203,4,0,0,400,500.0,1240,1,3.0,30.9,0.0,524
2026-08-21T19:00:00+00:00,z2,19,-0.9659258262890684,0.2588190451025203,4,0,0,600,450.0,0,0,23.0,30.9,0.0,538
2026-08-21T19:00:00+00:00,z3,19,-0.9659258262890684,0.2588190451025203,4,0,0,900,1200.0,0,0,31.0,30.9,0.0,558
2026-08-21T19:00:00+00:00,z4,19,-0.9659258262890684,0.2588190451025203,4,0,0,300,350.0,0,0,76.0,30.9,0.0,232
2026-08-21T20:00:00+00:00,z1,20,-0.8660254037844386,0.5000000000000001,4,0,0,400,500.0,1240,1,2.0,31.3,0.0,406
2026-08-21T20:00:00+00:00,z2,20,-0.8660254037844386,0.5000000000000001,4,0,0,600,450.0,0,0,22.0,31.3,0.0,434
2026-08-21T20:00:00+00:00,z3,20,-0.8660254037844386,0.5000000000000001,4,0,0,900,1200.0,0,0,30.0,31.3,0.0,482
2026-08-21T20:00:00+00:00,z4,20,-0.8660254037844386,0.5000000000000001,4,0,0,300,350.0,0,0,75.0,31.3,0.0,275
2026-08-21T21:00:00+00:00,z1,21,-0.7071067811865477,0.7071067811865474,4,0,0,400,500.0,0,0,1.0,26.7,0.0,225
2026-08-21T21:00:00+00:00,z2,21,-0.7071067811865477,0.7071067811865474,4,0,0,600,450.0,0,0,21.0,26.7,0.0,93
2026-08-21T21:00:00+00:00,z3,21,-0.7071067811865477,0.7071067811865474,4,0,0,900,1200.0,0,0,29.0,26.7,0.0,457
2026-08-21T21:00:00+00:00,z4,21,-0.7071067811865477,0.7071067811865474,4,0,0,300,350.0,0,0,74.0,26.7,0.0,234
2026-08-21T22:00:00+00:00,z1,22,-0.5000000000000004,0.8660254037844384,4,0,0,400,500.0,1020,1,29.0,25.6,9.5,225
2026-08-21T22:00:00+00:00,z2,22,-0.5000000000000004,0.8660254037844384,4,0,0,600,450.0,0,0,20.0,25.6,9.5,49
2026-08-21T22:00:00+00:00,z3,22,-0.5000000000000004,0.8660254037844384,4,0,0,900,1200.0,0,0,28.0,25.6,9.5,63
2026-08-21T22:00:00+00:00,z4,22,-0.5000000000000004,0.8660254037844384,4,0,0,300,350.0,0,0,73.0,25.6,9.5,19
2026-08-21T23:00:00+00:00,z1,23,-0.25881904510252157,0.9659258262890681,4,0,0,400,500.0,1020,1,28.0,24.2,0.0,406
2026-08-21T23:00:00+00:00,z2,23,-0.25881904510252157,0.9659258262890681,4,0,0,600,450.0,0,0,19.0,24.2,0.0,103
2026-08-21T23:00:00+00:00,z3,23,-0.25881904510252157,0.9659258262890681,4,0,0,900,1200.0,0,0,27.0,24.2,0.0,113
2026-08-21T23:00:00+00:00,z4,23,-0.25881904510252157,0.9659258262890681,4,0,0,300,350.0,0,0,72.0,24.2,0.0,32
2026-08-22T00:00:00+00:00,z1,0,0.0,1.0,5,1,0,400,500.0,0,0,27.0,21.2,0.0,54
2026-08-22T00:00:00+00:00,z2,0,0.0,1.0,5,1,0,600,450.0,0,0,18.0,21.2,0.0,74
2026-08-22T00:00:00+00:00,z3,0,0.0,1.0,5,1,0,900,1200.0,0,0,26.0,21.2,0.0,166
2026-08-22T00:00:00+00:00,z4,0,0.0,1.0,5,1,0,300,350.0,0,0,71.0,21.2,0.0,12
2026-08-22T01:00:00+00:00,z1,1,0.25881904510252074,0.9659258262890683,5,1,0,400,500.0,0,0,26.0,22.8,0.0,3
2026-08-22T01:00:00+00:00,z2,1,0.25881904510252074,0.9659258262890683,5,1,0,600,450.0,0,0,17.0,22.8,0.0,24
2026-08-22T01:00:00+00:00,z3,1,0.25881904510252074,0.9659258262890683,5,1,0,900,1200.0,0,0,25.0,22.8,0.0,7
2026-08-22T01:00:00+00:00,z4,1,0.25881904510252074,0.9659258262890683,5,1,0,300,350.0,0,0,70.0,22.8,0.0,13
2026-08-22T02:00:00+00:00,z1,2,0.49999999999999994,0.8660254037844387,5,1,0,400,500.0,0,0,25.0,19.5,0.0,0
2026-08-22T02:00:00+00:00,z2,2,0.49999999999999994,0.8660254037844387,5,1,0,600,450.0,0,0,16.0,19.5,0.0,9
2026-08-22T02:00:00+00:00,z3,2,0.49999999999999994,0.8660254037844387,5,1,0,900,1200.0,0,0,24.0,19.5,0.0,75
2026-08-22T02:00:00+00:00,z4,2,0.49999999999999994,0.8660254037844387,5,1,0,300,350.0,0,0,69.0,19.5,0.0,11
2026-08-22T03:00:00+00:00,z1,3,0.7071067811865476,0.7071067811865476,5,1,0,400,500.0,0,0,24.0,19.5,7.0,8
2026-08-22T03:00:00+00:00,z2,3,0.7071067811865476,0.7071067811865476,5,1,0,600,450.0,0,0,15.0,19.5,7.0,26
2026-08-22T03:00:00+00:00,z3,3,0.7071067811865476,0.7071067811865476,5,1,0,900,1200.0,0,0,23.0,19.5,7.0,56
2026-08-22T03:00:00+00:00,z4,3,0.7071067811865476,0.7071067811865476,5,1,0,300,350.0,0,0,68.0,19.5,7.0,0
2026-08-22T04:00:00+00:00,z1,4,0.8660254037844386,0.5000000000000001,5,1,0,400,500.0,0,0,23.0,20.4,0.0,25
2026-08-22T04:00:00+00:00,z2,4,0.8660254037844386,0.5000000000000001,5,1,0,600,450.0,0,0,14.0,20.4,0.0,10
2026-08-22T04:00:00+00:00,z3,4,0.8660254037844386,0.5000000000000001,5,1,0,900,1200.0,0,0,22.0,20.4,0.0,48
2026-08-22T04:00:00+00:00,z4,4,0.8660254037844386,0.5000000000000001,5,1,0,300,350.0,0,0,67.0,20.4,0.0,21
2026-08-22T05:00:00+00:00,z1,5,0.9659258262890683,0.25881904510252074,5,1,0,400,500.0,0,0,22.0,23.0,0.0,2
2026-08-22T05:00:00+00:00,z2,5,0.9659258262890683,0.25881904510252074,5,1,0,600,450.0,0,0,13.0,23.0,0.0,11
2026-08-22T05:00:00+00:00,z3,5,0.9659258262890683,0.25881904510252074,5,1,0,900,1200.0,0,0,21.0,23.0,0.0,0
2026-08-22T05:00:00+00:00,z4,5,0.9659258262890683,0.25881904510252074,5,1,0,300,350.0,0,0,66.0,23.0,0.0,4
2026-08-22T06:00:00+00:00,z1,6,1.0,6.123233995736766e-17,5,1,0,400,500.0,0,0,21.0,22.9,0.0,36
2026-08-22T06:00:00+00:00,z2,6,1.0,6.123233995736766e-17,5,1,0,600,450.0,0,0,12.0,22.9,0.0,88
2026-08-22T06:00:00+00:00,z3,6,1.0,6.123233995736766e-17,5,1,0,900,1200.0,0,0,20.0,22.9,0.0,54
2026-08-22T06:00:00+00:00,z4,6,1.0,6.123233995736766e-17,5,1,0,300,350.0,0,0,65.0,22.9,0.0,11
2026-08-22T07:00:00+00:00,z1,7,0.9659258262890683,-0.25881904510252063,5,1,0,400,500.0,0,0,20.0,23.3,0.0,2
2026-08-22T07:00:00+00:00,z2,7,0.9659258262890683,-0.25881904510252063,5,1,0,600,450.0,0,0,11.0,23.3,0.0,70
2026-08-22T07:00:00+00:00,z3,7,0.9659258262890683,-0.25881904510252063,5,1,0,900,1200.0,0,0,19.0,23.3,0.0,100
2026-08-22T07:00:00+00:00,z4,7,0.9659258262890683,-0.25881904510252063,5,1,0,300,350.0,0,0,64.0,23.3,0.0,4
2026-08-22T08:00:00+00:00,z1,8,0.8660254037844387,-0.4999999999999998,5,1,0,400,500.0,0,0,19.0,25.9,0.0,33
2026-08-22T08:00:00+00:00,z2,8,0.8660254037844387,-0.4999999999999998,5,1,0,600,450.0,0,0,10.0,25.9,0.0,89
2026-08-22T08:00:00+00:00,z3,8,0.8660254037844387,-0.4999999999999998,5,1,0,900,1200.0,0,0,18.0,25.9,0.0,92
2026-08-22T08:00:00+00:00,z4,8,0.8660254037844387,-0.4999999999999998,5,1,0,300,350.0,0,0,63.0,25.9,0.0,12
2026-08-22T09:00:00+00:00,z1,9,0.7071067811865476,-0.7071067811865475,5,1,0,400,500.0,0,0,18.0,28.4,0.0,269
2026-08-22T09:00:00+00:00,z2,9,0.7071067811865476,-0.7071067811865475,5,1,0,600,450.0,0,0,9.0,28.4,0.0,104
2026-08-22T09:00:00+00:00,z3,9,0.7071067811865476,-0.7071067811865475,5,1,0,900,1200.0,0,0,17.0,28.4,0.0,99
2026-08-22T09:00:00+00:00,z4,9,0.7071067811865476,-0.7071067811865475,5,1,0,300,350.0,0,0,62.0,28.4,0.0,20
2026-08-22T10:00:00+00:00,z1,10,0.49999999999999994,-0.8660254037844387,5,1,0,400,500.0,0,0,17.0,29.6,0.0,276
2026-08-22T10:00:00+00:00,z2,10,0.49999999999999994,-0.8660254037844387,5,1,0,600,450.0,0,0,8.0,29.6,0.0,100
2026-08-22T10:00:00+00:00,z3,10,0.49999999999999994,-0.8660254037844387,5,1,0,900,1200.0,0,0,16.0,29.6,0.0,81
2026-08-22T10:00:00+00:00,z4,10,0.49999999999999994,-0.8660254037844387,5,1,0,300,350.0,0,0,61.0,29.6,0.0,15
2026-08-22T11:00:00+00:00,z1,11,0.258819045102521,-0.9659258262890682,5,1,0,400,500.0,0,0,16.0,30.9,0.0,292
2026-08-22T11:00:00+00:00,z2,11,0.258819045102521,-0.9659258262890682,5,1,0,600,450.0,0,0,7.0,30.9,0.0,82
2026-08-22T11:00:00+00:00,z3,11,0.258819045102521,-0.9659258262890682,5,1,0,900,1200.0,0,0,15.0,30.9,0.0,430
2026-08-22T11:00:00+00:00,z4,11,0.258819045102521,-0.9659258262890682,5,1,0,300,350.0,0,0,60.0,30.9,0.0,19
2026-08-22T12:00:00+00:00,z1,12,1.2246467991473532e-16,-1.0,5,1,0,400,500.0,0,0,15.0,32.6,0.0,324
2026-08-22T12:00:00+00:00,z2,12,1.2246467991473532e-16,-1.0,5,1,0,600,450.0,0,0,6.0,32.6,0.0,261
2026-08-22T12:00:00+00:00,z3,12,1.2246467991473532e-16,-1.0,5,1,0,900,1200.0,0,0,14.0,32.6,0.0,407
2026-08-22T12:00:00+00:00,z4,12,1.2246467991473532e-16,-1.0,5,1,0,300,350.0,0,0,59.0,32.6,0.0,237
2026-08-22T13:00:00+00:00,z1,13,-0.2588190451025208,-0.9659258262890683,5,1,0,400,500.0,0,0,14.0,34.2,0.0,313
2026-08-22T13:00:00+00:00,z2,13,-0.2588190451025208,-0.9659258262890683,5,1,0,600,450.0,0,0,5.0,34.2,0.0,271
2026-08-22T13:00:00+00:00,z3,13,-0.2588190451025208,-0.9659258262890683,5,1,0,900,1200.0,0,0,13.0,34.2,0.0,404
2026-08-22T13:00:00+00:00,z4,13,-0.2588190451025208,-0.9659258262890683,5,1,0,300,350.0,0,0,58.0,34.2,0.0,256
2026-08-22T14:00:00+00:00,z1,14,-0.4999999999999997,-0.8660254037844388,5,1,0,400,500.0,0,0,13.0,36.2,10.6,180
2026-08-22T14:00:00+00:00,z2,14,-0.4999999999999997,-0.8660254037844388,5,1,0,600,450.0,0,0,4.0,36.2,10.6,182
2026-08-22T14:00:00+00:00,z3,14,-0.4999999999999997,-0.8660254037844388,5,1,0,900,1200.0,0,0,12.0,36.2,10.6,229
2026-08-22T14:00:00+00:00,z4,14,-0.4999999999999997,-0.8660254037844388,5,1,0,300,350.0,0,0,57.0,36.2,10.6,181
2026-08-22T15:00:00+00:00,z1,15,-0.7071067811865471,-0.7071067811865479,5,1,0,400,500.0,0,0,12.0,34.6,0.0,315
2026-08-22T15:00:00+00:00,z2,15,-0.7071067811865471,-0.7071067811865479,5,1,0,600,450.0,0,0,3.0,34.6,0.0,316
2026-08-22T15:00:00+00:00,z3,15,-0.7071067811865471,-0.7071067811865479,5,1,0,900,1200.0,0,0,11.0,34.6,0.0,358
2026-08-22T15:00:00+00:00,z4,15,-0.7071067811865471,-0.7071067811865479,5,1,0,300,350.0,0,0,56.0,34.6,0.0,90
2026-08-22T16:00:00+00:00,z1,16,-0.8660254037844385,-0.5000000000000004,5,1,0,400,500.0,0,0,11.0,36.1,0.0,282
2026-08-22T16:00:00+00:00,z2,16,-0.8660254037844385,-0.5000000000000004,5,1,0,600,450.0,0,0,2.0,36.1,0.0,343
2026-08-22T16:00:00+00:00,z3,16,-0.8660254037844385,-0.5000000000000004,5,1,0,900,1200.0,0,0,10.0,36.1,0.0,760
2026-08-22T16:00:00+00:00,z4,16,-0.8660254037844385,-0.5000000000000004,5,1,0,300,350.0,0,0,55.0,36.1,0.0,75
2026-08-22T17:00:00+00:00,z1,17,-0.9659258262890683,-0.25881904510252063,5,1,0,400,500.0,0,0,10.0,34.2,0.0,272
2026-08-22T17:00:00+00:00,z2,17,-0.9659258262890683,-0.25881904510252063,5,1,0,600,450.0,0,0,1.0,34.2,0.0,404
2026-08-22T17:00:00+00:00,z3,17,-0.9659258262890683,-0.25881904510252063,5,1,0,900,1200.0,0,0,9.0,34.2,0.0,735
2026-08-22T17:00:00+00:00,z4,17,-0.9659258262890683,-0.25881904510252063,5,1,0,300,350.0,0,0,54.0,34.2,0.0,79
2026-08-22T18:00:00+00:00,z1,18,-1.0,-1.8369701987210297e-16,5,1,0,400,500.0,0,0,9.0,34.7,0.0,283
2026-08-22T18:00:00+00:00,z2,18,-1.0,-1.8369701987210297e-16,5,1,0,600,450.0,1135,1,12.0,34.7,0.0,672
2026-08-22T18:00:00+00:00,z3,18,-1.0,-1.8369701987210297e-16,5,1,0,900,1200.0,0,0,8.0,34.7,0.0,844
2026-08-22T18:00:00+00:00,z4,18,-1.0,-1.8369701987210297e-16,5,1,0,300,350.0,0,0,53.0,34.7,0.0,91
2026-08-22T19:00:00+00:00,z1,19,-0.9659258262890684,0.2588190451025203,5,1,0,400,500.0,0,0,8.0,32.6,0.0,272
2026-08-22T19:00:00+00:00,z2,19,-0.9659258262890684,0.2588190451025203,5,1,0,600,450.0,1135,1,11.0,32.6,0.0,676
2026-08-22T19:00:00+00:00,z3,19,-0.9659258262890684,0.2588190451025203,5,1,0,900,1200.0,0,0,7.0,32.6,0.0,790
2026-08-22T19:00:00+00:00,z4,19,-0.9659258262890684,0.2588190451025203,5,1,0,300,350.0,0,0,52.0,32.6,0.0,249
2026-08-22T20:00:00+00:00,z1,20,-0.8660254037844386,0.5000000000000001,5,1,0,400,500.0,0,0,7.0,28.2,0.0,97
2026-08-22T20:00:00+00:00,z2,20,-0.8660254037844386,0.5000000000000001,5,1,0,600,450.0,1135,1,10.0,28.2,0.0,633
2026-08-22T20:00:00+00:00,z3,20,-0.8660254037844386,0.5000000000000001,5,1,0,900,1200.0,0,0,6.0,28.2,0.0,850
2026-08-22T20:00:00+00:00,z4,20,-0.8660254037844386,0.5000000000000001,5,1,0,300,350.0,0,0,51.0,28.2,0.0,289
2026-08-22T21:00:00+00:00,z1,21,-0.7071067811865477,0.7071067811865474,5,1,0,400,500.0,0,0,6.0,27.3,0.0,100
2026-08-22T21:00:00+00:00,z2,21,-0.7071067811865477,0.7071067811865474,5,1,0,600,450.0,1135,1,9.0,27.3,0.0,676
2026-08-22T21:00:00+00:00,z3,21,-0.7071067811865477,0.7071067811865474,5,1,0,900,1200.0,0,0,5.0,27.3,0.0,776
2026-08-22T21:00:00+00:00,z4,21,-0.7071067811865477,0.7071067811865474,5,1,0,300,350.0,0,0,50.0,27.3,0.0,237
2026-08-22T22:00:00+00:00,z1,22,-0.5000000000000004,0.8660254037844384,5,1,0,400,500.0,0,0,5.0,26.1,0.0,92
2026-08-22T22:00:00+00:00,z2,22,-0.5000000000000004,0.8660254037844384,5,1,0,600,450.0,1135,1,8.0,26.1,0.0,517
2026-08-22T22:00:00+00:00,z3,22,-0.5000000000000004,0.8660254037844384,5,1,0,900,1200.0,0,0,4.0,26.1,0.0,699
2026-08-22T22:00:00+00:00,z4,22,-0.5000000000000004,0.8660254037844384,5,1,0,300,350.0,0,0,49.0,26.1,0.0,22
2026-08-22T23:00:00+00:00,z1,23,-0.25881904510252157,0.9659258262890681,5,1,0,400,500.0,0,0,4.0,24.7,0.0,93
2026-08-22T23:00:00+00:00,z2,23,-0.25881904510252157,0.9659258262890681,5,1,0,600,450.0,0,0,7.0,24.7,0.0,82
2026-08-22T23:00:00+00:00,z3,23,-0.25881904510252157,0.9659258262890681,5,1,0,900,1200.0,0,0,3.0,24.7,0.0,118
2026-08-22T23:00:00+00:00,z4,23,-0.25881904510252157,0.9659258262890681,5,1,0,300,350.0,0,0,48.0,24.7,0.0,12
2026-08-23T00:00:00+00:00,z1,0,0.0,1.0,6,1,0,400,500.0,0,0,3.0,23.1,0.0,15
2026-08-23T00:00:00+00:00,z2,0,0.0,1.0,6,1,0,600,450.0,0,0,6.0,23.1,0.0,110
2026-08-23T00:00:00+00:00,z3,0,0.0,1.0,6,1,0,900,1200.0,0,0,2.0,23.1,0.0,133
2026-08-23T00:00:00+00:00,z4,0,0.0,1.0,6,1,0,300,350.0,0,0,47.0,23.1,0.0,21
2026-08-23T01:00:00+00:00,z1,1,0.25881904510252074,0.9659258262890683,6,1,0,400,500.0,0,0,2.0,21.5,0.0,4
2026-08-23T01:00:00+00:00,z2,1,0.25881904510252074,0.9659258262890683,6,1,0,600,450.0,0,0,5.0,21.5,0.0,11
2026-08-23T01:00:00+00:00,z3,1,0.25881904510252074,0.9659258262890683,6,1,0,900,1200.0,0,0,1.0,21.5,0.0,120
2026-08-23T01:00:00+00:00,z4,1,0.25881904510252074,0.9659258262890683,6,1,0,300,350.0,0,0,46.0,21.5,0.0,17
2026-08-23T02:00:00+00:00,z1,2,0.49999999999999994,0.8660254037844387,6,1,0,400,500.0,0,0,1.0,18.6,0.0,104
2026-08-23T02:00:00+00:00,z2,2,0.49999999999999994,0.8660254037844387,6,1,0,600,450.0,0,0,4.0,18.6,0.0,28
2026-08-23T02:00:00+00:00,z3,2,0.49999999999999994,0.8660254037844387,6,1,0,900,1200.0,1100,1,57.0,18.6,0.0,411
2026-08-23T02:00:00+00:00,z4,2,0.49999999999999994,0.8660254037844387,6,1,0,300,350.0,0,0,45.0,18.6,0.0,0
2026-08-23T03:00:00+00:00,z1,3,0.7071067811865476,0.7071067811865476,6,1,0,400,500.0,1490,1,25.0,20.4,0.0,328
2026-08-23T03:00:00+00:00,z2,3,0.7071067811865476,0.7071067811865476,6,1,0,600,450.0,0,0,3.0,20.4,0.0,7
2026-08-23T03:00:00+00:00,z3,3,0.7071067811865476,0.7071067811865476,6,1,0,900,1200.0,1100,1,56.0,20.4,0.0,403
2026-08-23T03:00:00+00:00,z4,3,0.7071067811865476,0.7071067811865476,6,1,0,300,350.0,0,0,44.0,20.4,0.0,30
2026-08-23T04:00:00+00:00,z1,4,0.8660254037844386,0.5000000000000001,6,1,0,400,500.0,1490,1,24.0,19.5,0.0,334
2026-08-23T04:00:00+00:00,z2,4,0.8660254037844386,0.5000000000000001,6,1,0,600,450.0,0,0,2.0,19.5,0.0,0
2026-08-23T04:00:00+00:00,z3,4,0.8660254037844386,0.5000000000000001,6,1,0,900,1200.0,1100,1,55.0,19.5,0.0,416
2026-08-23T04:00:00+00:00,z4,4,0.8660254037844386,0.5000000000000001,6,1,0,300,350.0,0,0,43.0,19.5,0.0,5
2026-08-23T05:00:00+00:00,z1,5,0.9659258262890683,0.25881904510252074,6,1,0,400,500.0,0,0,23.0,20.9,0.0,15
2026-08-23T05:00:00+00:00,z2,5,0.9659258262890683,0.25881904510252074,6,1,0,600,450.0,0,0,1.0,20.9,0.0,137
2026-08-23T05:00:00+00:00,z3,5,0.9659258262890683,0.25881904510252074,6,1,0,900,1200.0,0,0,54.0,20.9,0.0,53
2026-08-23T05:00:00+00:00,z4,5,0.9659258262890683,0.25881904510252074,6,1,0,300,350.0,0,0,42.0,20.9,0.0,15
2026-08-23T06:00:00+00:00,z1,6,1.0,6.123233995736766e-17,6,1,0,400,500.0,0,0,22.0,21.9,0.0,40
2026-08-23T06:00:00+00:00,z2,6,1.0,6.123233995736766e-17,6,1,0,600,450.0,1369,1,99.0,21.9,0.0,585
2026-08-23T06:00:00+00:00,z3,6,1.0,6.123233995736766e-17,6,1,0,900,1200.0,0,0,53.0,21.9,0.0,71
2026-08-23T06:00:00+00:00,z4,6,1.0,6.123233995736766e-17,6,1,0,300,350.0,0,0,41.0,21.9,0.0,35
2026-08-23T07:00:00+00:00,z1,7,0.9659258262890683,-0.25881904510252063,6,1,0,400,500.0,0,0,21.0,23.8,0.0,24
2026-08-23T07:00:00+00:00,z2,7,0.9659258262890683,-0.25881904510252063,6,1,0,600,450.0,1369,1,99.0,23.8,0.0,554
2026-08-23T07:00:00+00:00,z3,7,0.9659258262890683,-0.25881904510252063,6,1,0,900,1200.0,0,0,52.0,23.8,0.0,135
2026-08-23T07:00:00+00:00,z4,7,0.9659258262890683,-0.25881904510252063,6,1,0,300,350.0,0,0,40.0,23.8,0.0,34
2026-08-23T08:00:00+00:00,z1,8,0.8660254037844387,-0.4999999999999998,6,1,0,400,500.0,0,0,20.0,26.9,0.0,20
2026-08-23T08:00:00+00:00,z2,8,0.8660254037844387,-0.4999999999999998,6,1,0,600,450.0,1369,1,99.0,26.9,0.0,560
2026-08-23T08:00:00+00:00,z3,8,0.8660254037844387,-0.4999999999999998,6,1,0,900,1200.0,0,0,51.0,26.9,0.0,85
2026-08-23T08:00:00+00:00,z4,8,0.8660254037844387,-0.4999999999999998,6,1,0,300,350.0,0,0,39.0,26.9,0.0,21
2026-08-23T09:00:00+00:00,z1,9,0.7071067811865476,-0.7071067811865475,6,1,0,400,500.0,0,0,19.0,29.3,0.0,275
2026-08-23T09:00:00+00:00,z2,9,0.7071067811865476,-0.7071067811865475,6,1,0,600,450.0,0,0,99.0,29.3,0.0,100
2026-08-23T09:00:00+00:00,z3,9,0.7071067811865476,-0.7071067811865475,6,1,0,900,1200.0,0,0,50.0,29.3,0.0,93
2026-08-23T09:00:00+00:00,z4,9,0.7071067811865476,-0.7071067811865475,6,1,0,300,350.0,0,0,38.0,29.3,0.0,28
2026-08-23T10:00:00+00:00,z1,10,0.49999999999999994,-0.8660254037844387,6,1,0,400,500.0,0,0,18.0,28.1,0.0,275
2026-08-23T10:00:00+00:00,z2,10,0.49999999999999994,-0.8660254037844387,6,1,0,600,450.0,0,0,99.0,28.1,0.0,109
2026-08-23T10:00:00+00:00,z3,10,0.49999999999999994,-0.8660254037844387,6,1,0,900,1200.0,0,0,49.0,28.1,0.0,82
2026-08-23T10:00:00+00:00,z4,10,0.49999999999999994,-0.8660254037844387,6,1,0,300,350.0,0,0,37.0,28.1,0.0,19
2026-08-23T11:00:00+00:00,z1,11,0.258819045102521,-0.9659258262890682,6,1,0,400,500.0,0,0,17.0,33.4,0.0,294
2026-08-23T11:00:00+00:00,z2,11,0.258819045102521,-0.9659258262890682,6,1,0,600,450.0,0,0,99.0,33.4,0.0,89
2026-08-23T11:00:00+00:00,z3,11,0.258819045102521,-0.9659258262890682,6,1,0,900,1200.0,0,0,48.0,33.4,0.0,433
2026-08-23T11:00:00+00:00,z4,11,0.258819045102521,-0.9659258262890682,6,1,0,300,350.0,0,0,36.0,33.4,0.0,27
2026-08-23T12:00:00+00:00,z1,12,1.2246467991473532e-16,-1.0,6,1,0,400,500.0,0,0,16.0,34.0,0.0,300
2026-08-23T12:00:00+00:00,z2,12,1.2246467991473532e-16,-1.0,6,1,0,600,450.0,0,0,99.0,34.0,0.0,227
2026-08-23T12:00:00+00:00,z3,12,1.2246467991473532e-16,-1.0,6,1,0,900,1200.0,0,0,47.0,34.0,0.0,483
2026-08-23T12:00:00+00:00,z4,12,1.2246467991473532e-16,-1.0,6,1,0,300,350.0,0,0,35.0,34.0,0.0,234
2026-08-23T13:00:00+00:00,z1,13,-0.2588190451025208,-0.9659258262890683,6,1,0,400,500.0,0,0,15.0,34.0,0.0,288
2026-08-23T13:00:00+00:00,z2,13,-0.2588190451025208,-0.9659258262890683,6,1,0,600,450.0,0,0,99.0,34.0,0.0,250
2026-08-23T13:00:00+00:00,z3,13,-0.2588190451025208,-0.9659258262890683,6,1,0,900,1200.0,0,0,46.0,34.0,0.0,352
2026-08-23T13:00:00+00:00,z4,13,-0.2588190451025208,-0.9659258262890683,6,1,0,300,350.0,0,0,34.0,34.0,0.0,246
2026-08-23T14:00:00+00:00,z1,14,-0.4999999999999997,-0.8660254037844388,6,1,0,400,500.0,0,0,14.0,35.2,0.0,282
2026-08-23T14:00:00+00:00,z2,14,-0.4999999999999997,-0.8660254037844388,6,1,0,600,450.0,0,0,99.0,35.2,0.0,276
2026-08-23T14:00:00+00:00,z3,14,-0.4999999999999997,-0.8660254037844388,6,1,0,900,1200.0,0,0,45.0,35.2,0.0,336
2026-08-23T14:00:00+00:00,z4,14,-0.4999999999999997,-0.8660254037844388,6,1,0,300,350.0,0,0,33.0,35.2,0.0,226
2026-08-23T15:00:00+00:00,z1,15,-0.7071067811865471,-0.7071067811865479,6,1,0,400,500.0,0,0,13.0,34.5,0.0,298
2026-08-23T15:00:00+00:00,z2,15,-0.7071067811865471,-0.7071067811865479,6,1,0,600,450.0,0,0,99.0,34.5,0.0,293
2026-08-23T15:00:00+00:00,z3,15,-0.7071067811865471,-0.7071067811865479,6,1,0,900,1200.0,0,0,44.0,34.5,0.0,363
2026-08-23T15:00:00+00:00,z4,15,-0.7071067811865471,-0.7071067811865479,6,1,0,300,350.0,0,0,32.0,34.5,0.0,78
2026-08-23T16:00:00+00:00,z1,16,-0.8660254037844385,-0.5000000000000004,6,1,0,400,500.0,0,0,12.0,33.8,0.0,325
2026-08-23T16:00:00+00:00,z2,16,-0.8660254037844385,-0.5000000000000004,6,1,0,600,450.0,0,0,99.0,33.8,0.0,313
2026-08-23T16:00:00+00:00,z3,16,-0.8660254037844385,-0.5000000000000004,6,1,0,900,1200.0,0,0,43.0,33.8,0.0,711
2026-08-23T16:00:00+00:00,z4,16,-0.8660254037844385,-0.5000000000000004,6,1,0,300,350.0,0,0,31.0,33.8,0.0,95
2026-08-23T17:00:00+00:00,z1,17,-0.9659258262890683,-0.25881904510252063,6,1,0,400,500.0,0,0,11.0,34.9,0.0,277
2026-08-23T17:00:00+00:00,z2,17,-0.9659258262890683,-0.25881904510252063,6,1,0,600,450.0,0,0,99.0,34.9,0.0,274
2026-08-23T17:00:00+00:00,z3,17,-0.9659258262890683,-0.25881904510252063,6,1,0,900,1200.0,0,0,42.0,34.9,0.0,772
2026-08-23T17:00:00+00:00,z4,17,-0.9659258262890683,-0.25881904510252063,6,1,0,300,350.0,0,0,30.0,34.9,0.0,103
2026-08-23T18:00:00+00:00,z1,18,-1.0,-1.8369701987210297e-16,6,1,0,400,500.0,0,0,10.0,35.5,0.0,276
2026-08-23T18:00:00+00:00,z2,18,-1.0,-1.8369701987210297e-16,6,1,0,600,450.0,0,0,99.0,35.5,0.0,289
2026-08-23T18:00:00+00:00,z3,18,-1.0,-1.8369701987210297e-16,6,1,0,900,1200.0,0,0,41.0,35.5,0.0,775
2026-08-23T18:00:00+00:00,z4,18,-1.0,-1.8369701987210297e-16,6,1,0,300,350.0,0,0,29.0,35.5,0.0,80
2026-08-23T19:00:00+00:00,z1,19,-0.9659258262890684,0.2588190451025203,6,1,0,400,500.0,0,0,9.0,32.6,0.0,271
2026-08-23T19:00:00+00:00,z2,19,-0.9659258262890684,0.2588190451025203,6,1,0,600,450.0,0,0,99.0,32.6,0.0,293
2026-08-23T19:00:00+00:00,z3,19,-0.9659258262890684,0.2588190451025203,6,1,0,900,1200.0,0,0,40.0,32.6,0.0,811
2026-08-23T19:00:00+00:00,z4,19,-0.9659258262890684,0.2588190451025203,6,1,0,300,350.0,0,0,28.0,32.6,0.0,234
2026-08-23T20:00:00+00:00,z1,20,-0.8660254037844386,0.5000000000000001,6,1,0,400,500.0,0,0,8.0,29.7,23.2,39
2026-08-23T20:00:00+00:00,z2,20,-0.8660254037844386,0.5000000000000001,6,1,0,600,450.0,0,0,99.0,29.7,23.2,197
2026-08-23T20:00:00+00:00,z3,20,-0.8660254037844386,0.5000000000000001,6,1,0,900,1200.0,0,0,39.0,29.7,23.2,418
2026-08-23T20:00:00+00:00,z4,20,-0.8660254037844386,0.5000000000000001,6,1,0,300,350.0,0,0,27.0,29.7,23.2,192
2026-08-23T21:00:00+00:00,z1,21,-0.7071067811865477,0.7071067811865474,6,1,0,400,500.0,0,0,7.0,27.5,0.0,95
2026-08-23T21:00:00+00:00,z2,21,-0.7071067811865477,0.7071067811865474,6,1,0,600,450.0,0,0,99.0,27.5,0.0,231
2026-08-23T21:00:00+00:00,z3,21,-0.7071067811865477,0.7071067811865474,6,1,0,900,1200.0,0,0,38.0,27.5,0.0,759
2026-08-23T21:00:00+00:00,z4,21,-0.7071067811865477,0.7071067811865474,6,1,0,300,350.0,0,0,26.0,27.5,0.0,244
2026-08-23T22:00:00+00:00,z1,22,-0.5000000000000004,0.8660254037844384,6,1,0,400,500.0,0,0,6.0,24.7,0.0,101
2026-08-23T22:00:00+00:00,z2,22,-0.5000000000000004,0.8660254037844384,6,1,0,600,450.0,0,0,99.0,24.7,0.0,85
2026-08-23T22:00:00+00:00,z3,22,-0.5000000000000004,0.8660254037844384,6,1,0,900,1200.0,0,0,37.0,24.7,0.0,725
2026-08-23T22:00:00+00:00,z4,22,-0.5000000000000004,0.8660254037844384,6,1,0,300,350.0,0,0,25.0,24.7,0.0,6
2026-08-23T23:00:00+00:00,z1,23,-0.25881904510252157,0.9659258262890681,6,1,0,400,500.0,0,0,5.0,23.0,0.0,101
2026-08-23T23:00:00+00:00,z2,23,-0.25881904510252157,0.9659258262890681,6,1,0,600,450.0,0,0,99.0,23.0,0.0,93
2026-08-23T23:00:00+00:00,z3,23,-0.25881904510252157,0.9659258262890681,6,1,0,900,1200.0,0,0,36.0,23.0,0.0,49
2026-08-23T23:00:00+00:00,z4,23,-0.25881904510252157,0.9659258262890681,6,1,0,300,350.0,0,0,24.0,23.0,0.0,24
2026-08-24T00:00:00+00:00,z1,0,0.0,1.0,0,0,0,400,500.0,0,0,4.0,23.2,0.0,9
2026-08-24T00:00:00+00:00,z2,0,0.0,1.0,0,0,0,600,450.0,0,0,99.0,23.2,0.0,92
2026-08-24T00:00:00+00:00,z3,0,0.0,1.0,0,0,0,900,1200.0,0,0,35.0,23.2,0.0,103
2026-08-24T00:00:00+00:00,z4,0,0.0,1.0,0,0,0,300,350.0,0,0,23.0,23.2,0.0,23
2026-08-24T01:00:00+00:00,z1,1,0.25881904510252074,0.9659258262890683,0,0,0,400,500.0,0,0,3.0,21.0,0.0,17
2026-08-24T01:00:00+00:00,z2,1,0.25881904510252074,0.9659258262890683,0,0,0,600,450.0,0,0,99.0,21.0,0.0,17
2026-08-24T01:00:00+00:00,z3,1,0.25881904510252074,0.9659258262890683,0,0,0,900,1200.0,0,0,34.0,21.0,0.0,69
2026-08-24T01:00:00+00:00,z4,1,0.25881904510252074,0.9659258262890683,0,0,0,300,350.0,0,0,22.0,21.0,0.0,19
2026-08-24T02:00:00+00:00,z1,2,0.49999999999999994,0.8660254037844387,0,0,0,400,500.0,0,0,2.0,19.2,20.7,1
2026-08-24T02:00:00+00:00,z2,2,0.49999999999999994,0.8660254037844387,0,0,0,600,450.0,0,0,99.0,19.2,20.7,4
2026-08-24T02:00:00+00:00,z3,2,0.49999999999999994,0.8660254037844387,0,0,0,900,1200.0,0,0,33.0,19.2,20.7,0
2026-08-24T02:00:00+00:00,z4,2,0.49999999999999994,0.8660254037844387,0,0,0,300,350.0,0,0,21.0,19.2,20.7,10
2026-08-24T03:00:00+00:00,z1,3,0.7071067811865476,0.7071067811865476,0,0,0,400,500.0,0,0,1.0,19.0,0.0,115
2026-08-24T03:00:00+00:00,z2,3,0.7071067811865476,0.7071067811865476,0,0,0,600,450.0,0,0,99.0,19.0,0.0,37
2026-08-24T03:00:00+00:00,z3,3,0.7071067811865476,0.7071067811865476,0,0,0,900,1200.0,0,0,32.0,19.0,0.0,44
2026-08-24T03:00:00+00:00,z4,3,0.7071067811865476,0.7071067811865476,0,0,0,300,350.0,0,0,20.0,19.0,0.0,27
2026-08-24T04:00:00+00:00,z1,4,0.8660254037844386,0.5000000000000001,0,0,0,400,500.0,1375,1,4.0,21.6,19.7,176
2026-08-24T04:00:00+00:00,z2,4,0.8660254037844386,0.5000000000000001,0,0,0,600,450.0,0,0,99.0,21.6,19.7,42
2026-08-24T04:00:00+00:00,z3,4,0.8660254037844386,0.5000000000000001,0,0,0,900,1200.0,0,0,31.0,21.6,19.7,2
2026-08-24T04:00:00+00:00,z4,4,0.8660254037844386,0.5000000000000001,0,0,0,300,350.0,0,0,19.0,21.6,19.7,15
2026-08-24T05:00:00+00:00,z1,5,0.9659258262890683,0.25881904510252074,0,0,0,400,500.0,1375,1,3.0,22.7,0.0,313
2026-08-24T05:00:00+00:00,z2,5,0.9659258262890683,0.25881904510252074,0,0,0,600,450.0,0,0,99.0,22.7,0.0,24
2026-08-24T05:00:00+00:00,z3,5,0.9659258262890683,0.25881904510252074,0,0,0,900,1200.0,0,0,30.0,22.7,0.0,0
2026-08-24T05:00:00+00:00,z4,5,0.9659258262890683,0.25881904510252074,0,0,0,300,350.0,0,0,18.0,22.7,0.0,6
2026-08-24T06:00:00+00:00,z1,6,1.0,6.123233995736766e-17,0,0,0,400,500.0,0,0,2.0,21.6,0.0,25
2026-08-24T06:00:00+00:00,z2,6,1.0,6.123233995736766e-17,0,0,0,600,450.0,0,0,99.0,21.6,0.0,81
2026-08-24T06:00:00+00:00,z3,6,1.0,6.123233995736766e-17,0,0,0,900,1200.0,0,0,29.0,21.6,0.0,44
2026-08-24T06:00:00+00:00,z4,6,1.0,6.123233995736766e-17,0,0,0,300,350.0,0,0,17.0,21.6,0.0,23
2026-08-24T07:00:00+00:00,z1,7,0.9659258262890683,-0.25881904510252063,0,0,0,400,500.0,0,0,1.0,24.6,0.0,119
2026-08-24T07:00:00+00:00,z2,7,0.9659258262890683,-0.25881904510252063,0,0,0,600,450.0,0,0,99.0,24.6,0.0,81
2026-08-24T07:00:00+00:00,z3,7,0.9659258262890683,-0.25881904510252063,0,0,0,900,1200.0,0,0,28.0,24.6,0.0,73
2026-08-24T07:00:00+00:00,z4,7,0.9659258262890683,-0.25881904510252063,0,0,0,300,350.0,0,0,16.0,24.6,0.0,39
2026-08-24T08:00:00+00:00,z1,8,0.8660254037844387,-0.4999999999999998,0,0,0,400,500.0,510,1,8.0,25.2,0.0,212
2026-08-24T08:00:00+00:00,z2,8,0.8660254037844387,-0.4999999999999998,0,0,0,600,450.0,0,0,99.0,25.2,0.0,441
2026-08-24T08:00:00+00:00,z3,8,0.8660254037844387,-0.4999999999999998,0,0,0,900,1200.0,0,0,27.0,25.2,0.0,84
2026-08-24T08:00:00+00:00,z4,8,0.8660254037844387,-0.4999999999999998,0,0,0,300,350.0,0,0,15.0,25.2,0.0,16
2026-08-24T09:00:00+00:00,z1,9,0.7071067811865476,-0.7071067811865475,0,0,0,400,500.0,510,1,7.0,29.5,0.0,350
2026-08-24T09:00:00+00:00,z2,9,0.7071067811865476,-0.7071067811865475,0,0,0,600,450.0,0,0,99.0,29.5,0.0,498
2026-08-24T09:00:00+00:00,z3,9,0.7071067811865476,-0.7071067811865475,0,0,0,900,1200.0,0,0,26.0,29.5,0.0,59
2026-08-24T09:00:00+00:00,z4,9,0.7071067811865476,-0.7071067811865475,0,0,0,300,350.0,0,0,14.0,29.5,0.0,0
2026-08-24T10:00:00+00:00,z1,10,0.49999999999999994,-0.8660254037844387,0,0,0,400,500.0,0,0,6.0,28.4,0.0,205
2026-08-24T10:00:00+00:00,z2,10,0.49999999999999994,-0.8660254037844387,0,0,0,600,450.0,0,0,99.0,28.4,0.0,384
2026-08-24T10:00:00+00:00,z3,10,0.49999999999999994,-0.8660254037844387,0,0,0,900,1200.0,0,0,25.0,28.4,0.0,71
2026-08-24T10:00:00+00:00,z4,10,0.49999999999999994,-0.8660254037844387,0,0,0,300,350.0,0,0,13.0,28.4,0.0,22
2026-08-24T11:00:00+00:00,z1,11,0.258819045102521,-0.9659258262890682,0,0,0,400,500.0,0,0,5.0,33.1,0.0,249
2026-08-24T11:00:00+00:00,z2,11,0.258819045102521,-0.9659258262890682,0,0,0,600,450.0,0,0,99.0,33.1,0.0,196
2026-08-24T11:00:00+00:00,z3,11,0.258819045102521,-0.9659258262890682,0,0,0,900,1200.0,0,0,24.0,33.1,0.0,46
2026-08-24T11:00:00+00:00,z4,11,0.258819045102521,-0.9659258262890682,0,0,0,300,350.0,0,0,12.0,33.1,0.0,0
2026-08-24T12:00:00+00:00,z1,12,1.2246467991473532e-16,-1.0,0,0,0,400,500.0,0,0,4.0,34.7,0.0,227
2026-08-24T12:00:00+00:00,z2,12,1.2246467991473532e-16,-1.0,0,0,0,600,450.0,0,0,99.0,34.7,0.0,181
2026-08-24T12:00:00+00:00,z3,12,1.2246467991473532e-16,-1.0,0,0,0,900,1200.0,0,0,23.0,34.7,0.0,184
2026-08-24T12:00:00+00:00,z4,12,1.2246467991473532e-16,-1.0,0,0,0,300,350.0,0,0,11.0,34.7,0.0,224
2026-08-24T13:00:00+00:00,z1,13,-0.2588190451025208,-0.9659258262890683,0,0,0,400,500.0,0,0,3.0,36.9,0.0,245
2026-08-24T13:00:00+00:00,z2,13,-0.2588190451025208,-0.9659258262890683,0,0,0,600,450.0,0,0,99.0,36.9,0.0,186
2026-08-24T13:00:00+00:00,z3,13,-0.2588190451025208,-0.9659258262890683,0,0,0,900,1200.0,0,0,22.0,36.9,0.0,180
2026-08-24T13:00:00+00:00,z4,13,-0.2588190451025208,-0.9659258262890683,0,0,0,300,350.0,0,0,10.0,36.9,0.0,255
2026-08-24T14:00:00+00:00,z1,14,-0.4999999999999997,-0.8660254037844388,0,0,0,400,500.0,0,0,2.0,36.5,0.0,274
2026-08-24T14:00:00+00:00,z2,14,-0.4999999999999997,-0.8660254037844388,0,0,0,600,450.0,0,0,99.0,36.5,0.0,198
2026-08-24T14:00:00+00:00,z3,14,-0.4999999999999997,-0.8660254037844388,0,0,0,900,1200.0,0,0,21.0,36.5,0.0,257
2026-08-24T14:00:00+00:00,z4,14,-0.4999999999999997,-0.8660254037844388,0,0,0,300,350.0,0,0,9.0,36.5,0.0,225
2026-08-24T15:00:00+00:00,z1,15,-0.7071067811865471,-0.7071067811865479,0,0,0,400,500.0,0,0,1.0,34.7,0.0,353
2026-08-24T15:00:00+00:00,z2,15,-0.7071067811865471,-0.7071067811865479,0,0,0,600,450.0,0,0,99.0,34.7,0.0,238
2026-08-24T15:00:00+00:00,z3,15,-0.7071067811865471,-0.7071067811865479,0,0,0,900,1200.0,0,0,20.0,34.7,0.0,222
2026-08-24T15:00:00+00:00,z4,15,-0.7071067811865471,-0.7071067811865479,0,0,0,300,350.0,0,0,8.0,34.7,0.0,56
2026-08-24T16:00:00+00:00,z1,16,-0.8660254037844385,-0.5000000000000004,0,0,0,400,500.0,1424,1,19.0,37.5,0.0,566
2026-08-24T16:00:00+00:00,z2,16,-0.8660254037844385,-0.5000000000000004,0,0,0,600,450.0,0,0,99.0,37.5,0.0,234
2026-08-24T16:00:00+00:00,z3,16,-0.8660254037844385,-0.5000000000000004,0,0,0,900,1200.0,0,0,19.0,37.5,0.0,189
2026-08-24T16:00:00+00:00,z4,16,-0.8660254037844385,-0.5000000000000004,0,0,0,300,350.0,0,0,7.0,37.5,0.0,67
2026-08-24T17:00:00+00:00,z1,17,-0.9659258262890683,-0.25881904510252063,0,0,0,400,500.0,1424,1,18.0,33.7,0.0,559
2026-08-24T17:00:00+00:00,z2,17,-0.9659258262890683,-0.25881904510252063,0,0,0,600,450.0,0,0,99.0,33.7,0.0,483
2026-08-24T17:00:00+00:00,z3,17,-0.9659258262890683,-0.25881904510252063,0,0,0,900,1200.0,0,0,18.0,33.7,0.0,454
2026-08-24T17:00:00+00:00,z4,17,-0.9659258262890683,-0.25881904510252063,0,0,0,300,350.0,0,0,6.0,33.7,0.0,65
2026-08-24T18:00:00+00:00,z1,18,-1.0,-1.8369701987210297e-16,0,0,0,400,500.0,1424,1,17.0,35.3,0.0,528
2026-08-24T18:00:00+00:00,z2,18,-1.0,-1.8369701987210297e-16,0,0,0,600,450.0,0,0,99.0,35.3,0.0,539
2026-08-24T18:00:00+00:00,z3,18,-1.0,-1.8369701987210297e-16,0,0,0,900,1200.0,0,0,17.0,35.3,0.0,515
2026-08-24T18:00:00+00:00,z4,18,-1.0,-1.8369701987210297e-16,0,0,0,300,350.0,0,0,5.0,35.3,0.0,78
2026-08-24T19:00:00+00:00,z1,19,-0.9659258262890684,0.2588190451025203,0,0,0,400,500.0,1424,1,16.0,32.5,0.0,512
2026-08-24T19:00:00+00:00,z2,19,-0.9659258262890684,0.2588190451025203,0,0,0,600,450.0,0,0,99.0,32.5,0.0,515
2026-08-24T19:00:00+00:00,z3,19,-0.9659258262890684,0.2588190451025203,0,0,0,900,1200.0,0,0,16.0,32.5,0.0,546
2026-08-24T19:00:00+00:00,z4,19,-0.9659258262890684,0.2588190451025203,0,0,0,300,350.0,0,0,4.0,32.5,0.0,236
2026-08-24T20:00:00+00:00,z1,20,-0.8660254037844386,0.5000000000000001,0,0,0,400,500.0,1424,1,15.0,28.7,0.0,433
2026-08-24T20:00:00+00:00,z2,20,-0.8660254037844386,0.5000000000000001,0,0,0,600,450.0,0,0,99.0,28.7,0.0,450
2026-08-24T20:00:00+00:00,z3,20,-0.8660254037844386,0.5000000000000001,0,0,0,900,1200.0,0,0,15.0,28.7,0.0,576
2026-08-24T20:00:00+00:00,z4,20,-0.8660254037844386,0.5000000000000001,0,0,0,300,350.0,0,0,3.0,28.7,0.0,285
2026-08-24T21:00:00+00:00,z1,21,-0.7071067811865477,0.7071067811865474,0,0,0,400,500.0,0,0,14.0,27.5,0.0,103
2026-08-24T21:00:00+00:00,z2,21,-0.7071067811865477,0.7071067811865474,0,0,0,600,450.0,0,0,99.0,27.5,0.0,80
2026-08-24T21:00:00+00:00,z3,21,-0.7071067811865477,0.7071067811865474,0,0,0,900,1200.0,0,0,14.0,27.5,0.0,508
2026-08-24T21:00:00+00:00,z4,21,-0.7071067811865477,0.7071067811865474,0,0,0,300,350.0,0,0,2.0,27.5,0.0,235
2026-08-24T22:00:00+00:00,z1,22,-0.5000000000000004,0.8660254037844384,0,0,0,400,500.0,0,0,13.0,25.3,0.0,94
2026-08-24T22:00:00+00:00,z2,22,-0.5000000000000004,0.8660254037844384,0,0,0,600,450.0,0,0,99.0,25.3,0.0,63
2026-08-24T22:00:00+00:00,z3,22,-0.5000000000000004,0.8660254037844384,0,0,0,900,1200.0,0,0,13.0,25.3,0.0,97
2026-08-24T22:00:00+00:00,z4,22,-0.5000000000000004,0.8660254037844384,0,0,0,300,350.0,0,0,1.0,25.3,0.0,112
2026-08-24T23:00:00+00:00,z1,23,-0.25881904510252157,0.9659258262890681,0,0,0,400,500.0,0,0,12.0,23.9,0.0,102
2026-08-24T23:00:00+00:00,z2,23,-0.25881904510252157,0.9659258262890681,0,0,0,600,450.0,0,0,99.0,23.9,0.0,71
2026-08-24T23:00:00+00:00,z3,23,-0.25881904510252157,0.9659258262890681,0,0,0,900,1200.0,0,0,12.0,23.9,0.0,84
2026-08-24T23:00:00+00:00,z4,23,-0.25881904510252157,0.9659258262890681,0,0,0,300,350.0,1326,1,78.0,23.9,0.0,248
2026-08-25T00:00:00+00:00,z1,0,0.0,1.0,1,0,0,400,500.0,0,0,11.0,20.7,19.3,9
2026-08-25T00:00:00+00:00,z2,0,0.0,1.0,1,0,0,600,450.0,0,0,99.0,20.7,19.3,83
2026-08-25T00:00:00+00:00,z3,0,0.0,1.0,1,0,0,900,1200.0,0,0,11.0,20.7,19.3,61
2026-08-25T00:00:00+00:00,z4,0,0.0,1.0,1,0,0,300,350.0,1326,1,77.0,20.7,19.3,191
2026-08-25T01:00:00+00:00,z1,1,0.25881904510252074,0.9659258262890683,1,0,0,400,500.0,0,0,10.0,19.1,0.0,0
2026-08-25T01:00:00+00:00,z2,1,0.25881904510252074,0.9659258262890683,1,0,0,600,450.0,0,0,99.0,19.1,0.0,68
2026-08-25T01:00:00+00:00,z3,1,0.25881904510252074,0.9659258262890683,1,0,0,900,1200.0,0,0,10.0,19.1,0.0,79
2026-08-25T01:00:00+00:00,z4,1,0.25881904510252074,0.9659258262890683,1,0,0,300,350.0,1326,1,76.0,19.1,0.0,253
2026-08-25T02:00:00+00:00,z1,2,0.49999999999999994,0.8660254037844387,1,0,0,400,500.0,0,0,9.0,20.7,0.0,8
2026-08-25T02:00:00+00:00,z2,2,0.49999999999999994,0.8660254037844387,1,0,0,600,450.0,0,0,99.0,20.7,0.0,27
2026-08-25T02:00:00+00:00,z3,2,0.49999999999999994,0.8660254037844387,1,0,0,900,1200.0,0,0,9.0,20.7,0.0,16
2026-08-25T02:00:00+00:00,z4,2,0.49999999999999994,0.8660254037844387,1,0,0,300,350.0,1326,1,75.0,20.7,0.0,260
2026-08-25T03:00:00+00:00,z1,3,0.7071067811865476,0.7071067811865476,1,0,0,400,500.0,0,0,8.0,19.7,0.0,22
2026-08-25T03:00:00+00:00,z2,3,0.7071067811865476,0.7071067811865476,1,0,0,600,450.0,0,0,99.0,19.7,0.0,16
2026-08-25T03:00:00+00:00,z3,3,0.7071067811865476,0.7071067811865476,1,0,0,900,1200.0,0,0,8.0,19.7,0.0,27
2026-08-25T03:00:00+00:00,z4,3,0.7071067811865476,0.7071067811865476,1,0,0,300,350.0,0,0,74.0,19.7,0.0,25
2026-08-25T04:00:00+00:00,z1,4,0.8660254037844386,0.5000000000000001,1,0,0,400,500.0,0,0,7.0,20.9,0.0,28
2026-08-25T04:00:00+00:00,z2,4,0.8660254037844386,0.5000000000000001,1,0,0,600,450.0,0,0,99.0,20.9,0.0,46
2026-08-25T04:00:00+00:00,z3,4,0.8660254037844386,0.5000000000000001,1,0,0,900,1200.0,0,0,7.0,20.9,0.0,47
2026-08-25T04:00:00+00:00,z4,4,0.8660254037844386,0.5000000000000001,1,0,0,300,350.0,0,0,73.0,20.9,0.0,5
2026-08-25T05:00:00+00:00,z1,5,0.9659258262890683,0.25881904510252074,1,0,0,400,500.0,0,0,6.0,20.9,0.0,0
2026-08-25T05:00:00+00:00,z2,5,0.9659258262890683,0.25881904510252074,1,0,0,600,450.0,0,0,99.0,20.9,0.0,33
2026-08-25T05:00:00+00:00,z3,5,0.9659258262890683,0.25881904510252074,1,0,0,900,1200.0,0,0,6.0,20.9,0.0,22
2026-08-25T05:00:00+00:00,z4,5,0.9659258262890683,0.25881904510252074,1,0,0,300,350.0,0,0,72.0,20.9,0.0,13
2026-08-25T06:00:00+00:00,z1,6,1.0,6.123233995736766e-17,1,0,0,400,500.0,0,0,5.0,23.8,0.0,21
2026-08-25T06:00:00+00:00,z2,6,1.0,6.123233995736766e-17,1,0,0,600,450.0,0,0,99.0,23.8,0.0,66
2026-08-25T06:00:00+00:00,z3,6,1.0,6.123233995736766e-17,1,0,0,900,1200.0,0,0,5.0,23.8,0.0,87
2026-08-25T06:00:00+00:00,z4,6,1.0,6.123233995736766e-17,1,0,0,300,350.0,0,0,71.0,23.8,0.0,21
2026-08-25T07:00:00+00:00,z1,7,0.9659258262890683,-0.25881904510252063,1,0,0,400,500.0,0,0,4.0,24.8,0.0,28
2026-08-25T07:00:00+00:00,z2,7,0.9659258262890683,-0.25881904510252063,1,0,0,600,450.0,0,0,99.0,24.8,0.0,107
2026-08-25T07:00:00+00:00,z3,7,0.9659258262890683,-0.25881904510252063,1,0,0,900,1200.0,0,0,4.0,24.8,0.0,88
2026-08-25T07:00:00+00:00,z4,7,0.9659258262890683,-0.25881904510252063,1,0,0,300,350.0,0,0,70.0,24.8,0.0,11
2026-08-25T08:00:00+00:00,z1,8,0.8660254037844387,-0.4999999999999998,1,0,0,400,500.0,0,0,3.0,25.4,0.0,19
2026-08-25T08:00:00+00:00,z2,8,0.8660254037844387,-0.4999999999999998,1,0,0,600,450.0,0,0,99.0,25.4,0.0,422
2026-08-25T08:00:00+00:00,z3,8,0.8660254037844387,-0.4999999999999998,1,0,0,900,1200.0,0,0,3.0,25.4,0.0,75
2026-08-25T08:00:00+00:00,z4,8,0.8660254037844387,-0.4999999999999998,1,0,0,300,350.0,0,0,69.0,25.4,0.0,24
2026-08-25T09:00:00+00:00,z1,9,0.7071067811865476,-0.7071067811865475,1,0,0,400,500.0,0,0,2.0,28.6,0.0,208
2026-08-25T09:00:00+00:00,z2,9,0.7071067811865476,-0.7071067811865475,1,0,0,600,450.0,0,0,99.0,28.6,0.0,547
2026-08-25T09:00:00+00:00,z3,9,0.7071067811865476,-0.7071067811865475,1,0,0,900,1200.0,0,0,2.0,28.6,0.0,132
2026-08-25T09:00:00+00:00,z4,9,0.7071067811865476,-0.7071067811865475,1,0,0,300,350.0,0,0,68.0,28.6,0.0,16
2026-08-25T10:00:00+00:00,z1,10,0.49999999999999994,-0.8660254037844387,1,0,0,400,500.0,0,0,1.0,29.7,0.0,273
2026-08-25T10:00:00+00:00,z2,10,0.49999999999999994,-0.8660254037844387,1,0,0,600,450.0,0,0,99.0,29.7,0.0,442
2026-08-25T10:00:00+00:00,z3,10,0.49999999999999994,-0.8660254037844387,1,0,0,900,1200.0,0,0,1.0,29.7,0.0,157
2026-08-25T10:00:00+00:00,z4,10,0.49999999999999994,-0.8660254037844387,1,0,0,300,350.0,0,0,67.0,29.7,0.0,8
2026-08-25T11:00:00+00:00,z1,11,0.258819045102521,-0.9659258262890682,1,0,0,400,500.0,616,1,40.0,33.9,0.0,446
2026-08-25T11:00:00+00:00,z2,11,0.258819045102521,-0.9659258262890682,1,0,0,600,450.0,0,0,99.0,33.9,0.0,221
2026-08-25T11:00:00+00:00,z3,11,0.258819045102521,-0.9659258262890682,1,0,0,900,1200.0,1050,1,99.0,33.9,0.0,456
2026-08-25T11:00:00+00:00,z4,11,0.258819045102521,-0.9659258262890682,1,0,0,300,350.0,0,0,66.0,33.9,0.0,1
2026-08-25T12:00:00+00:00,z1,12,1.2246467991473532e-16,-1.0,1,0,0,400,500.0,616,1,39.0,31.7,0.0,451
2026-08-25T12:00:00+00:00,z2,12,1.2246467991473532e-16,-1.0,1,0,0,600,450.0,0,0,99.0,31.7,0.0,189
2026-08-25T12:00:00+00:00,z3,12,1.2246467991473532e-16,-1.0,1,0,0,900,1200.0,1050,1,99.0,31.7,0.0,637
2026-08-25T12:00:00+00:00,z4,12,1.2246467991473532e-16,-1.0,1,0,0,300,350.0,0,0,65.0,31.7,0.0,231
2026-08-25T13:00:00+00:00,z1,13,-0.2588190451025208,-0.9659258262890683,1,0,0,400,500.0,616,1,38.0,34.2,0.0,463
2026-08-25T13:00:00+00:00,z2,13,-0.2588190451025208,-0.9659258262890683,1,0,0,600,450.0,0,0,99.0,34.2,0.0,199
2026-08-25T13:00:00+00:00,z3,13,-0.2588190451025208,-0.9659258262890683,1,0,0,900,1200.0,1050,1,99.0,34.2,0.0,570
2026-08-25T13:00:00+00:00,z4,13,-0.2588190451025208,-0.9659258262890683,1,0,0,300,350.0,0,0,64.0,34.2,0.0,257
2026-08-25T14:00:00+00:00,z1,14,-0.4999999999999997,-0.8660254037844388,1,0,0,400,500.0,616,1,37.0,36.2,11.8,279
2026-08-25T14:00:00+00:00,z2,14,-0.4999999999999997,-0.8660254037844388,1,0,0,600,450.0,0,0,99.0,36.2,11.8,140
2026-08-25T14:00:00+00:00,z3,14,-0.4999999999999997,-0.8660254037844388,1,0,0,900,1200.0,1050,1,99.0,36.2,11.8,341
2026-08-25T14:00:00+00:00,z4,14,-0.4999999999999997,-0.8660254037844388,1,0,0,300,350.0,0,0,63.0,36.2,11.8,157
2026-08-25T15:00:00+00:00,z1,15,-0.7071067811865471,-0.7071067811865479,1,0,0,400,500.0,616,1,36.0,37.9,0.0,453
2026-08-25T15:00:00+00:00,z2,15,-0.7071067811865471,-0.7071067811865479,1,0,0,600,450.0,0,0,99.0,37.9,0.0,252
2026-08-25T15:00:00+00:00,z3,15,-0.7071067811865471,-0.7071067811865479,1,0,0,900,1200.0,0,0,99.0,37.9,0.0,261
2026-08-25T15:00:00+00:00,z4,15,-0.7071067811865471,-0.7071067811865479,1,0,0,300,350.0,0,0,62.0,37.9,0.0,71
2026-08-25T16:00:00+00:00,z1,16,-0.8660254037844385,-0.5000000000000004,1,0,0,400,500.0,0,0,35.0,34.5,0.0,260
2026-08-25T16:00:00+00:00,z2,16,-0.8660254037844385,-0.5000000000000004,1,0,0,600,450.0,0,0,99.0,34.5,0.0,203
2026-08-25T16:00:00+00:00,z3,16,-0.8660254037844385,-0.5000000000000004,1,0,0,900,1200.0,0,0,99.0,34.5,0.0,220
2026-08-25T16:00:00+00:00,z4,16,-0.8660254037844385,-0.5000000000000004,1,0,0,300,350.0,0,0,61.0,34.5,0.0,100
2026-08-25T17:00:00+00:00,z1,17,-0.9659258262890683,-0.25881904510252063,1,0,0,400,500.0,0,0,34.0,34.9,0.0,232
2026-08-25T17:00:00+00:00,z2,17,-0.9659258262890683,-0.25881904510252063,1,0,0,600,450.0,0,0,99.0,34.9,0.0,463
2026-08-25T17:00:00+00:00,z3,17,-0.9659258262890683,-0.25881904510252063,1,0,0,900,1200.0,0,0,99.0,34.9,0.0,495
2026-08-25T17:00:00+00:00,z4,17,-0.9659258262890683,-0.25881904510252063,1,0,0,300,350.0,0,0,60.0,34.9,0.0,62
2026-08-25T18:00:00+00:00,z1,18,-1.0,-1.8369701987210297e-16,1,0,0,400,500.0,0,0,33.0,32.9,0.0,194
2026-08-25T18:00:00+00:00,z2,18,-1.0,-1.8369701987210297e-16,1,0,0,600,450.0,0,0,99.0,32.9,0.0,518
2026-08-25T18:00:00+00:00,z3,18,-1.0,-1.8369701987210297e-16,1,0,0,900,1200.0,0,0,99.0,32.9,0.0,587
2026-08-25T18:00:00+00:00,z4,18,-1.0,-1.8369701987210297e-16,1,0,0,300,350.0,0,0,59.0,32.9,0.0,80
2026-08-25T19:00:00+00:00,z1,19,-0.9659258262890684,0.2588190451025203,1,0,0,400,500.0,0,0,32.0,33.5,0.0,211
2026-08-25T19:00:00+00:00,z2,19,-0.9659258262890684,0.2588190451025203,1,0,0,600,450.0,0,0,99.0,33.5,0.0,510
2026-08-25T19:00:00+00:00,z3,19,-0.9659258262890684,0.2588190451025203,1,0,0,900,1200.0,0,0,99.0,33.5,0.0,629
2026-08-25T19:00:00+00:00,z4,19,-0.9659258262890684,0.2588190451025203,1,0,0,300,350.0,0,0,58.0,33.5,0.0,231
2026-08-25T20:00:00+00:00,z1,20,-0.8660254037844386,0.5000000000000001,1,0,0,400,500.0,0,0,31.0,29.9,17.2,58
2026-08-25T20:00:00+00:00,z2,20,-0.8660254037844386,0.5000000000000001,1,0,0,600,450.0,0,0,99.0,29.9,17.2,337
2026-08-25T20:00:00+00:00,z3,20,-0.8660254037844386,0.5000000000000001,1,0,0,900,1200.0,0,0,99.0,29.9,17.2,303
2026-08-25T20:00:00+00:00,z4,20,-0.8660254037844386,0.5000000000000001,1,0,0,300,350.0,0,0,57.0,29.9,17.2,215
2026-08-25T21:00:00+00:00,z1,21,-0.7071067811865477,0.7071067811865474,1,0,0,400,500.0,0,0,30.0,27.0,0.0,92
2026-08-25T21:00:00+00:00,z2,21,-0.7071067811865477,0.7071067811865474,1,0,0,600,450.0,0,0,99.0,27.0,0.0,66
2026-08-25T21:00:00+00:00,z3,21,-0.7071067811865477,0.7071067811865474,1,0,0,900,1200.0,0,0,99.0,27.0,0.0,496
2026-08-25T21:00:00+00:00,z4,21,-0.7071067811865477,0.7071067811865474,1,0,0,300,350.0,0,0,56.0,27.0,0.0,236
2026-08-25T22:00:00+00:00,z1,22,-0.5000000000000004,0.8660254037844384,1,0,0,400,500.0,0,0,29.0,26.9,0.0,141
2026-08-25T22:00:00+00:00,z2,22,-0.5000000000000004,0.8660254037844384,1,0,0,600,450.0,0,0,99.0,26.9,0.0,102
2026-08-25T22:00:00+00:00,z3,22,-0.5000000000000004,0.8660254037844384,1,0,0,900,1200.0,0,0,99.0,26.9,0.0,61
2026-08-25T22:00:00+00:00,z4,22,-0.5000000000000004,0.8660254037844384,1,0,0,300,350.0,0,0,55.0,26.9,0.0,5
2026-08-25T23:00:00+00:00,z1,23,-0.25881904510252157,0.9659258262890681,1,0,0,400,500.0,0,0,28.0,22.4,0.0,77
2026-08-25T23:00:00+00:00,z2,23,-0.25881904510252157,0.9659258262890681,1,0,0,600,450.0,0,0,99.0,22.4,0.0,72
2026-08-25T23:00:00+00:00,z3,23,-0.25881904510252157,0.9659258262890681,1,0,0,900,1200.0,0,0,99.0,22.4,0.0,75
2026-08-25T23:00:00+00:00,z4,23,-0.25881904510252157,0.9659258262890681,1,0,0,300,350.0,0,0,54.0,22.4,0.0,28
2026-08-26T00:00:00+00:00,z1,0,0.0,1.0,2,0,0,400,500.0,0,0,27.0,23.2,0.0,33
2026-08-26T00:00:00+00:00,z2,0,0.0,1.0,2,0,0,600,450.0,0,0,99.0,23.2,0.0,94
2026-08-26T00:00:00+00:00,z3,0,0.0,1.0,2,0,0,900,1200.0,0,0,99.0,23.2,0.0,63
2026-08-26T00:00:00+00:00,z4,0,0.0,1.0,2,0,0,300,350.0,0,0,53.0,23.2,0.0,17
2026-08-26T01:00:00+00:00,z1,1,0.25881904510252074,0.9659258262890683,2,0,0,400,500.0,0,0,26.0,22.8,0.0,11
2026-08-26T01:00:00+00:00,z2,1,0.25881904510252074,0.9659258262890683,2,0,0,600,450.0,0,0,99.0,22.8,0.0,47
2026-08-26T01:00:00+00:00,z3,1,0.25881904510252074,0.9659258262890683,2,0,0,900,1200.0,0,0,99.0,22.8,0.0,20
2026-08-26T01:00:00+00:00,z4,1,0.25881904510252074,0.9659258262890683,2,0,0,300,350.0,0,0,52.0,22.8,0.0,10
2026-08-26T02:00:00+00:00,z1,2,0.49999999999999994,0.8660254037844387,2,0,0,400,500.0,0,0,25.0,21.9,0.0,0
2026-08-26T02:00:00+00:00,z2,2,0.49999999999999994,0.8660254037844387,2,0,0,600,450.0,0,0,99.0,21.9,0.0,18
2026-08-26T02:00:00+00:00,z3,2,0.49999999999999994,0.8660254037844387,2,0,0,900,1200.0,0,0,99.0,21.9,0.0,60
2026-08-26T02:00:00+00:00,z4,2,0.49999999999999994,0.8660254037844387,2,0,0,300,350.0,0,0,51.0,21.9,0.0,0
2026-08-26T03:00:00+00:00,z1,3,0.7071067811865476,0.7071067811865476,2,0,0,400,500.0,0,0,24.0,20.8,0.0,10
2026-08-26T03:00:00+00:00,z2,3,0.7071067811865476,0.7071067811865476,2,0,0,600,450.0,0,0,99.0,20.8,0.0,40
2026-08-26T03:00:00+00:00,z3,3,0.7071067811865476,0.7071067811865476,2,0,0,900,1200.0,0,0,99.0,20.8,0.0,0
2026-08-26T03:00:00+00:00,z4,3,0.7071067811865476,0.7071067811865476,2,0,0,300,350.0,0,0,50.0,20.8,0.0,21
2026-08-26T04:00:00+00:00,z1,4,0.8660254037844386,0.5000000000000001,2,0,0,400,500.0,0,0,23.0,19.8,0.0,10
2026-08-26T04:00:00+00:00,z2,4,0.8660254037844386,0.5000000000000001,2,0,0,600,450.0,0,0,99.0,19.8,0.0,12
2026-08-26T04:00:00+00:00,z3,4,0.8660254037844386,0.5000000000000001,2,0,0,900,1200.0,0,0,99.0,19.8,0.0,5
2026-08-26T04:00:00+00:00,z4,4,0.8660254037844386,0.5000000000000001,2,0,0,300,350.0,0,0,49.0,19.8,0.0,14
2026-08-26T05:00:00+00:00,z1,5,0.9659258262890683,0.25881904510252074,2,0,0,400,500.0,0,0,22.0,22.5,0.0,40
2026-08-26T05:00:00+00:00,z2,5,0.9659258262890683,0.25881904510252074,2,0,0,600,450.0,0,0,99.0,22.5,0.0,28
2026-08-26T05:00:00+00:00,z3,5,0.9659258262890683,0.25881904510252074,2,0,0,900,1200.0,0,0,99.0,22.5,0.0,0
2026-08-26T05:00:00+00:00,z4,5,0.9659258262890683,0.25881904510252074,2,0,0,300,350.0,0,0,48.0,22.5,0.0,17
2026-08-26T06:00:00+00:00,z1,6,1.0,6.123233995736766e-17,2,0,0,400,500.0,0,0,21.0,23.3,0.0,16
2026-08-26T06:00:00+00:00,z2,6,1.0,6.123233995736766e-17,2,0,0,600,450.0,0,0,99.0,23.3,0.0,115
2026-08-26T06:00:00+00:00,z3,6,1.0,6.123233995736766e-17,2,0,0,900,1200.0,0,0,99.0,23.3,0.0,94
2026-08-26T06:00:00+00:00,z4,6,1.0,6.123233995736766e-17,2,0,0,300,350.0,0,0,47.0,23.3,0.0,0
2026-08-26T07:00:00+00:00,z1,7,0.9659258262890683,-0.25881904510252063,2,0,0,400,500.0,0,0,20.0,25.0,10.5,0
2026-08-26T07:00:00+00:00,z2,7,0.9659258262890683,-0.25881904510252063,2,0,0,600,450.0,0,0,99.0,25.0,10.5,84
2026-08-26T07:00:00+00:00,z3,7,0.9659258262890683,-0.25881904510252063,2,0,0,900,1200.0,0,0,99.0,25.0,10.5,44
2026-08-26T07:00:00+00:00,z4,7,0.9659258262890683,-0.25881904510252063,2,0,0,300,350.0,0,0,46.0,25.0,10.5,2
2026-08-26T08:00:00+00:00,z1,8,0.8660254037844387,-0.4999999999999998,2,0,0,400,500.0,0,0,19.0,27.3,0.0,12
2026-08-26T08:00:00+00:00,z2,8,0.8660254037844387,-0.4999999999999998,2,0,0,600,450.0,0,0,99.0,27.3,0.0,386
2026-08-26T08:00:00+00:00,z3,8,0.8660254037844387,-0.4999999999999998,2,0,0,900,1200.0,0,0,99.0,27.3,0.0,70
2026-08-26T08:00:00+00:00,z4,8,0.8660254037844387,-0.4999999999999998,2,0,0,300,350.0,0,0,45.0,27.3,0.0,35
2026-08-26T09:00:00+00:00,z1,9,0.7071067811865476,-0.7071067811865475,2,0,0,400,500.0,0,0,18.0,28.3,3.4,120
2026-08-26T09:00:00+00:00,z2,9,0.7071067811865476,-0.7071067811865475,2,0,0,600,450.0,0,0,99.0,28.3,3.4,422
2026-08-26T09:00:00+00:00,z3,9,0.7071067811865476,-0.7071067811865475,2,0,0,900,1200.0,0,0,99.0,28.3,3.4,63
2026-08-26T09:00:00+00:00,z4,9,0.7071067811865476,-0.7071067811865475,2,0,0,300,350.0,0,0,44.0,28.3,3.4,20
2026-08-26T10:00:00+00:00,z1,10,0.49999999999999994,-0.8660254037844387,2,0,0,400,500.0,0,0,17.0,30.2,0.0,242
2026-08-26T10:00:00+00:00,z2,10,0.49999999999999994,-0.8660254037844387,2,0,0,600,450.0,0,0,99.0,30.2,0.0,427
2026-08-26T10:00:00+00:00,z3,10,0.49999999999999994,-0.8660254037844387,2,0,0,900,1200.0,0,0,99.0,30.2,0.0,67
2026-08-26T10:00:00+00:00,z4,10,0.49999999999999994,-0.8660254037844387,2,0,0,300,350.0,0,0,43.0,30.2,0.0,24
2026-08-26T11:00:00+00:00,z1,11,0.258819045102521,-0.9659258262890682,2,0,0,400,500.0,0,0,16.0,33.9,0.0,253
2026-08-26T11:00:00+00:00,z2,11,0.258819045102521,-0.9659258262890682,2,0,0,600,450.0,0,0,99.0,33.9,0.0,193
2026-08-26T11:00:00+00:00,z3,11,0.258819045102521,-0.9659258262890682,2,0,0,900,1200.0,0,0,99.0,33.9,0.0,53
2026-08-26T11:00:00+00:00,z4,11,0.258819045102521,-0.9659258262890682,2,0,0,300,350.0,0,0,42.0,33.9,0.0,16
2026-08-26T12:00:00+00:00,z1,12,1.2246467991473532e-16,-1.0,2,0,0,400,500.0,0,0,15.0,34.4,0.0,259
2026-08-26T12:00:00+00:00,z2,12,1.2246467991473532e-16,-1.0,2,0,0,600,450.0,0,0,99.0,34.4,0.0,226
2026-08-26T12:00:00+00:00,z3,12,1.2246467991473532e-16,-1.0,2,0,0,900,1200.0,0,0,99.0,34.4,0.0,196
2026-08-26T12:00:00+00:00,z4,12,1.2246467991473532e-16,-1.0,2,0,0,300,350.0,0,0,41.0,34.4,0.0,242
2026-08-26T13:00:00+00:00,z1,13,-0.2588190451025208,-0.9659258262890683,2,0,0,400,500.0,0,0,14.0,33.8,0.0,249
2026-08-26T13:00:00+00:00,z2,13,-0.2588190451025208,-0.9659258262890683,2,0,0,600,450.0,0,0,99.0,33.8,0.0,208
2026-08-26T13:00:00+00:00,z3,13,-0.2588190451025208,-0.9659258262890683,2,0,0,900,1200.0,0,0,99.0,33.8,0.0,197
2026-08-26T13:00:00+00:00,z4,13,-0.2588190451025208,-0.9659258262890683,2,0,0,300,350.0,0,0,40.0,33.8,0.0,279
2026-08-26T14:00:00+00:00,z1,14,-0.4999999999999997,-0.8660254037844388,2,0,0,400,500.0,0,0,13.0,34.3,0.0,263
2026-08-26T14:00:00+00:00,z2,14,-0.4999999999999997,-0.8660254037844388,2,0,0,600,450.0,0,0,99.0,34.3,0.0,215
2026-08-26T14:00:00+00:00,z3,14,-0.4999999999999997,-0.8660254037844388,2,0,0,900,1200.0,0,0,99.0,34.3,0.0,248
2026-08-26T14:00:00+00:00,z4,14,-0.4999999999999997,-0.8660254037844388,2,0,0,300,350.0,0,0,39.0,34.3,0.0,232
2026-08-26T15:00:00+00:00,z1,15,-0.7071067811865471,-0.7071067811865479,2,0,0,400,500.0,0,0,12.0,35.8,0.0,255
2026-08-26T15:00:00+00:00,z2,15,-0.7071067811865471,-0.7071067811865479,2,0,0,600,450.0,0,0,99.0,35.8,0.0,204
2026-08-26T15:00:00+00:00,z3,15,-0.7071067811865471,-0.7071067811865479,2,0,0,900,1200.0,0,0,99.0,35.8,0.0,218
2026-08-26T15:00:00+00:00,z4,15,-0.7071067811865471,-0.7071067811865479,2,0,0,300,350.0,0,0,38.0,35.8,0.0,75
2026-08-26T16:00:00+00:00,z1,16,-0.8660254037844385,-0.5000000000000004,2,0,0,400,500.0,0,0,11.0,36.5,0.0,224
2026-08-26T16:00:00+00:00,z2,16,-0.8660254037844385,-0.5000000000000004,2,0,0,600,450.0,0,0,99.0,36.5,0.0,175
2026-08-26T16:00:00+00:00,z3,16,-0.8660254037844385,-0.5000000000000004,2,0,0,900,1200.0,0,0,99.0,36.5,0.0,318
2026-08-26T16:00:00+00:00,z4,16,-0.8660254037844385,-0.5000000000000004,2,0,0,300,350.0,0,0,37.0,36.5,0.0,78
2026-08-26T17:00:00+00:00,z1,17,-0.9659258262890683,-0.25881904510252063,2,0,0,400,500.0,0,0,10.0,36.9,0.0,236
2026-08-26T17:00:00+00:00,z2,17,-0.9659258262890683,-0.25881904510252063,2,0,0,600,450.0,0,0,99.0,36.9,0.0,480
2026-08-26T17:00:00+00:00,z3,17,-0.9659258262890683,-0.25881904510252063,2,0,0,900,1200.0,0,0,99.0,36.9,0.0,491
2026-08-26T17:00:00+00:00,z4,17,-0.9659258262890683,-0.25881904510252063,2,0,0,300,350.0,0,0,36.0,36.9,0.0,69
2026-08-26T18:00:00+00:00,z1,18,-1.0,-1.8369701987210297e-16,2,0,0,400,500.0,0,0,9.0,35.0,0.0,219
2026-08-26T18:00:00+00:00,z2,18,-1.0,-1.8369701987210297e-16,2,0,0,600,450.0,0,0,99.0,35.0,0.0,526
2026-08-26T18:00:00+00:00,z3,18,-1.0,-1.8369701987210297e-16,2,0,0,900,1200.0,0,0,99.0,35.0,0.0,553
2026-08-26T18:00:00+00:00,z4,18,-1.0,-1.8369701987210297e-16,2,0,0,300,350.0,0,0,35.0,35.0,0.0,87
2026-08-26T19:00:00+00:00,z1,19,-0.9659258262890684,0.2588190451025203,2,0,0,400,500.0,0,0,8.0,31.5,0.0,202
2026-08-26T19:00:00+00:00,z2,19,-0.9659258262890684,0.2588190451025203,2,0,0,600,450.0,0,0,99.0,31.5,0.0,541
2026-08-26T19:00:00+00:00,z3,19,-0.9659258262890684,0.2588190451025203,2,0,0,900,1200.0,0,0,99.0,31.5,0.0,613
2026-08-26T19:00:00+00:00,z4,19,-0.9659258262890684,0.2588190451025203,2,0,0,300,350.0,0,0,34.0,31.5,0.0,243
2026-08-26T20:00:00+00:00,z1,20,-0.8660254037844386,0.5000000000000001,2,0,0,400,500.0,0,0,7.0,29.4,0.0,88
2026-08-26T20:00:00+00:00,z2,20,-0.8660254037844386,0.5000000000000001,2,0,0,600,450.0,0,0,99.0,29.4,0.0,426
2026-08-26T20:00:00+00:00,z3,20,-0.8660254037844386,0.5000000000000001,2,0,0,900,1200.0,0,0,99.0,29.4,0.0,563
2026-08-26T20:00:00+00:00,z4,20,-0.8660254037844386,0.5000000000000001,2,0,0,300,350.0,0,0,33.0,29.4,0.0,268
2026-08-26T21:00:00+00:00,z1,21,-0.7071067811865477,0.7071067811865474,2,0,0,400,500.0,0,0,6.0,26.8,0.0,101
2026-08-26T21:00:00+00:00,z2,21,-0.7071067811865477,0.7071067811865474,2,0,0,600,450.0,0,0,99.0,26.8,0.0,90
2026-08-26T21:00:00+00:00,z3,21,-0.7071067811865477,0.7071067811865474,2,0,0,900,1200.0,0,0,99.0,26.8,0.0,565
2026-08-26T21:00:00+00:00,z4,21,-0.7071067811865477,0.7071067811865474,2,0,0,300,350.0,0,0,32.0,26.8,0.0,228
2026-08-26T22:00:00+00:00,z1,22,-0.5000000000000004,0.8660254037844384,2,0,0,400,500.0,0,0,5.0,27.2,0.0,76
2026-08-26T22:00:00+00:00,z2,22,-0.5000000000000004,0.8660254037844384,2,0,0,600,450.0,0,0,99.0,27.2,0.0,96
2026-08-26T22:00:00+00:00,z3,22,-0.5000000000000004,0.8660254037844384,2,0,0,900,1200.0,0,0,99.0,27.2,0.0,62
2026-08-26T22:00:00+00:00,z4,22,-0.5000000000000004,0.8660254037844384,2,0,0,300,350.0,0,0,31.0,27.2,0.0,18
2026-08-26T23:00:00+00:00,z1,23,-0.25881904510252157,0.9659258262890681,2,0,0,400,500.0,0,0,4.0,22.2,0.0,107
2026-08-26T23:00:00+00:00,z2,23,-0.25881904510252157,0.9659258262890681,2,0,0,600,450.0,0,0,99.0,22.2,0.0,113
2026-08-26T23:00:00+00:00,z3,23,-0.25881904510252157,0.9659258262890681,2,0,0,900,1200.0,0,0,99.0,22.2,0.0,31
2026-08-26T23:00:00+00:00,z4,23,-0.25881904510252157,0.9659258262890681,2,0,0,300,350.0,0,0,30.0,22.2,0.0,10
2026-08-27T00:00:00+00:00,z1,0,0.0,1.0,3,0,0,400,500.0,0,0,3.0,21.1,0.0,25
2026-08-27T00:00:00+00:00,z2,0,0.0,1.0,3,0,0,600,450.0,0,0,99.0,21.1,0.0,104
2026-08-27T00:00:00+00:00,z3,0,0.0,1.0,3,0,0,900,1200.0,0,0,99.0,21.1,0.0,131
2026-08-27T00:00:00+00:00,z4,0,0.0,1.0,3,0,0,300,350.0,0,0,29.0,21.1,0.0,24
2026-08-27T01:00:00+00:00,z1,1,0.25881904510252074,0.9659258262890683,3,0,0,400,500.0,0,0,2.0,20.6,0.0,15
2026-08-27T01:00:00+00:00,z2,1,0.25881904510252074,0.9659258262890683,3,0,0,600,450.0,0,0,99.0,20.6,0.0,11
2026-08-27T01:00:00+00:00,z3,1,0.25881904510252074,0.9659258262890683,3,0,0,900,1200.0,0,0,99.0,20.6,0.0,30
2026-08-27T01:00:00+00:00,z4,1,0.25881904510252074,0.9659258262890683,3,0,0,300,350.0,0,0,28.0,20.6,0.0,6
2026-08-27T02:00:00+00:00,z1,2,0.49999999999999994,0.8660254037844387,3,0,0,400,500.0,0,0,1.0,19.6,0.0,128
2026-08-27T02:00:00+00:00,z2,2,0.49999999999999994,0.8660254037844387,3,0,0,600,450.0,0,0,99.0,19.6,0.0,30
2026-08-27T02:00:00+00:00,z3,2,0.49999999999999994,0.8660254037844387,3,0,0,900,1200.0,0,0,99.0,19.6,0.0,0
2026-08-27T02:00:00+00:00,z4,2,0.49999999999999994,0.8660254037844387,3,0,0,300,350.0,0,0,27.0,19.6,0.0,7
2026-08-27T03:00:00+00:00,z1,3,0.7071067811865476,0.7071067811865476,3,0,0,400,500.0,765,1,6.0,19.1,0.0,289
2026-08-27T03:00:00+00:00,z2,3,0.7071067811865476,0.7071067811865476,3,0,0,600,450.0,0,0,99.0,19.1,0.0,34
2026-08-27T03:00:00+00:00,z3,3,0.7071067811865476,0.7071067811865476,3,0,0,900,1200.0,0,0,99.0,19.1,0.0,44
2026-08-27T03:00:00+00:00,z4,3,0.7071067811865476,0.7071067811865476,3,0,0,300,350.0,0,0,26.0,19.1,0.0,11
2026-08-27T04:00:00+00:00,z1,4,0.8660254037844386,0.5000000000000001,3,0,0,400,500.0,765,1,5.0,21.3,0.0,305
2026-08-27T04:00:00+00:00,z2,4,0.8660254037844386,0.5000000000000001,3,0,0,600,450.0,0,0,99.0,21.3,0.0,32
2026-08-27T04:00:00+00:00,z3,4,0.8660254037844386,0.5000000000000001,3,0,0,900,1200.0,0,0,99.0,21.3,0.0,27
2026-08-27T04:00:00+00:00,z4,4,0.8660254037844386,0.5000000000000001,3,0,0,300,350.0,0,0,25.0,21.3,0.0,2
2026-08-27T05:00:00+00:00,z1,5,0.9659258262890683,0.25881904510252074,3,0,0,400,500.0,765,1,4.0,19.7,0.0,287
2026-08-27T05:00:00+00:00,z2,5,0.9659258262890683,0.25881904510252074,3,0,0,600,450.0,0,0,99.0,19.7,0.0,0
2026-08-27T05:00:00+00:00,z3,5,0.9659258262890683,0.25881904510252074,3,0,0,900,1200.0,0,0,99.0,19.7,0.0,17
2026-08-27T05:00:00+00:00,z4,5,0.9659258262890683,0.25881904510252074,3,0,0,300,350.0,0,0,24.0,19.7,0.0,6
2026-08-27T06:00:00+00:00,z1,6,1.0,6.123233995736766e-17,3,0,0,400,500.0,0,0,3.0,23.3,0.0,4
2026-08-27T06:00:00+00:00,z2,6,1.0,6.123233995736766e-17,3,0,0,600,450.0,0,0,99.0,23.3,0.0,73
2026-08-27T06:00:00+00:00,z3,6,1.0,6.123233995736766e-17,3,0,0,900,1200.0,0,0,99.0,23.3,0.0,94
2026-08-27T06:00:00+00:00,z4,6,1.0,6.123233995736766e-17,3,0,0,300,350.0,0,0,23.0,23.3,0.0,17
2026-08-27T07:00:00+00:00,z1,7,0.9659258262890683,-0.25881904510252063,3,0,0,400,500.0,0,0,2.0,22.0,0.0,21
2026-08-27T07:00:00+00:00,z2,7,0.9659258262890683,-0.25881904510252063,3,0,0,600,450.0,0,0,99.0,22.0,0.0,96
2026-08-27T07:00:00+00:00,z3,7,0.9659258262890683,-0.25881904510252063,3,0,0,900,1200.0,0,0,99.0,22.0,0.0,75
2026-08-27T07:00:00+00:00,z4,7,0.9659258262890683,-0.25881904510252063,3,0,0,300,350.0,0,0,22.0,22.0,0.0,26
2026-08-27T08:00:00+00:00,z1,8,0.8660254037844387,-0.4999999999999998,3,0,0,400,500.0,0,0,1.0,26.2,0.0,121
2026-08-27T08:00:00+00:00,z2,8,0.8660254037844387,-0.4999999999999998,3,0,0,600,450.0,0,0,99.0,26.2,0.0,394
2026-08-27T08:00:00+00:00,z3,8,0.8660254037844387,-0.4999999999999998,3,0,0,900,1200.0,0,0,99.0,26.2,0.0,116
2026-08-27T08:00:00+00:00,z4,8,0.8660254037844387,-0.4999999999999998,3,0,0,300,350.0,0,0,21.0,26.2,0.0,18
2026-08-27T09:00:00+00:00,z1,9,0.7071067811865476,-0.7071067811865475,3,0,0,400,500.0,296,1,99.0,30.0,0.0,297
2026-08-27T09:00:00+00:00,z2,9,0.7071067811865476,-0.7071067811865475,3,0,0,600,450.0,0,0,99.0,30.0,0.0,487
2026-08-27T09:00:00+00:00,z3,9,0.7071067811865476,-0.7071067811865475,3,0,0,900,1200.0,0,0,99.0,30.0,0.0,83
2026-08-27T09:00:00+00:00,z4,9,0.7071067811865476,-0.7071067811865475,3,0,0,300,350.0,0,0,20.0,30.0,0.0,14
2026-08-27T10:00:00+00:00,z1,10,0.49999999999999994,-0.8660254037844387,3,0,0,400,500.0,296,1,99.0,31.9,0.0,341
2026-08-27T10:00:00+00:00,z2,10,0.49999999999999994,-0.8660254037844387,3,0,0,600,450.0,0,0,99.0,31.9,0.0,414
2026-08-27T10:00:00+00:00,z3,10,0.49999999999999994,-0.8660254037844387,3,0,0,900,1200.0,0,0,99.0,31.9,0.0,49
2026-08-27T10:00:00+00:00,z4,10,0.49999999999999994,-0.8660254037844387,3,0,0,300,350.0,0,0,19.0,31.9,0.0,23
2026-08-27T11:00:00+00:00,z1,11,0.258819045102521,-0.9659258262890682,3,0,0,400,500.0,296,1,99.0,33.4,0.0,350
2026-08-27T11:00:00+00:00,z2,11,0.258819045102521,-0.9659258262890682,3,0,0,600,450.0,0,0,99.0,33.4,0.0,189
2026-08-27T11:00:00+00:00,z3,11,0.258819045102521,-0.9659258262890682,3,0,0,900,1200.0,0,0,99.0,33.4,0.0,90
2026-08-27T11:00:00+00:00,z4,11,0.258819045102521,-0.9659258262890682,3,0,0,300,350.0,0,0,18.0,33.4,0.0,15
2026-08-27T12:00:00+00:00,z1,12,1.2246467991473532e-16,-1.0,3,0,0,400,500.0,296,1,99.0,35.6,0.0,355
2026-08-27T12:00:00+00:00,z2,12,1.2246467991473532e-16,-1.0,3,0,0,600,450.0,0,0,99.0,35.6,0.0,204
2026-08-27T12:00:00+00:00,z3,12,1.2246467991473532e-16,-1.0,3,0,0,900,1200.0,0,0,99.0,35.6,0.0,285
2026-08-27T12:00:00+00:00,z4,12,1.2246467991473532e-16,-1.0,3,0,0,300,350.0,0,0,17.0,35.6,0.0,223
2026-08-27T13:00:00+00:00,z1,13,-0.2588190451025208,-0.9659258262890683,3,0,0,400,500.0,296,1,99.0,35.5,0.0,377
2026-08-27T13:00:00+00:00,z2,13,-0.2588190451025208,-0.9659258262890683,3,0,0,600,450.0,0,0,99.0,35.5,0.0,196
2026-08-27T13:00:00+00:00,z3,13,-0.2588190451025208,-0.9659258262890683,3,0,0,900,1200.0,0,0,99.0,35.5,0.0,292
2026-08-27T13:00:00+00:00,z4,13,-0.2588190451025208,-0.9659258262890683,3,0,0,300,350.0,0,0,16.0,35.5,0.0,240
2026-08-27T14:00:00+00:00,z1,14,-0.4999999999999997,-0.8660254037844388,3,0,0,400,500.0,0,0,99.0,35.3,7.5,135
2026-08-27T14:00:00+00:00,z2,14,-0.4999999999999997,-0.8660254037844388,3,0,0,600,450.0,0,0,99.0,35.3,7.5,156
2026-08-27T14:00:00+00:00,z3,14,-0.4999999999999997,-0.8660254037844388,3,0,0,900,1200.0,0,0,99.0,35.3,7.5,129
2026-08-27T14:00:00+00:00,z4,14,-0.4999999999999997,-0.8660254037844388,3,0,0,300,350.0,0,0,15.0,35.3,7.5,178
2026-08-27T15:00:00+00:00,z1,15,-0.7071067811865471,-0.7071067811865479,3,0,0,400,500.0,0,0,99.0,37.8,0.0,244
2026-08-27T15:00:00+00:00,z2,15,-0.7071067811865471,-0.7071067811865479,3,0,0,600,450.0,0,0,99.0,37.8,0.0,207
2026-08-27T15:00:00+00:00,z3,15,-0.7071067811865471,-0.7071067811865479,3,0,0,900,1200.0,0,0,99.0,37.8,0.0,227
2026-08-27T15:00:00+00:00,z4,15,-0.7071067811865471,-0.7071067811865479,3,0,0,300,350.0,0,0,14.0,37.8,0.0,82
2026-08-27T16:00:00+00:00,z1,16,-0.8660254037844385,-0.5000000000000004,3,0,0,400,500.0,0,0,99.0,36.4,0.0,248
2026-08-27T16:00:00+00:00,z2,16,-0.8660254037844385,-0.5000000000000004,3,0,0,600,450.0,0,0,99.0,36.4,0.0,234
2026-08-27T16:00:00+00:00,z3,16,-0.8660254037844385,-0.5000000000000004,3,0,0,900,1200.0,0,0,99.0,36.4,0.0,224
2026-08-27T16:00:00+00:00,z4,16,-0.8660254037844385,-0.5000000000000004,3,0,0,300,350.0,0,0,13.0,36.4,0.0,62
2026-08-27T17:00:00+00:00,z1,17,-0.9659258262890683,-0.25881904510252063,3,0,0,400,500.0,0,0,99.0,35.5,0.0,239
2026-08-27T17:00:00+00:00,z2,17,-0.9659258262890683,-0.25881904510252063,3,0,0,600,450.0,0,0,99.0,35.5,0.0,467
2026-08-27T17:00:00+00:00,z3,17,-0.9659258262890683,-0.25881904510252063,3,0,0,900,1200.0,0,0,99.0,35.5,0.0,479
2026-08-27T17:00:00+00:00,z4,17,-0.9659258262890683,-0.25881904510252063,3,0,0,300,350.0,0,0,12.0,35.5,0.0,55
2026-08-27T18:00:00+00:00,z1,18,-1.0,-1.8369701987210297e-16,3,0,0,400,500.0,0,0,99.0,32.0,0.0,226
2026-08-27T18:00:00+00:00,z2,18,-1.0,-1.8369701987210297e-16,3,0,0,600,450.0,0,0,99.0,32.0,0.0,527
2026-08-27T18:00:00+00:00,z3,18,-1.0,-1.8369701987210297e-16,3,0,0,900,1200.0,0,0,99.0,32.0,0.0,581
2026-08-27T18:00:00+00:00,z4,18,-1.0,-1.8369701987210297e-16,3,0,0,300,350.0,0,0,11.0,32.0,0.0,68
2026-08-27T19:00:00+00:00,z1,19,-0.9659258262890684,0.2588190451025203,3,0,0,400,500.0,0,0,99.0,32.0,15.2,89
2026-08-27T19:00:00+00:00,z2,19,-0.9659258262890684,0.2588190451025203,3,0,0,600,450.0,0,0,99.0,32.0,15.2,386
2026-08-27T19:00:00+00:00,z3,19,-0.9659258262890684,0.2588190451025203,3,0,0,900,1200.0,0,0,99.0,32.0,15.2,301
2026-08-27T19:00:00+00:00,z4,19,-0.9659258262890684,0.2588190451025203,3,0,0,300,350.0,0,0,10.0,32.0,15.2,179
2026-08-27T20:00:00+00:00,z1,20,-0.8660254037844386,0.5000000000000001,3,0,0,400,500.0,0,0,99.0,30.4,0.0,92
2026-08-27T20:00:00+00:00,z2,20,-0.8660254037844386,0.5000000000000001,3,0,0,600,450.0,0,0,99.0,30.4,0.0,463
2026-08-27T20:00:00+00:00,z3,20,-0.8660254037844386,0.5000000000000001,3,0,0,900,1200.0,0,0,99.0,30.4,0.0,551
2026-08-27T20:00:00+00:00,z4,20,-0.8660254037844386,0.5000000000000001,3,0,0,300,350.0,0,0,9.0,30.4,0.0,271
2026-08-27T21:00:00+00:00,z1,21,-0.7071067811865477,0.7071067811865474,3,0,0,400,500.0,0,0,99.0,29.0,0.0,102
2026-08-27T21:00:00+00:00,z2,21,-0.7071067811865477,0.7071067811865474,3,0,0,600,450.0,0,0,99.0,29.0,0.0,94
2026-08-27T21:00:00+00:00,z3,21,-0.7071067811865477,0.7071067811865474,3,0,0,900,1200.0,0,0,99.0,29.0,0.0,494
2026-08-27T21:00:00+00:00,z4,21,-0.7071067811865477,0.7071067811865474,3,0,0,300,350.0,0,0,8.0,29.0,0.0,245
2026-08-27T22:00:00+00:00,z1,22,-0.5000000000000004,0.8660254037844384,3,0,0,400,500.0,0,0,99.0,24.7,0.0,90
2026-08-27T22:00:00+00:00,z2,22,-0.5000000000000004,0.8660254037844384,3,0,0,600,450.0,0,0,99.0,24.7,0.0,115
2026-08-27T22:00:00+00:00,z3,22,-0.5000000000000004,0.8660254037844384,3,0,0,900,1200.0,0,0,99.0,24.7,0.0,66
2026-08-27T22:00:00+00:00,z4,22,-0.5000000000000004,0.8660254037844384,3,0,0,300,350.0,0,0,7.0,24.7,0.0,3
2026-08-27T23:00:00+00:00,z1,23,-0.25881904510252157,0.9659258262890681,3,0,0,400,500.0,0,0,99.0,24.6,0.0,102
2026-08-27T23:00:00+00:00,z2,23,-0.25881904510252157,0.9659258262890681,3,0,0,600,450.0,0,0,99.0,24.6,0.0,75
2026-08-27T23:00:00+00:00,z3,23,-0.25881904510252157,0.9659258262890681,3,0,0,900,1200.0,0,0,99.0,24.6,0.0,90
2026-08-27T23:00:00+00:00,z4,23,-0.25881904510252157,0.9659258262890681,3,0,0,300,350.0,0,0,6.0,24.6,0.0,35
2026-08-28T00:00:00+00:00,z1,0,0.0,1.0,4,0,0,400,500.0,0,0,99.0,22.6,3.5,2
2026-08-28T00:00:00+00:00,z2,0,0.0,1.0,4,0,0,600,450.0,0,0,99.0,22.6,3.5,73
2026-08-28T00:00:00+00:00,z3,0,0.0,1.0,4,0,0,900,1200.0,0,0,99.0,22.6,3.5,0
2026-08-28T00:00:00+00:00,z4,0,0.0,1.0,4,0,0,300,350.0,0,0,5.0,22.6,3.5,15
2026-08-28T01:00:00+00:00,z1,1,0.25881904510252074,0.9659258262890683,4,0,0,400,500.0,0,0,99.0,22.7,0.0,0
2026-08-28T01:00:00+00:00,z2,1,0.25881904510252074,0.9659258262890683,4,0,0,600,450.0,0,0,99.0,22.7,0.0,15
2026-08-28T01:00:00+00:00,z3,1,0.25881904510252074,0.9659258262890683,4,0,0,900,1200.0,0,0,99.0,22.7,0.0,0
2026-08-28T01:00:00+00:00,z4,1,0.25881904510252074,0.9659258262890683,4,0,0,300,350.0,0,0,4.0,22.7,0.0,18
2026-08-28T02:00:00+00:00,z1,2,0.49999999999999994,0.8660254037844387,4,0,0,400,500.0,0,0,99.0,20.4,0.0,26
2026-08-28T02:00:00+00:00,z2,2,0.49999999999999994,0.8660254037844387,4,0,0,600,450.0,0,0,99.0,20.4,0.0,22
2026-08-28T02:00:00+00:00,z3,2,0.49999999999999994,0.8660254037844387,4,0,0,900,1200.0,0,0,99.0,20.4,0.0,10
2026-08-28T02:00:00+00:00,z4,2,0.49999999999999994,0.8660254037844387,4,0,0,300,350.0,0,0,3.0,20.4,0.0,27
2026-08-28T03:00:00+00:00,z1,3,0.7071067811865476,0.7071067811865476,4,0,0,400,500.0,0,0,99.0,21.2,0.0,8
2026-08-28T03:00:00+00:00,z2,3,0.7071067811865476,0.7071067811865476,4,0,0,600,450.0,0,0,99.0,21.2,0.0,0
2026-08-28T03:00:00+00:00,z3,3,0.7071067811865476,0.7071067811865476,4,0,0,900,1200.0,0,0,99.0,21.2,0.0,55
2026-08-28T03:00:00+00:00,z4,3,0.7071067811865476,0.7071067811865476,4,0,0,300,350.0,0,0,2.0,21.2,0.0,0
2026-08-28T04:00:00+00:00,z1,4,0.8660254037844386,0.5000000000000001,4,0,0,400,500.0,0,0,99.0,20.7,0.0,27
2026-08-28T04:00:00+00:00,z2,4,0.8660254037844386,0.5000000000000001,4,0,0,600,450.0,0,0,99.0,20.7,0.0,20
2026-08-28T04:00:00+00:00,z3,4,0.8660254037844386,0.5000000000000001,4,0,0,900,1200.0,0,0,99.0,20.7,0.0,38
2026-08-28T04:00:00+00:00,z4,4,0.8660254037844386,0.5000000000000001,4,0,0,300,350.0,0,0,1.0,20.7,0.0,120
2026-08-28T05:00:00+00:00,z1,5,0.9659258262890683,0.25881904510252074,4,0,0,400,500.0,0,0,99.0,19.9,0.0,0
2026-08-28T05:00:00+00:00,z2,5,0.9659258262890683,0.25881904510252074,4,0,0,600,450.0,0,0,99.0,19.9,0.0,17
2026-08-28T05:00:00+00:00,z3,5,0.9659258262890683,0.25881904510252074,4,0,0,900,1200.0,0,0,99.0,19.9,0.0,17
2026-08-28T05:00:00+00:00,z4,5,0.9659258262890683,0.25881904510252074,4,0,0,300,350.0,1046,1,99.0,19.9,0.0,269
2026-08-28T06:00:00+00:00,z1,6,1.0,6.123233995736766e-17,4,0,0,400,500.0,0,0,99.0,22.4,0.0,12
2026-08-28T06:00:00+00:00,z2,6,1.0,6.123233995736766e-17,4,0,0,600,450.0,0,0,99.0,22.4,0.0,79
2026-08-28T06:00:00+00:00,z3,6,1.0,6.123233995736766e-17,4,0,0,900,1200.0,0,0,99.0,22.4,0.0,85
2026-08-28T06:00:00+00:00,z4,6,1.0,6.123233995736766e-17,4,0,0,300,350.0,1046,1,99.0,22.4,0.0,250
2026-08-28T07:00:00+00:00,z1,7,0.9659258262890683,-0.25881904510252063,4,0,0,400,500.0,0,0,99.0,24.2,0.0,22
2026-08-28T07:00:00+00:00,z2,7,0.9659258262890683,-0.25881904510252063,4,0,0,600,450.0,0,0,99.0,24.2,0.0,62
2026-08-28T07:00:00+00:00,z3,7,0.9659258262890683,-0.25881904510252063,4,0,0,900,1200.0,0,0,99.0,24.2,0.0,132
2026-08-28T07:00:00+00:00,z4,7,0.9659258262890683,-0.25881904510252063,4,0,0,300,350.0,0,0,99.0,24.2,0.0,3
2026-08-28T08:00:00+00:00,z1,8,0.8660254037844387,-0.4999999999999998,4,0,0,400,500.0,0,0,99.0,27.7,8.9,7
2026-08-28T08:00:00+00:00,z2,8,0.8660254037844387,-0.4999999999999998,4,0,0,600,450.0,0,0,99.0,27.7,8.9,314
2026-08-28T08:00:00+00:00,z3,8,0.8660254037844387,-0.4999999999999998,4,0,0,900,1200.0,0,0,99.0,27.7,8.9,91
2026-08-28T08:00:00+00:00,z4,8,0.8660254037844387,-0.4999999999999998,4,0,0,300,350.0,0,0,99.0,27.7,8.9,0
2026-08-28T09:00:00+00:00,z1,9,0.7071067811865476,-0.7071067811865475,4,0,0,400,500.0,0,0,99.0,29.8,0.0,224
2026-08-28T09:00:00+00:00,z2,9,0.7071067811865476,-0.7071067811865475,4,0,0,600,450.0,0,0,99.0,29.8,0.0,524
2026-08-28T09:00:00+00:00,z3,9,0.7071067811865476,-0.7071067811865475,4,0,0,900,1200.0,0,0,99.0,29.8,0.0,83
2026-08-28T09:00:00+00:00,z4,9,0.7071067811865476,-0.7071067811865475,4,0,0,300,350.0,0,0,99.0,29.8,0.0,6
2026-08-28T10:00:00+00:00,z1,10,0.49999999999999994,-0.8660254037844387,4,0,0,400,500.0,0,0,99.0,31.2,0.0,225
2026-08-28T10:00:00+00:00,z2,10,0.49999999999999994,-0.8660254037844387,4,0,0,600,450.0,0,0,99.0,31.2,0.0,407
2026-08-28T10:00:00+00:00,z3,10,0.49999999999999994,-0.8660254037844387,4,0,0,900,1200.0,0,0,99.0,31.2,0.0,106
2026-08-28T10:00:00+00:00,z4,10,0.49999999999999994,-0.8660254037844387,4,0,0,300,350.0,0,0,99.0,31.2,0.0,6
2026-08-28T11:00:00+00:00,z1,11,0.258819045102521,-0.9659258262890682,4,0,0,400,500.0,0,0,99.0,31.8,0.0,234
2026-08-28T11:00:00+00:00,z2,11,0.258819045102521,-0.9659258262890682,4,0,0,600,450.0,0,0,99.0,31.8,0.0,212
2026-08-28T11:00:00+00:00,z3,11,0.258819045102521,-0.9659258262890682,4,0,0,900,1200.0,0,0,99.0,31.8,0.0,45
2026-08-28T11:00:00+00:00,z4,11,0.258819045102521,-0.9659258262890682,4,0,0,300,350.0,0,0,99.0,31.8,0.0,22
2026-08-28T12:00:00+00:00,z1,12,1.2246467991473532e-16,-1.0,4,0,0,400,500.0,0,0,99.0,33.7,0.0,255
2026-08-28T12:00:00+00:00,z2,12,1.2246467991473532e-16,-1.0,4,0,0,600,450.0,0,0,99.0,33.7,0.0,223
2026-08-28T12:00:00+00:00,z3,12,1.2246467991473532e-16,-1.0,4,0,0,900,1200.0,0,0,99.0,33.7,0.0,180
2026-08-28T12:00:00+00:00,z4,12,1.2246467991473532e-16,-1.0,4,0,0,300,350.0,0,0,99.0,33.7,0.0,235
2026-08-28T13:00:00+00:00,z1,13,-0.2588190451025208,-0.9659258262890683,4,0,0,400,500.0,0,0,99.0,33.8,20.9,171
2026-08-28T13:00:00+00:00,z2,13,-0.2588190451025208,-0.9659258262890683,4,0,0,600,450.0,0,0,99.0,33.8,20.9,138
2026-08-28T13:00:00+00:00,z3,13,-0.2588190451025208,-0.9659258262890683,4,0,0,900,1200.0,0,0,99.0,33.8,20.9,159
2026-08-28T13:00:00+00:00,z4,13,-0.2588190451025208,-0.9659258262890683,4,0,0,300,350.0,0,0,99.0,33.8,20.9,189
2026-08-28T14:00:00+00:00,z1,14,-0.4999999999999997,-0.8660254037844388,4,0,0,400,500.0,0,0,99.0,34.9,0.0,244
2026-08-28T14:00:00+00:00,z2,14,-0.4999999999999997,-0.8660254037844388,4,0,0,600,450.0,0,0,99.0,34.9,0.0,232
2026-08-28T14:00:00+00:00,z3,14,-0.4999999999999997,-0.8660254037844388,4,0,0,900,1200.0,0,0,99.0,34.9,0.0,262
2026-08-28T14:00:00+00:00,z4,14,-0.4999999999999997,-0.8660254037844388,4,0,0,300,350.0,0,0,99.0,34.9,0.0,217
2026-08-28T15:00:00+00:00,z1,15,-0.7071067811865471,-0.7071067811865479,4,0,0,400,500.0,0,0,99.0,34.9,0.0,250
2026-08-28T15:00:00+00:00,z2,15,-0.7071067811865471,-0.7071067811865479,4,0,0,600,450.0,0,0,99.0,34.9,0.0,198
2026-08-28T15:00:00+00:00,z3,15,-0.7071067811865471,-0.7071067811865479,4,0,0,900,1200.0,0,0,99.0,34.9,0.0,236
2026-08-28T15:00:00+00:00,z4,15,-0.7071067811865471,-0.7071067811865479,4,0,0,300,350.0,0,0,99.0,34.9,0.0,67
2026-08-28T16:00:00+00:00,z1,16,-0.8660254037844385,-0.5000000000000004,4,0,0,400,500.0,0,0,99.0,34.7,0.0,251
2026-08-28T16:00:00+00:00,z2,16,-0.8660254037844385,-0.5000000000000004,4,0,0,600,450.0,0,0,99.0,34.7,0.0,243
2026-08-28T16:00:00+00:00,z3,16,-0.8660254037844385,-0.5000000000000004,4,0,0,900,1200.0,0,0,99.0,34.7,0.0,204
2026-08-28T16:00:00+00:00,z4,16,-0.8660254037844385,-0.5000000000000004,4,0,0,300,350.0,0,0,99.0,34.7,0.0,64
2026-08-28T17:00:00+00:00,z1,17,-0.9659258262890683,-0.25881904510252063,4,0,0,400,500.0,0,0,99.0,33.9,0.0,224
2026-08-28T17:00:00+00:00,z2,17,-0.9659258262890683,-0.25881904510252063,4,0,0,600,450.0,0,0,99.0,33.9,0.0,473
2026-08-28T17:00:00+00:00,z3,17,-0.9659258262890683,-0.25881904510252063,4,0,0,900,1200.0,0,0,99.0,33.9,0.0,478
2026-08-28T17:00:00+00:00,z4,17,-0.9659258262890683,-0.25881904510252063,4,0,0,300,350.0,0,0,99.0,33.9,0.0,87
2026-08-28T18:00:00+00:00,z1,18,-1.0,-1.8369701987210297e-16,4,0,0,400,500.0,0,0,99.0,33.8,18.9,117
2026-08-28T18:00:00+00:00,z2,18,-1.0,-1.8369701987210297e-16,4,0,0,600,450.0,0,0,99.0,33.8,18.9,400
2026-08-28T18:00:00+00:00,z3,18,-1.0,-1.8369701987210297e-16,4,0,0,900,1200.0,0,0,99.0,33.8,18.9,294
2026-08-28T18:00:00+00:00,z4,18,-1.0,-1.8369701987210297e-16,4,0,0,300,350.0,0,0,99.0,33.8,18.9,54
2026-08-28T19:00:00+00:00,z1,19,-0.9659258262890684,0.2588190451025203,4,0,0,400,500.0,0,0,99.0,32.8,0.0,179
2026-08-28T19:00:00+00:00,z2,19,-0.9659258262890684,0.2588190451025203,4,0,0,600,450.0,0,0,99.0,32.8,0.0,509
2026-08-28T19:00:00+00:00,z3,19,-0.9659258262890684,0.2588190451025203,4,0,0,900,1200.0,0,0,99.0,32.8,0.0,576
2026-08-28T19:00:00+00:00,z4,19,-0.9659258262890684,0.2588190451025203,4,0,0,300,350.0,0,0,99.0,32.8,0.0,242
2026-08-28T20:00:00+00:00,z1,20,-0.8660254037844386,0.5000000000000001,4,0,0,400,500.0,0,0,99.0,29.6,0.0,112
2026-08-28T20:00:00+00:00,z2,20,-0.8660254037844386,0.5000000000000001,4,0,0,600,450.0,0,0,99.0,29.6,0.0,442
2026-08-28T20:00:00+00:00,z3,20,-0.8660254037844386,0.5000000000000001,4,0,0,900,1200.0,0,0,99.0,29.6,0.0,535
2026-08-28T20:00:00+00:00,z4,20,-0.8660254037844386,0.5000000000000001,4,0,0,300,350.0,0,0,99.0,29.6,0.0,257
2026-08-28T21:00:00+00:00,z1,21,-0.7071067811865477,0.7071067811865474,4,0,0,400,500.0,0,0,99.0,29.3,0.0,106
2026-08-28T21:00:00+00:00,z2,21,-0.7071067811865477,0.7071067811865474,4,0,0,600,450.0,0,0,99.0,29.3,0.0,115
2026-08-28T21:00:00+00:00,z3,21,-0.7071067811865477,0.7071067811865474,4,0,0,900,1200.0,0,0,99.0,29.3,0.0,529
2026-08-28T21:00:00+00:00,z4,21,-0.7071067811865477,0.7071067811865474,4,0,0,300,350.0,0,0,99.0,29.3,0.0,246
2026-08-28T22:00:00+00:00,z1,22,-0.5000000000000004,0.8660254037844384,4,0,0,400,500.0,0,0,99.0,25.6,0.0,108
2026-08-28T22:00:00+00:00,z2,22,-0.5000000000000004,0.8660254037844384,4,0,0,600,450.0,0,0,99.0,25.6,0.0,121
2026-08-28T22:00:00+00:00,z3,22,-0.5000000000000004,0.8660254037844384,4,0,0,900,1200.0,0,0,99.0,25.6,0.0,81
2026-08-28T22:00:00+00:00,z4,22,-0.5000000000000004,0.8660254037844384,4,0,0,300,350.0,0,0,99.0,25.6,0.0,21
2026-08-28T23:00:00+00:00,z1,23,-0.25881904510252157,0.9659258262890681,4,0,0,400,500.0,0,0,99.0,26.0,0.0,96
2026-08-28T23:00:00+00:00,z2,23,-0.25881904510252157,0.9659258262890681,4,0,0,600,450.0,0,0,99.0,26.0,0.0,65
2026-08-28T23:00:00+00:00,z3,23,-0.25881904510252157,0.9659258262890681,4,0,0,900,1200.0,0,0,99.0,26.0,0.0,54
2026-08-28T23:00:00+00:00,z4,23,-0.25881904510252157,0.9659258262890681,4,0,0,300,350.0,0,0,99.0,26.0,0.0,15
2026-08-29T00:00:00+00:00,z1,0,0.0,1.0,5,1,0,400,500.0,0,0,99.0,20.4,0.0,21
2026-08-29T00:00:00+00:00,z2,0,0.0,1.0,5,1,0,600,450.0,0,0,99.0,20.4,0.0,125
2026-08-29T00:00:00+00:00,z3,0,0.0,1.0,5,1,0,900,1200.0,0,0,99.0,20.4,0.0,92
2026-08-29T00:00:00+00:00,z4,0,0.0,1.0,5,1,0,300,350.0,0,0,99.0,20.4,0.0,26
2026-08-29T01:00:00+00:00,z1,1,0.25881904510252074,0.9659258262890683,5,1,0,400,500.0,0,0,99.0,19.4,0.0,4
2026-08-29T01:00:00+00:00,z2,1,0.25881904510252074,0.9659258262890683,5,1,0,600,450.0,0,0,99.0,19.4,0.0,16
2026-08-29T01:00:00+00:00,z3,1,0.25881904510252074,0.9659258262890683,5,1,0,900,1200.0,0,0,99.0,19.4,0.0,0
2026-08-29T01:00:00+00:00,z4,1,0.25881904510252074,0.9659258262890683,5,1,0,300,350.0,0,0,99.0,19.4,0.0,5
2026-08-29T02:00:00+00:00,z1,2,0.49999999999999994,0.8660254037844387,5,1,0,400,500.0,0,0,99.0,19.7,0.0,18
2026-08-29T02:00:00+00:00,z2,2,0.49999999999999994,0.8660254037844387,5,1,0,600,450.0,0,0,99.0,19.7,0.0,28
2026-08-29T02:00:00+00:00,z3,2,0.49999999999999994,0.8660254037844387,5,1,0,900,1200.0,0,0,99.0,19.7,0.0,50
2026-08-29T02:00:00+00:00,z4,2,0.49999999999999994,0.8660254037844387,5,1,0,300,350.0,0,0,99.0,19.7,0.0,8
2026-08-29T03:00:00+00:00,z1,3,0.7071067811865476,0.7071067811865476,5,1,0,400,500.0,0,0,99.0,19.5,0.0,8
2026-08-29T03:00:00+00:00,z2,3,0.7071067811865476,0.7071067811865476,5,1,0,600,450.0,0,0,99.0,19.5,0.0,53
2026-08-29T03:00:00+00:00,z3,3,0.7071067811865476,0.7071067811865476,5,1,0,900,1200.0,0,0,99.0,19.5,0.0,40
2026-08-29T03:00:00+00:00,z4,3,0.7071067811865476,0.7071067811865476,5,1,0,300,350.0,0,0,99.0,19.5,0.0,18
2026-08-29T04:00:00+00:00,z1,4,0.8660254037844386,0.5000000000000001,5,1,0,400,500.0,0,0,99.0,21.2,0.0,13
2026-08-29T04:00:00+00:00,z2,4,0.8660254037844386,0.5000000000000001,5,1,0,600,450.0,0,0,99.0,21.2,0.0,34
2026-08-29T04:00:00+00:00,z3,4,0.8660254037844386,0.5000000000000001,5,1,0,900,1200.0,0,0,99.0,21.2,0.0,57
2026-08-29T04:00:00+00:00,z4,4,0.8660254037844386,0.5000000000000001,5,1,0,300,350.0,0,0,99.0,21.2,0.0,14
2026-08-29T05:00:00+00:00,z1,5,0.9659258262890683,0.25881904510252074,5,1,0,400,500.0,0,0,99.0,22.5,0.0,0
2026-08-29T05:00:00+00:00,z2,5,0.9659258262890683,0.25881904510252074,5,1,0,600,450.0,0,0,99.0,22.5,0.0,28
2026-08-29T05:00:00+00:00,z3,5,0.9659258262890683,0.25881904510252074,5,1,0,900,1200.0,0,0,99.0,22.5,0.0,56
2026-08-29T05:00:00+00:00,z4,5,0.9659258262890683,0.25881904510252074,5,1,0,300,350.0,0,0,99.0,22.5,0.0,19
2026-08-29T06:00:00+00:00,z1,6,1.0,6.123233995736766e-17,5,1,0,400,500.0,0,0,99.0,21.9,0.0,25
2026-08-29T06:00:00+00:00,z2,6,1.0,6.123233995736766e-17,5,1,0,600,450.0,0,0,99.0,21.9,0.0,59
2026-08-29T06:00:00+00:00,z3,6,1.0,6.123233995736766e-17,5,1,0,900,1200.0,0,0,99.0,21.9,0.0,71
2026-08-29T06:00:00+00:00,z4,6,1.0,6.123233995736766e-17,5,1,0,300,350.0,0,0,99.0,21.9,0.0,19
2026-08-29T07:00:00+00:00,z1,7,0.9659258262890683,-0.25881904510252063,5,1,0,400,500.0,0,0,99.0,25.0,0.0,25
2026-08-29T07:00:00+00:00,z2,7,0.9659258262890683,-0.25881904510252063,5,1,0,600,450.0,0,0,99.0,25.0,0.0,112
2026-08-29T07:00:00+00:00,z3,7,0.9659258262890683,-0.25881904510252063,5,1,0,900,1200.0,0,0,99.0,25.0,0.0,86
2026-08-29T07:00:00+00:00,z4,7,0.9659258262890683,-0.25881904510252063,5,1,0,300,350.0,0,0,99.0,25.0,0.0,19
2026-08-29T08:00:00+00:00,z1,8,0.8660254037844387,-0.4999999999999998,5,1,0,400,500.0,0,0,99.0,26.1,0.0,20
2026-08-29T08:00:00+00:00,z2,8,0.8660254037844387,-0.4999999999999998,5,1,0,600,450.0,0,0,99.0,26.1,0.0,72
2026-08-29T08:00:00+00:00,z3,8,0.8660254037844387,-0.4999999999999998,5,1,0,900,1200.0,0,0,99.0,26.1,0.0,29
2026-08-29T08:00:00+00:00,z4,8,0.8660254037844387,-0.4999999999999998,5,1,0,300,350.0,0,0,99.0,26.1,0.0,19
2026-08-29T09:00:00+00:00,z1,9,0.7071067811865476,-0.7071067811865475,5,1,0,400,500.0,0,0,99.0,29.4,0.0,262
2026-08-29T09:00:00+00:00,z2,9,0.7071067811865476,-0.7071067811865475,5,1,0,600,450.0,0,0,99.0,29.4,0.0,79
2026-08-29T09:00:00+00:00,z3,9,0.7071067811865476,-0.7071067811865475,5,1,0,900,1200.0,0,0,99.0,29.4,0.0,46
2026-08-29T09:00:00+00:00,z4,9,0.7071067811865476,-0.7071067811865475,5,1,0,300,350.0,0,0,99.0,29.4,0.0,21
2026-08-29T10:00:00+00:00,z1,10,0.49999999999999994,-0.8660254037844387,5,1,0,400,500.0,0,0,99.0,28.6,13.8,150
2026-08-29T10:00:00+00:00,z2,10,0.49999999999999994,-0.8660254037844387,5,1,0,600,450.0,0,0,99.0,28.6,13.8,78
2026-08-29T10:00:00+00:00,z3,10,0.49999999999999994,-0.8660254037844387,5,1,0,900,1200.0,0,0,99.0,28.6,13.8,100
2026-08-29T10:00:00+00:00,z4,10,0.49999999999999994,-0.8660254037844387,5,1,0,300,350.0,0,0,99.0,28.6,13.8,0
2026-08-29T11:00:00+00:00,z1,11,0.258819045102521,-0.9659258262890682,5,1,0,400,500.0,0,0,99.0,30.6,0.0,287
2026-08-29T11:00:00+00:00,z2,11,0.258819045102521,-0.9659258262890682,5,1,0,600,450.0,0,0,99.0,30.6,0.0,86
2026-08-29T11:00:00+00:00,z3,11,0.258819045102521,-0.9659258262890682,5,1,0,900,1200.0,0,0,99.0,30.6,0.0,433
2026-08-29T11:00:00+00:00,z4,11,0.258819045102521,-0.9659258262890682,5,1,0,300,350.0,0,0,99.0,30.6,0.0,0
2026-08-29T12:00:00+00:00,z1,12,1.2246467991473532e-16,-1.0,5,1,0,400,500.0,0,0,99.0,34.6,18.7,193
2026-08-29T12:00:00+00:00,z2,12,1.2246467991473532e-16,-1.0,5,1,0,600,450.0,0,0,99.0,34.6,18.7,182
2026-08-29T12:00:00+00:00,z3,12,1.2246467991473532e-16,-1.0,5,1,0,900,1200.0,0,0,99.0,34.6,18.7,244
2026-08-29T12:00:00+00:00,z4,12,1.2246467991473532e-16,-1.0,5,1,0,300,350.0,0,0,99.0,34.6,18.7,167
2026-08-29T13:00:00+00:00,z1,13,-0.2588190451025208,-0.9659258262890683,5,1,0,400,500.0,0,0,99.0,35.8,0.0,312
2026-08-29T13:00:00+00:00,z2,13,-0.2588190451025208,-0.9659258262890683,5,1,0,600,450.0,0,0,99.0,35.8,0.0,279
2026-08-29T13:00:00+00:00,z3,13,-0.2588190451025208,-0.9659258262890683,5,1,0,900,1200.0,0,0,99.0,35.8,0.0,386
2026-08-29T13:00:00+00:00,z4,13,-0.2588190451025208,-0.9659258262890683,5,1,0,300,350.0,0,0,99.0,35.8,0.0,258
2026-08-29T14:00:00+00:00,z1,14,-0.4999999999999997,-0.8660254037844388,5,1,0,400,500.0,0,0,99.0,36.6,0.0,315
2026-08-29T14:00:00+00:00,z2,14,-0.4999999999999997,-0.8660254037844388,5,1,0,600,450.0,0,0,99.0,36.6,0.0,265
2026-08-29T14:00:00+00:00,z3,14,-0.4999999999999997,-0.8660254037844388,5,1,0,900,1200.0,0,0,99.0,36.6,0.0,519
2026-08-29T14:00:00+00:00,z4,14,-0.4999999999999997,-0.8660254037844388,5,1,0,300,350.0,0,0,99.0,36.6,0.0,229
2026-08-29T15:00:00+00:00,z1,15,-0.7071067811865471,-0.7071067811865479,5,1,0,400,500.0,0,0,99.0,37.2,0.0,324
2026-08-29T15:00:00+00:00,z2,15,-0.7071067811865471,-0.7071067811865479,5,1,0,600,450.0,0,0,99.0,37.2,0.0,312
2026-08-29T15:00:00+00:00,z3,15,-0.7071067811865471,-0.7071067811865479,5,1,0,900,1200.0,0,0,99.0,37.2,0.0,346
2026-08-29T15:00:00+00:00,z4,15,-0.7071067811865471,-0.7071067811865479,5,1,0,300,350.0,0,0,99.0,37.2,0.0,86
2026-08-29T16:00:00+00:00,z1,16,-0.8660254037844385,-0.5000000000000004,5,1,0,400,500.0,0,0,99.0,37.5,0.0,278
2026-08-29T16:00:00+00:00,z2,16,-0.8660254037844385,-0.5000000000000004,5,1,0,600,450.0,0,0,99.0,37.5,0.0,285
2026-08-29T16:00:00+00:00,z3,16,-0.8660254037844385,-0.5000000000000004,5,1,0,900,1200.0,0,0,99.0,37.5,0.0,708
2026-08-29T16:00:00+00:00,z4,16,-0.8660254037844385,-0.5000000000000004,5,1,0,300,350.0,0,0,99.0,37.5,0.0,85
2026-08-29T17:00:00+00:00,z1,17,-0.9659258262890683,-0.25881904510252063,5,1,0,400,500.0,0,0,99.0,34.1,0.0,298
2026-08-29T17:00:00+00:00,z2,17,-0.9659258262890683,-0.25881904510252063,5,1,0,600,450.0,0,0,99.0,34.1,0.0,296
2026-08-29T17:00:00+00:00,z3,17,-0.9659258262890683,-0.25881904510252063,5,1,0,900,1200.0,0,0,99.0,34.1,0.0,774
2026-08-29T17:00:00+00:00,z4,17,-0.9659258262890683,-0.25881904510252063,5,1,0,300,350.0,0,0,99.0,34.1,0.0,74
2026-08-29T18:00:00+00:00,z1,18,-1.0,-1.8369701987210297e-16,5,1,0,400,500.0,0,0,99.0,33.3,0.0,261
2026-08-29T18:00:00+00:00,z2,18,-1.0,-1.8369701987210297e-16,5,1,0,600,450.0,0,0,99.0,33.3,0.0,305
2026-08-29T18:00:00+00:00,z3,18,-1.0,-1.8369701987210297e-16,5,1,0,900,1200.0,0,0,99.0,33.3,0.0,832
2026-08-29T18:00:00+00:00,z4,18,-1.0,-1.8369701987210297e-16,5,1,0,300,350.0,0,0,99.0,33.3,0.0,76
2026-08-29T19:00:00+00:00,z1,19,-0.9659258262890684,0.2588190451025203,5,1,0,400,500.0,0,0,99.0,30.3,0.0,251
2026-08-29T19:00:00+00:00,z2,19,-0.9659258262890684,0.2588190451025203,5,1,0,600,450.0,0,0,99.0,30.3,0.0,291
2026-08-29T19:00:00+00:00,z3,19,-0.9659258262890684,0.2588190451025203,5,1,0,900,1200.0,0,0,99.0,30.3,0.0,820
2026-08-29T19:00:00+00:00,z4,19,-0.9659258262890684,0.2588190451025203,5,1,0,300,350.0,0,0,99.0,30.3,0.0,251
2026-08-29T20:00:00+00:00,z1,20,-0.8660254037844386,0.5000000000000001,5,1,0,400,500.0,0,0,99.0,31.9,0.0,112
2026-08-29T20:00:00+00:00,z2,20,-0.8660254037844386,0.5000000000000001,5,1,0,600,450.0,0,0,99.0,31.9,0.0,264
2026-08-29T20:00:00+00:00,z3,20,-0.8660254037844386,0.5000000000000001,5,1,0,900,1200.0,0,0,99.0,31.9,0.0,804
2026-08-29T20:00:00+00:00,z4,20,-0.8660254037844386,0.5000000000000001,5,1,0,300,350.0,0,0,99.0,31.9,0.0,279
2026-08-29T21:00:00+00:00,z1,21,-0.7071067811865477,0.7071067811865474,5,1,0,400,500.0,0,0,99.0,26.2,0.0,108
2026-08-29T21:00:00+00:00,z2,21,-0.7071067811865477,0.7071067811865474,5,1,0,600,450.0,0,0,99.0,26.2,0.0,228
2026-08-29T21:00:00+00:00,z3,21,-0.7071067811865477,0.7071067811865474,5,1,0,900,1200.0,0,0,99.0,26.2,0.0,738
2026-08-29T21:00:00+00:00,z4,21,-0.7071067811865477,0.7071067811865474,5,1,0,300,350.0,0,0,99.0,26.2,0.0,237
2026-08-29T22:00:00+00:00,z1,22,-0.5000000000000004,0.8660254037844384,5,1,0,400,500.0,0,0,99.0,26.1,0.0,118
2026-08-29T22:00:00+00:00,z2,22,-0.5000000000000004,0.8660254037844384,5,1,0,600,450.0,0,0,99.0,26.1,0.0,111
2026-08-29T22:00:00+00:00,z3,22,-0.5000000000000004,0.8660254037844384,5,1,0,900,1200.0,0,0,99.0,26.1,0.0,690
2026-08-29T22:00:00+00:00,z4,22,-0.5000000000000004,0.8660254037844384,5,1,0,300,350.0,0,0,99.0,26.1,0.0,4
2026-08-29T23:00:00+00:00,z1,23,-0.25881904510252157,0.9659258262890681,5,1,0,400,500.0,0,0,99.0,25.5,0.0,115
2026-08-29T23:00:00+00:00,z2,23,-0.25881904510252157,0.9659258262890681,5,1,0,600,450.0,0,0,99.0,25.5,0.0,70
2026-08-29T23:00:00+00:00,z3,23,-0.25881904510252157,0.9659258262890681,5,1,0,900,1200.0,0,0,99.0,25.5,0.0,104
2026-08-29T23:00:00+00:00,z4,23,-0.25881904510252157,0.9659258262890681,5,1,0,300,350.0,0,0,99.0,25.5,0.0,9
